[Architectury Transformer] Architectury Runtime 5.2.87
[Architectury Transformer DEBUG] Closed File Systems for /home/lut/Java/modding/Epic-Knights-Addon-1.20.1-crossversion/common/build/devlibs/epic-knights-addon-1.20.x-2.5-dev.jar
[Architectury Transformer DEBUG] Preparing tiny remapper prepared transformer: dev.architectury.transformer.handler.TinyRemapperPreparedTransformerHandler
[Architectury Transformer DEBUG] Provided 102 classpath jar(s):
[Architectury Transformer DEBUG]  - /home/lut/.gradle/caches/fabric-loom/1.20.1/forge/1.20.1-47.4.0/forge-client-extra.jar
[Architectury Transformer DEBUG]  - /home/lut/.gradle/caches/modules-2/files-2.1/dev.architectury/architectury-injectables/1.0.10/62db2a366d662606d1b23ad02ccc3212ed37ec3/architectury-injectables-1.0.10.jar
[Architectury Transformer DEBUG]  - /home/lut/.gradle/caches/modules-2/files-2.1/net.fabricmc/fabric-loader/0.18.4/dc4682125d5db647d6ce80a98b98945835adcd4b/fabric-loader-0.18.4.jar
[Architectury Transformer DEBUG]  - /home/lut/.gradle/caches/modules-2/files-2.1/org.jetbrains/annotations/24.0.1/13c5c75c4206580aa4d683bffee658caae6c9f43/annotations-24.0.1.jar
[Architectury Transformer DEBUG]  - /home/lut/.gradle/caches/modules-2/files-2.1/com.google.code.findbugs/jsr305/3.0.2/25ea2e8b0c338a877313bd4672d3fe056ea78f0d/jsr305-3.0.2.jar
[Architectury Transformer DEBUG]  - /home/lut/.gradle/caches/modules-2/files-2.1/net.minecraftforge/fmlearlydisplay/1.20.1-47.4.0/5a0c2d1a65a422bd0e64548e58b70f4d011ef788/fmlearlydisplay-1.20.1-47.4.0.jar
[Architectury Transformer DEBUG]  - /home/lut/.gradle/caches/modules-2/files-2.1/net.minecraftforge/javafmllanguage/1.20.1-47.4.0/f0c0b352173d0a378cbdcec9cfc4ba65899a721/javafmllanguage-1.20.1-47.4.0.jar
[Architectury Transformer DEBUG]  - /home/lut/.gradle/caches/modules-2/files-2.1/net.minecraftforge/lowcodelanguage/1.20.1-47.4.0/e862740d8c84d08dbfedea412bef88fe42e727c5/lowcodelanguage-1.20.1-47.4.0.jar
[Architectury Transformer DEBUG]  - /home/lut/.gradle/caches/modules-2/files-2.1/net.minecraftforge/mclanguage/1.20.1-47.4.0/5719b3a297a33f877ed5dde4cb4bd75c859096af/mclanguage-1.20.1-47.4.0.jar
[Architectury Transformer DEBUG]  - /home/lut/.gradle/caches/modules-2/files-2.1/net.minecraftforge/fmlcore/1.20.1-47.4.0/235975dafa4309945b59c56b53f31dc5b65a6051/fmlcore-1.20.1-47.4.0.jar
[Architectury Transformer DEBUG]  - /home/lut/.gradle/caches/fabric-loom/forge/transformed-dependencies-v1/net/minecraftforge/f659d69560698f141d27e9fb9a9c7a16ae1c82ab808094344161e9f1654dd3bc/fmlloader/1.20.1-47.4.0/fmlloader-1.20.1-47.4.0.jar
[Architectury Transformer DEBUG]  - /home/lut/.gradle/caches/modules-2/files-2.1/net.minecraftforge/forgespi/7.0.1/3b4972a0cdb135853dba219be61a79b22cff1309/forgespi-7.0.1.jar
[Architectury Transformer DEBUG]  - /home/lut/.gradle/caches/modules-2/files-2.1/net.minecraftforge/accesstransformers/8.0.4/272d240aa73f42195b2a68e2ebd8b701ecf41f63/accesstransformers-8.0.4.jar
[Architectury Transformer DEBUG]  - /home/lut/.gradle/caches/modules-2/files-2.1/net.minecraftforge/eventbus/6.0.5/699143dd438431d06b57416944f7cedbe52e1475/eventbus-6.0.5.jar
[Architectury Transformer DEBUG]  - /home/lut/.gradle/caches/modules-2/files-2.1/cpw.mods/modlauncher/10.0.9/6d9443f56f50bb85cea383686ff9c867391458b/modlauncher-10.0.9.jar
[Architectury Transformer DEBUG]  - /home/lut/.gradle/caches/modules-2/files-2.1/cpw.mods/bootstraplauncher/1.1.2/c546e00443d8432cda6baa1c860346980742628/bootstraplauncher-1.1.2.jar
[Architectury Transformer DEBUG]  - /home/lut/.gradle/caches/modules-2/files-2.1/cpw.mods/securejarhandler/2.1.10/51e6a22c6c716beb11e244bf5b8be480f51dd6b5/securejarhandler-2.1.10.jar
[Architectury Transformer DEBUG]  - /home/lut/.gradle/caches/modules-2/files-2.1/net.minecraftforge/coremods/5.2.4/e30bab269d896613e38396274711410b3a0e4b87/coremods-5.2.4.jar
[Architectury Transformer DEBUG]  - /home/lut/.gradle/caches/modules-2/files-2.1/org.openjdk.nashorn/nashorn-core/15.4/f67f5ffaa5f5130cf6fb9b133da00c7df3b532a5/nashorn-core-15.4.jar
[Architectury Transformer DEBUG]  - /home/lut/.gradle/caches/modules-2/files-2.1/org.ow2.asm/asm-commons/9.7.1/406c6a2225cfe1819f102a161e54cc16a5c24f75/asm-commons-9.7.1.jar
[Architectury Transformer DEBUG]  - /home/lut/.gradle/caches/modules-2/files-2.1/net.minecraftforge/mergetool/1.1.5/f3da18e12c696d35a47c82cbb2cc8b5aa15e1154/mergetool-1.1.5-api.jar
[Architectury Transformer DEBUG]  - /home/lut/.gradle/caches/modules-2/files-2.1/org.ow2.asm/asm-util/9.7.1/9e23359b598ec6b74b23e53110dd5c577adf2243/asm-util-9.7.1.jar
[Architectury Transformer DEBUG]  - /home/lut/.gradle/caches/modules-2/files-2.1/org.ow2.asm/asm-analysis/9.7.1/f97a3b319f0ed6a8cd944dc79060d3912a28985f/asm-analysis-9.7.1.jar
[Architectury Transformer DEBUG]  - /home/lut/.gradle/caches/modules-2/files-2.1/org.ow2.asm/asm-tree/9.7.1/3a53139787663b139de76b627fca0084ab60d32c/asm-tree-9.7.1.jar
[Architectury Transformer DEBUG]  - /home/lut/.gradle/caches/modules-2/files-2.1/org.ow2.asm/asm/9.7.1/f0ed132a49244b042cd0e15702ab9f2ce3cc8436/asm-9.7.1.jar
[Architectury Transformer DEBUG]  - /home/lut/.gradle/caches/modules-2/files-2.1/org.antlr/antlr4/4.9.1/e92af8ab33e428461927b484e90bb155a4f3a052/antlr4-4.9.1.jar
[Architectury Transformer DEBUG]  - /home/lut/.gradle/caches/modules-2/files-2.1/org.antlr/antlr4-runtime/4.9.1/428664f05d2b7f7b7610204b5aa7c1763f62011a/antlr4-runtime-4.9.1.jar
[Architectury Transformer DEBUG]  - /home/lut/.gradle/caches/modules-2/files-2.1/net.minecraftforge/unsafe/0.2.0/54d7a0a5e8fdb71b973025caa46f341ae5904f39/unsafe-0.2.0.jar
[Architectury Transformer DEBUG]  - /home/lut/.gradle/caches/modules-2/files-2.1/com.electronwill.night-config/toml/3.6.4/51d6cefb2b55ee55ee26b16391212fb2c7dfb4f4/toml-3.6.4.jar
[Architectury Transformer DEBUG]  - /home/lut/.gradle/caches/modules-2/files-2.1/com.electronwill.night-config/core/3.6.4/510f174abbf1c947494db50ef2445683bd52c230/core-3.6.4.jar
[Architectury Transformer DEBUG]  - /home/lut/.gradle/caches/modules-2/files-2.1/net.minecraftforge/JarJarSelector/0.3.19/376cc9c8ea60720cf027c01fc033de915699801c/JarJarSelector-0.3.19.jar
[Architectury Transformer DEBUG]  - /home/lut/.gradle/caches/modules-2/files-2.1/net.minecraftforge/JarJarMetadata/0.3.19/83feaa9b770e6ac0e96ee4fc23fa89325c5fe2/JarJarMetadata-0.3.19.jar
[Architectury Transformer DEBUG]  - /home/lut/.gradle/caches/modules-2/files-2.1/org.apache.maven/maven-artifact/3.8.5/4433f50c07debefaed0553bd0068f4f48d449313/maven-artifact-3.8.5.jar
[Architectury Transformer DEBUG]  - /home/lut/.gradle/caches/modules-2/files-2.1/net.jodah/typetools/0.6.3/a01aaa6ddaea9ec07ec4f209487b7a46a526283a/typetools-0.6.3.jar
[Architectury Transformer DEBUG]  - /home/lut/.gradle/caches/modules-2/files-2.1/net.minecrell/terminalconsoleappender/1.2.0/96d02cd3b384ff015a8fef4223bcb4ccf1717c95/terminalconsoleappender-1.2.0.jar
[Architectury Transformer DEBUG]  - /home/lut/.gradle/caches/modules-2/files-2.1/org.jline/jline-reader/3.12.1/4382ab1382c7b6f379377ed5f665dc2f6e1218bc/jline-reader-3.12.1.jar
[Architectury Transformer DEBUG]  - /home/lut/.gradle/caches/modules-2/files-2.1/org.jline/jline-terminal/3.12.1/c777448314e050d980a6b697c140f3bfe9eb7416/jline-terminal-3.12.1.jar
[Architectury Transformer DEBUG]  - /home/lut/.gradle/caches/modules-2/files-2.1/dev.architectury/mixin-patched/0.8.5.12/cf1f787f58d3b08b0cb53ecbba7928c09a1893c8/mixin-patched-0.8.5.12.jar
[Architectury Transformer DEBUG]  - /home/lut/.gradle/caches/modules-2/files-2.1/net.minecraftforge/JarJarFileSystems/0.3.19/2464eb7d6b9ddb9db36a82cf8a95193e5c6fe020/JarJarFileSystems-0.3.19.jar
[Architectury Transformer DEBUG]  - /home/lut/.gradle/caches/modules-2/files-2.1/net.sf.jopt-simple/jopt-simple/5.0.4/4fdac2fbe92dfad86aa6e9301736f6b4342a3f5c/jopt-simple-5.0.4.jar
[Architectury Transformer DEBUG]  - /home/lut/.gradle/caches/modules-2/files-2.1/com.mojang/logging/1.1.1/832b8e6674a9b325a5175a3a6267dfaf34c85139/logging-1.1.1.jar
[Architectury Transformer DEBUG]  - /home/lut/.gradle/caches/modules-2/files-2.1/org.apache.logging.log4j/log4j-core/2.19.0/3b6eeb4de4c49c0fe38a4ee27188ff5fee44d0bb/log4j-core-2.19.0.jar
[Architectury Transformer DEBUG]  - /home/lut/.gradle/caches/modules-2/files-2.1/org.apache.logging.log4j/log4j-slf4j2-impl/2.19.0/5c04bfdd63ce9dceb2e284b81e96b6a70010ee10/log4j-slf4j2-impl-2.19.0.jar
[Architectury Transformer DEBUG]  - /home/lut/.gradle/caches/modules-2/files-2.1/io.github.juuxel/unprotect/1.2.0/49cc229a0469f28fae41593a9537743ac6a951dc/unprotect-1.2.0.jar
[Architectury Transformer DEBUG]  - /home/lut/.gradle/caches/modules-2/files-2.1/org.apache.logging.log4j/log4j-api/2.19.0/ea1b37f38c327596b216542bc636cfdc0b8036fa/log4j-api-2.19.0.jar
[Architectury Transformer DEBUG]  - /home/lut/.gradle/caches/modules-2/files-2.1/net.minecraftforge/srgutils/0.4.11/fbad1341ffdb47d276bbdc40ecb06da49e053e74/srgutils-0.4.11.jar
[Architectury Transformer DEBUG]  - /home/lut/.gradle/caches/modules-2/files-2.1/org.codehaus.plexus/plexus-utils/3.3.0/cf43b5391de623b36fe066a21127baef82c64022/plexus-utils-3.3.0.jar
[Architectury Transformer DEBUG]  - /home/lut/.gradle/caches/modules-2/files-2.1/org.apache.commons/commons-lang3/3.12.0/c6842c86792ff03b9f1d1fe2aab8dc23aa6c6f0e/commons-lang3-3.12.0.jar
[Architectury Transformer DEBUG]  - /home/lut/.gradle/caches/modules-2/files-2.1/com.google.code.gson/gson/2.10/dd9b193aef96e973d5a11ab13cd17430c2e4306b/gson-2.10.jar
[Architectury Transformer DEBUG]  - /home/lut/.gradle/caches/modules-2/files-2.1/com.google.guava/guava/31.1-jre/60458f877d055d0c9114d9e1a2efb737b4bc282c/guava-31.1-jre.jar
[Architectury Transformer DEBUG]  - /home/lut/.gradle/caches/modules-2/files-2.1/com.machinezoo.noexception/noexception/1.7.1/b65330c98e38a1f915fa54a6e5eca496505e3f0a/noexception-1.7.1.jar
[Architectury Transformer DEBUG]  - /home/lut/.gradle/caches/modules-2/files-2.1/org.slf4j/slf4j-simple/1.7.30/e606eac955f55ecf1d8edcccba04eb8ac98088dd/slf4j-simple-1.7.30.jar
[Architectury Transformer DEBUG]  - /home/lut/.gradle/caches/modules-2/files-2.1/org.slf4j/slf4j-api/2.0.1/f48d81adce2abf5ad3cfe463df517952749e03bc/slf4j-api-2.0.1.jar
[Architectury Transformer DEBUG]  - /home/lut/.gradle/caches/modules-2/files-2.1/commons-io/commons-io/2.11.0/a2503f302b11ebde7ebc3df41daebe0e4eea3689/commons-io-2.11.0.jar
[Architectury Transformer DEBUG]  - /home/lut/.gradle/caches/modules-2/files-2.1/org.lwjgl/lwjgl-glfw/3.3.1/cbac1b8d30cb4795149c1ef540f912671a8616d0/lwjgl-glfw-3.3.1.jar
[Architectury Transformer DEBUG]  - /home/lut/.gradle/caches/modules-2/files-2.1/org.lwjgl/lwjgl-opengl/3.3.1/831a5533a21a5f4f81bbc51bb13e9899319b5411/lwjgl-opengl-3.3.1.jar
[Architectury Transformer DEBUG]  - /home/lut/.gradle/caches/modules-2/files-2.1/org.lwjgl/lwjgl-stb/3.3.1/b119297cf8ed01f247abe8685857f8e7fcf5980f/lwjgl-stb-3.3.1.jar
[Architectury Transformer DEBUG]  - /home/lut/.gradle/caches/modules-2/files-2.1/org.lwjgl/lwjgl-tinyfd/3.3.1/ff1914111ef2e3e0110ef2dabc8d8cdaad82347/lwjgl-tinyfd-3.3.1.jar
[Architectury Transformer DEBUG]  - /home/lut/.gradle/caches/modules-2/files-2.1/org.lwjgl/lwjgl/3.3.1/ae58664f88e18a9bb2c77b063833ca7aaec484cb/lwjgl-3.3.1.jar
[Architectury Transformer DEBUG]  - /home/lut/.gradle/caches/modules-2/files-2.1/org.antlr/ST4/4.3/92f2c1ad8d84abcbeead6cf7f2c53a04166293c2/ST4-4.3.jar
[Architectury Transformer DEBUG]  - /home/lut/.gradle/caches/modules-2/files-2.1/org.antlr/antlr-runtime/3.5.2/cd9cd41361c155f3af0f653009dcecb08d8b4afd/antlr-runtime-3.5.2.jar
[Architectury Transformer DEBUG]  - /home/lut/.gradle/caches/modules-2/files-2.1/org.abego.treelayout/org.abego.treelayout.core/1.0.3/457216e8e6578099ae63667bb1e4439235892028/org.abego.treelayout.core-1.0.3.jar
[Architectury Transformer DEBUG]  - /home/lut/.gradle/caches/modules-2/files-2.1/org.glassfish/javax.json/1.0.4/3178f73569fd7a1e5ffc464e680f7a8cc784b85a/javax.json-1.0.4.jar
[Architectury Transformer DEBUG]  - /home/lut/.gradle/caches/modules-2/files-2.1/com.ibm.icu/icu4j/71.1/9e7d3304c23f9ba5cb71915f7cce23231a57a445/icu4j-71.1.jar
[Architectury Transformer DEBUG]  - /home/lut/.gradle/caches/modules-2/files-2.1/com.google.guava/failureaccess/1.0.1/1dcf1de382a0bf95a3d8b0849546c88bac1292c9/failureaccess-1.0.1.jar
[Architectury Transformer DEBUG]  - /home/lut/.gradle/caches/modules-2/files-2.1/com.google.guava/listenablefuture/9999.0-empty-to-avoid-conflict-with-guava/b421526c5f297295adef1c886e5246c39d4ac629/listenablefuture-9999.0-empty-to-avoid-conflict-with-guava.jar
[Architectury Transformer DEBUG]  - /home/lut/.gradle/caches/modules-2/files-2.1/org.checkerframework/checker-qual/3.12.0/d5692f0526415fcc6de94bb5bfbd3afd9dd3b3e5/checker-qual-3.12.0.jar
[Architectury Transformer DEBUG]  - /home/lut/.gradle/caches/modules-2/files-2.1/com.google.errorprone/error_prone_annotations/2.11.0/c5a0ace696d3f8b1c1d8cc036d8c03cc0cbe6b69/error_prone_annotations-2.11.0.jar
[Architectury Transformer DEBUG]  - /home/lut/.gradle/caches/modules-2/files-2.1/com.google.j2objc/j2objc-annotations/1.3/ba035118bc8bac37d7eff77700720999acd9986d/j2objc-annotations-1.3.jar
[Architectury Transformer DEBUG]  - /home/lut/.gradle/caches/modules-2/files-2.1/dev.architectury/architectury-loom-runtime/1.1.8/bf2a4a84e0479a0ab3bb8bfbd906c3737ceb1207/architectury-loom-runtime-1.1.8.jar
[Architectury Transformer DEBUG]  - /home/lut/.gradle/caches/modules-2/files-2.1/maven.modrinth/epic-knights-shields-armor-and-weapons/10.4-forge/e80574797610b4d9dad1949340df41c16622600a/epic-knights-shields-armor-and-weapons-10.4-forge.jar
[Architectury Transformer DEBUG]  - /home/lut/.gradle/caches/modules-2/files-2.1/com.github.oshi/oshi-core/6.2.2/54f5efc19bca95d709d9a37d19ffcbba3d21c1a6/oshi-core-6.2.2.jar
[Architectury Transformer DEBUG]  - /home/lut/.gradle/caches/modules-2/files-2.1/com.mojang/authlib/4.0.43/2ff9d747a77570a07a60d32ac77eb6162ad2a2d9/authlib-4.0.43.jar
[Architectury Transformer DEBUG]  - /home/lut/.gradle/caches/modules-2/files-2.1/com.mojang/blocklist/1.0.10/5c685c5ffa94c4cd39496c7184c1d122e515ecef/blocklist-1.0.10.jar
[Architectury Transformer DEBUG]  - /home/lut/.gradle/caches/modules-2/files-2.1/com.mojang/brigadier/1.1.8/5244ce82c3337bba4a196a3ce858bfaecc74404a/brigadier-1.1.8.jar
[Architectury Transformer DEBUG]  - /home/lut/.gradle/caches/modules-2/files-2.1/com.mojang/datafixerupper/6.0.8/3ba4a30557a9b057760af4011f909ba619fc5125/datafixerupper-6.0.8.jar
[Architectury Transformer DEBUG]  - /home/lut/.gradle/caches/modules-2/files-2.1/com.mojang/patchy/2.2.10/da05971b07cbb379d002cf7eaec6a2048211fefc/patchy-2.2.10.jar
[Architectury Transformer DEBUG]  - /home/lut/.gradle/caches/modules-2/files-2.1/com.mojang/text2speech/1.17.9/3cad216e3a7f0c19b4b394388bc9ffc446f13b14/text2speech-1.17.9.jar
[Architectury Transformer DEBUG]  - /home/lut/.gradle/caches/modules-2/files-2.1/commons-codec/commons-codec/1.15/49d94806b6e3dc933dacbd8acb0fdbab8ebd1e5d/commons-codec-1.15.jar
[Architectury Transformer DEBUG]  - /home/lut/.gradle/caches/modules-2/files-2.1/commons-logging/commons-logging/1.2/4bfc12adfe4842bf07b657f0369c4cb522955686/commons-logging-1.2.jar
[Architectury Transformer DEBUG]  - /home/lut/.gradle/caches/modules-2/files-2.1/io.netty/netty-buffer/4.1.82.Final/a544270cf1ae8b8077082f5036436a9a9971ea71/netty-buffer-4.1.82.Final.jar
[Architectury Transformer DEBUG]  - /home/lut/.gradle/caches/modules-2/files-2.1/io.netty/netty-codec/4.1.82.Final/b77200379acb345a9ffdece1c605e591ac3e4e0a/netty-codec-4.1.82.Final.jar
[Architectury Transformer DEBUG]  - /home/lut/.gradle/caches/modules-2/files-2.1/io.netty/netty-common/4.1.82.Final/22d148e85c3f5ebdacc0ce1f5aabb1d420f73f3/netty-common-4.1.82.Final.jar
[Architectury Transformer DEBUG]  - /home/lut/.gradle/caches/modules-2/files-2.1/io.netty/netty-handler/4.1.82.Final/644041d1fa96a5d3130a29e8978630d716d76e38/netty-handler-4.1.82.Final.jar
[Architectury Transformer DEBUG]  - /home/lut/.gradle/caches/modules-2/files-2.1/io.netty/netty-resolver/4.1.82.Final/38f665ae8dcd29032eea31245ba7806bed2e0fa8/netty-resolver-4.1.82.Final.jar
[Architectury Transformer DEBUG]  - /home/lut/.gradle/caches/modules-2/files-2.1/io.netty/netty-transport-classes-epoll/4.1.82.Final/e7c7dd18deac93105797f30057c912651ea76521/netty-transport-classes-epoll-4.1.82.Final.jar
[Architectury Transformer DEBUG]  - /home/lut/.gradle/caches/modules-2/files-2.1/io.netty/netty-transport-native-epoll/4.1.82.Final/476409d6255001ca53a55f65b01c13822f8dc93a/netty-transport-native-epoll-4.1.82.Final-linux-aarch_64.jar
[Architectury Transformer DEBUG]  - /home/lut/.gradle/caches/modules-2/files-2.1/io.netty/netty-transport-native-epoll/4.1.82.Final/c7350a71920f3ae9142945e25fed4846cce53374/netty-transport-native-epoll-4.1.82.Final-linux-x86_64.jar
[Architectury Transformer DEBUG]  - /home/lut/.gradle/caches/modules-2/files-2.1/io.netty/netty-transport-native-unix-common/4.1.82.Final/3e895b35ca1b8a0eca56cacff4c2dde5d2c6abce/netty-transport-native-unix-common-4.1.82.Final.jar
[Architectury Transformer DEBUG]  - /home/lut/.gradle/caches/modules-2/files-2.1/io.netty/netty-transport/4.1.82.Final/e431a218d91acb6476ccad5f5aafde50aa3945ca/netty-transport-4.1.82.Final.jar
[Architectury Transformer DEBUG]  - /home/lut/.gradle/caches/modules-2/files-2.1/it.unimi.dsi/fastutil/8.5.9/bb7ea75ecdb216654237830b3a96d87ad91f8cc5/fastutil-8.5.9.jar
[Architectury Transformer DEBUG]  - /home/lut/.gradle/caches/modules-2/files-2.1/net.java.dev.jna/jna-platform/5.12.1/97406a297c852f4a41e688a176ec675f72e8329/jna-platform-5.12.1.jar
[Architectury Transformer DEBUG]  - /home/lut/.gradle/caches/modules-2/files-2.1/net.java.dev.jna/jna/5.12.1/b1e93a735caea94f503e95e6fe79bf9cdc1e985d/jna-5.12.1.jar
[Architectury Transformer DEBUG]  - /home/lut/.gradle/caches/modules-2/files-2.1/org.apache.commons/commons-compress/1.21/4ec95b60d4e86b5c95a0e919cb172a0af98011ef/commons-compress-1.21.jar
[Architectury Transformer DEBUG]  - /home/lut/.gradle/caches/modules-2/files-2.1/org.apache.httpcomponents/httpclient/4.5.13/e5f6cae5ca7ecaac1ec2827a9e2d65ae2869cada/httpclient-4.5.13.jar
[Architectury Transformer DEBUG]  - /home/lut/.gradle/caches/modules-2/files-2.1/org.apache.httpcomponents/httpcore/4.4.15/7f2e0c573eaa7a74bac2e89b359e1f73d92a0a1d/httpcore-4.4.15.jar
[Architectury Transformer DEBUG]  - /home/lut/.gradle/caches/modules-2/files-2.1/org.joml/joml/1.10.5/22566d58af70ad3d72308bab63b8339906deb649/joml-1.10.5.jar
[Architectury Transformer DEBUG]  - /home/lut/.gradle/caches/modules-2/files-2.1/org.lwjgl/lwjgl-jemalloc/3.3.1/a817bcf213db49f710603677457567c37d53e103/lwjgl-jemalloc-3.3.1.jar
[Architectury Transformer DEBUG]  - /home/lut/.gradle/caches/modules-2/files-2.1/org.lwjgl/lwjgl-openal/3.3.1/2623a6b8ae1dfcd880738656a9f0243d2e6840bd/lwjgl-openal-3.3.1.jar
[Architectury Transformer DEBUG]  - /home/lut/.gradle/caches/fabric-loom/minecraftMaven/net/minecraft/forge-1.20.1-47.4.0-minecraft-merged/1.20.1-loom.mappings.1_20_1.layered+hash.40359-v2-forge-1.20.1-47.4.0/forge-1.20.1-47.4.0-minecraft-merged-1.20.1-loom.mappings.1_20_1.layered+hash.40359-v2-forge-1.20.1-47.4.0.jar
[Architectury Transformer DEBUG]  - /home/lut/Java/modding/Epic-Knights-Addon-1.20.1-crossversion/.gradle/loom-cache/remapped_mods/loom_mappings_1_20_1_layered_hash_40359_v2_forge_1_20_1_47_4_0_forge/dev/architectury/architectury-forge/9.0.8/architectury-forge-9.0.8.jar
[Architectury Transformer DEBUG]  - /home/lut/Java/modding/Epic-Knights-Addon-1.20.1-crossversion/.gradle/loom-cache/remapped_mods/loom_mappings_1_20_1_layered_hash_40359_v2_forge_1_20_1_47_4_0_forge/me/shedaniel/cloth/cloth-config-forge/11.0.99/cloth-config-forge-11.0.99.jar
[Architectury Transformer] Read classpath in 970.1 ms
[Architectury Transformer DEBUG] Closed File Systems for /home/lut/Java/modding/Epic-Knights-Addon-1.20.1-crossversion/common/build/devlibs/epic-knights-addon-1.20.x-2.5-dev.jar
[Architectury Transformer DEBUG] Transforming 8 transformer(s) from /home/lut/Java/modding/Epic-Knights-Addon-1.20.1-crossversion/common/build/devlibs/epic-knights-addon-1.20.x-2.5-dev.jar to /tmp/16425690324786823660.jar: 
[Architectury Transformer DEBUG]  - dev.architectury.transformer.transformers.RuntimeMixinRefmapDetector@30e6a763
[Architectury Transformer DEBUG]  - dev.architectury.transformer.transformers.TransformExpectPlatform@4c48fe92
[Architectury Transformer DEBUG]  - dev.architectury.transformer.transformers.RemapInjectables@732c9b5c
[Architectury Transformer DEBUG]  - dev.architectury.transformer.transformers.TransformPlatformOnly@38320e34
[Architectury Transformer DEBUG]  - dev.architectury.transformer.transformers.TransformForgeAnnotations@3d6a6bee
[Architectury Transformer DEBUG]  - dev.architectury.transformer.transformers.TransformForgeEnvironment@36ddaebf
[Architectury Transformer DEBUG]  - dev.architectury.transformer.transformers.GenerateFakeForgeMod@213c3543
[Architectury Transformer DEBUG]  - dev.architectury.transformer.transformers.FixForgeMixin@9d7ccfe
[Architectury Transformer DEBUG] Transforming from /home/lut/Java/modding/Epic-Knights-Addon-1.20.1-crossversion/common/build/devlibs/epic-knights-addon-1.20.x-2.5-dev.jar to /tmp/16425690324786823660.jar with 8 transformer(s) on dev.architectury.transformer.handler.SimpleTransformerHandler
[Architectury Transformer DEBUG] Remapping with 1 mapping provider(s):
[Architectury Transformer DEBUG]  - dev.architectury.transformer.transformers.TransformForgeEnvironment$$Lambda$138/0x00007ff94408d838@b0e5507
[Architectury Transformer DEBUG] Remapping Classes:
[Architectury Transformer DEBUG] net/fabricmc/api/EnvType -> net/minecraftforge/api/distmarker/Dist
[Architectury Transformer DEBUG] net/fabricmc/api/Environment -> net/minecraftforge/api/distmarker/OnlyIn
[Architectury Transformer DEBUG] Found class transformer
[Architectury Transformer DEBUG] Writing com/magistuarmory/addon/EpicKnightsAddon with maxs=true frames=true
[Architectury Transformer DEBUG] Writing com/magistuarmory/addon/item/AddonItems with maxs=true frames=true
[Architectury Transformer DEBUG] Writing com/magistuarmory/addon/item/AddonWeaponTypes with maxs=true frames=true
[Architectury Transformer DEBUG] Writing com/magistuarmory/addon/item/AddonShieldTypes with maxs=true frames=true
[Architectury Transformer DEBUG] Writing com/magistuarmory/addon/item/armor/AddonArmorTypes with maxs=true frames=true
[Architectury Transformer DEBUG] Writing com/magistuarmory/addon/client/render/model/AddonModels with maxs=true frames=true
[Architectury Transformer DEBUG] Writing com/magistuarmory/addon/client/render/model/decoration/RoyalPlumeModel with maxs=true frames=true
[Architectury Transformer DEBUG] Writing com/magistuarmory/addon/client/render/model/decoration/HelmetRondelModel with maxs=true frames=true
[Architectury Transformer DEBUG] Writing com/magistuarmory/addon/client/render/model/decoration/CodpieceModel with maxs=true frames=true
[Architectury Transformer DEBUG] Writing com/magistuarmory/addon/client/render/model/decoration/MustacheModel with maxs=true frames=true
[Architectury Transformer DEBUG] Writing com/magistuarmory/addon/client/render/model/decoration/LandsknechtFeathersModel with maxs=true frames=true
[Architectury Transformer DEBUG] Writing com/magistuarmory/addon/client/render/model/decoration/HangingClothModel with maxs=true frames=true
[Architectury Transformer DEBUG] Writing com/magistuarmory/addon/client/render/model/decoration/PinceNezModel with maxs=true frames=true
[Architectury Transformer DEBUG] Writing com/magistuarmory/addon/client/render/model/decoration/UnderarmorTunicModel with maxs=true frames=true
[Architectury Transformer DEBUG] Writing com/magistuarmory/addon/client/render/model/decoration/GorgetModel with maxs=true frames=true
[Architectury Transformer DEBUG] Writing com/magistuarmory/addon/client/render/model/decoration/NecklaceModel with maxs=true frames=true
[Architectury Transformer DEBUG] Writing com/magistuarmory/addon/client/render/model/decoration/SkirtModel with maxs=true frames=true
[Architectury Transformer DEBUG] Writing com/magistuarmory/addon/client/render/model/decoration/GooseModel with maxs=true frames=true
[Architectury Transformer DEBUG] Writing com/magistuarmory/addon/client/render/model/decoration/GlovesModel with maxs=true frames=true
[Architectury Transformer DEBUG] Writing com/magistuarmory/addon/client/render/model/decoration/PuffAndSlashRobeModel with maxs=true frames=true
[Architectury Transformer DEBUG] Writing com/magistuarmory/addon/client/render/model/decoration/LandsknechtHatModel with maxs=true frames=true
[Architectury Transformer DEBUG] Writing com/magistuarmory/addon/client/render/model/decoration/HorseTailDecorationModel with maxs=true frames=true
[Architectury Transformer DEBUG] Writing com/magistuarmory/addon/client/render/model/decoration/HeavyShoulderPadModel with maxs=true frames=true
[Architectury Transformer DEBUG] Writing com/magistuarmory/addon/client/render/model/decoration/ArticulatedPauldronsModel with maxs=true frames=true
[Architectury Transformer DEBUG] Writing com/magistuarmory/addon/client/render/model/decoration/ShoulderPadsModel with maxs=true frames=true
[Architectury Transformer DEBUG] Writing com/magistuarmory/addon/client/render/model/decoration/HoodModel with maxs=true frames=true
[Architectury Transformer DEBUG] Writing com/magistuarmory/addon/client/render/model/decoration/RamHornsModel with maxs=true frames=true
[Architectury Transformer DEBUG] Writing com/magistuarmory/addon/client/render/model/decoration/MedievalCloakModel with maxs=true frames=true
[Architectury Transformer DEBUG] Writing com/magistuarmory/addon/client/render/model/decoration/PuffAndSlashSleevesModel with maxs=true frames=true
[Architectury Transformer DEBUG] Writing com/magistuarmory/addon/client/render/model/decoration/PlackartModel with maxs=true frames=true
[Architectury Transformer DEBUG] Writing com/magistuarmory/addon/client/render/model/decoration/GiorneaModel with maxs=true frames=true
[Architectury Transformer DEBUG] Writing com/magistuarmory/addon/client/render/model/decoration/FrontalFeatherModel with maxs=true frames=true
[Architectury Transformer DEBUG] Writing com/magistuarmory/addon/client/render/model/armor/MilaneseArmetModel with maxs=true frames=true
[Architectury Transformer DEBUG] Writing com/magistuarmory/addon/client/render/model/armor/ParadeBurgonetModel with maxs=true frames=true
[Architectury Transformer DEBUG] Writing com/magistuarmory/addon/client/render/model/armor/CondottieroCapModel with maxs=true frames=true
[Architectury Transformer DEBUG] Writing com/magistuarmory/addon/client/render/model/armor/GreathelmModel with maxs=true frames=true
[Architectury Transformer DEBUG] Writing com/magistuarmory/addon/client/render/model/armor/MaximilianBurgonetModel with maxs=true frames=true
[Architectury Transformer DEBUG] Writing com/magistuarmory/addon/client/render/model/armor/CloseHelmetModel with maxs=true frames=true
[Architectury Transformer DEBUG] Writing com/magistuarmory/addon/client/render/model/armor/FoxGrotesqueMaximilianHelmetModel with maxs=true frames=true
[Architectury Transformer DEBUG] Writing com/magistuarmory/addon/client/render/model/armor/PuffAndSlashModel with maxs=true frames=true
[Architectury Transformer DEBUG] Writing com/magistuarmory/addon/client/render/model/armor/SturmhaubeModel with maxs=true frames=true
[Architectury Transformer DEBUG] Writing com/magistuarmory/addon/client/render/model/armor/OpenedSalletModel with maxs=true frames=true
[Architectury Transformer DEBUG] Writing com/magistuarmory/addon/client/render/model/armor/LateSalletModel with maxs=true frames=true
[Architectury Transformer DEBUG] Writing com/magistuarmory/addon/client/render/model/armor/ExquisiteArmetModel with maxs=true frames=true
[Architectury Transformer DEBUG] Writing com/magistuarmory/addon/client/render/model/armor/BellowsMaximilianHelmetModel with maxs=true frames=true
[Architectury Transformer DEBUG] Writing com/magistuarmory/addon/client/render/model/armor/PuffAndSlashTiltedHatModel with maxs=true frames=true
[Architectury Transformer DEBUG] Writing com/magistuarmory/addon/client/render/model/armor/ClosedBurgonetModel with maxs=true frames=true
[Architectury Transformer DEBUG] Writing com/magistuarmory/addon/client/render/model/armor/BurgundianKettlehatModel with maxs=true frames=true
[Architectury Transformer DEBUG] Writing com/magistuarmory/addon/client/render/model/armor/CumanHelmetModel with maxs=true frames=true
[Architectury Transformer DEBUG] Writing com/magistuarmory/addon/client/render/model/armor/GreenwichArmetModel with maxs=true frames=true
[Architectury Transformer DEBUG] Writing com/magistuarmory/addon/client/render/model/armor/NecklaceArmorModel with maxs=true frames=true
[Architectury Transformer DEBUG] Writing com/magistuarmory/addon/client/render/model/armor/UnderarmorModel with maxs=true frames=true
[Architectury Transformer DEBUG] Writing com/magistuarmory/addon/client/render/model/armor/FancyHatModel with maxs=true frames=true
[Architectury Transformer DEBUG] Writing com/magistuarmory/addon/client/render/model/armor/BritishArmetModel with maxs=true frames=true
[Architectury Transformer DEBUG] Writing com/magistuarmory/addon/client/render/model/armor/SalletModel with maxs=true frames=true
[Architectury Transformer DEBUG] Writing com/magistuarmory/addon/client/render/model/armor/SalletWithoutNeckProtectionModel with maxs=true frames=true
[Architectury Transformer DEBUG] Writing com/magistuarmory/addon/client/render/model/armor/KulahKhudModel with maxs=true frames=true
[Architectury Transformer DEBUG] Writing com/magistuarmory/addon/client/render/model/armor/LateBascinetModel with maxs=true frames=true
[Architectury Transformer DEBUG] Writing com/magistuarmory/addon/client/render/model/armor/KlappvisorBascinetModel with maxs=true frames=true
[Architectury Transformer DEBUG] Writing com/magistuarmory/addon/client/render/model/armor/LionHelmetModel with maxs=true frames=true
[Architectury Transformer DEBUG] Writing com/magistuarmory/addon/client/render/model/armor/GrilledHelmetModel with maxs=true frames=true
[Architectury Transformer DEBUG] Writing com/magistuarmory/addon/client/render/model/armor/SavoyardHelmetModel with maxs=true frames=true
[Architectury Transformer DEBUG] Writing com/magistuarmory/addon/client/render/model/armor/SteelPuffAndSlashModel with maxs=true frames=true
[Architectury Transformer DEBUG] Writing com/magistuarmory/addon/client/render/model/armor/LobsterTailedHelmetModel with maxs=true frames=true
[Architectury Transformer DEBUG] Writing com/magistuarmory/addon/client/render/model/armor/EarlyCabassetModel with maxs=true frames=true
[Architectury Transformer DEBUG] Writing com/magistuarmory/addon/client/render/model/armor/LateKettlehatModel with maxs=true frames=true
[Architectury Transformer DEBUG] Writing com/magistuarmory/addon/client/render/model/armor/EarlyGreathelmModel with maxs=true frames=true
[Architectury Transformer DEBUG] Writing com/magistuarmory/addon/client/render/model/armor/FacialGrotesqueMaximilianHelmetModel with maxs=true frames=true
[Architectury Transformer DEBUG] Writing com/magistuarmory/addon/client/render/model/armor/BicoqueModel with maxs=true frames=true
[Architectury Transformer DEBUG] Writing com/magistuarmory/addon/client/render/model/armor/MorionModel with maxs=true frames=true
[Architectury Transformer DEBUG] Writing com/magistuarmory/addon/client/render/model/armor/VisoredKettlehatModel with maxs=true frames=true
[Architectury Transformer DEBUG] Writing com/magistuarmory/addon/client/render/model/armor/PatricianTuherHelmetModel with maxs=true frames=true
[Architectury Transformer DEBUG] Writing com/magistuarmory/addon/client/render/model/armor/TunicModel with maxs=true frames=true
[Architectury Transformer DEBUG] Writing com/magistuarmory/addon/client/render/model/armor/GermanBascinetModel with maxs=true frames=true
[Architectury Transformer DEBUG] Writing com/magistuarmory/addon/client/render/model/armor/CabassetModel with maxs=true frames=true
[Architectury Transformer DEBUG] Writing com/magistuarmory/addon/client/render/model/armor/SalletWithoutVisorModel with maxs=true frames=true
[Architectury Transformer DEBUG] Writing com/magistuarmory/addon/client/render/model/armor/LateBurgonetModel with maxs=true frames=true
[Architectury Transformer DEBUG] Writing com/magistuarmory/addon/client/render/model/armor/StrawHatModel with maxs=true frames=true
[Architectury Transformer DEBUG] Writing com/magistuarmory/addon/client/render/model/armor/LateGreathelmModel with maxs=true frames=true
[Architectury Transformer DEBUG] Writing com/magistuarmory/addon/client/render/model/armor/DevilishGrotesqueMaximilianHelmetModel with maxs=true frames=true
[Architectury Transformer DEBUG] Writing com/magistuarmory/addon/client/render/model/armor/ChapelModel with maxs=true frames=true
[Architectury Transformer DEBUG] Writing com/magistuarmory/addon/client/render/model/armor/SugarloafHelmetModel with maxs=true frames=true
[Architectury Transformer DEBUG] Writing com/magistuarmory/addon/client/render/model/shield/DuelingShieldModel with maxs=true frames=true
[Architectury Transformer DEBUG] Writing com/magistuarmory/addon/misc/AddonCreativeTabs with maxs=true frames=true
[Architectury Transformer DEBUG] Writing com/magistuarmory/addon/misc/AddonMerchOffers with maxs=true frames=true
[Architectury Transformer DEBUG] Writing com/magistuarmory/addon/config/ArmorConfig with maxs=true frames=true
[Architectury Transformer DEBUG] Writing com/magistuarmory/addon/config/ArmorConfig$CumanHelmetConfig with maxs=true frames=true
[Architectury Transformer DEBUG] Writing com/magistuarmory/addon/config/WeaponsConfig with maxs=true frames=true
[Architectury Transformer DEBUG] Writing com/magistuarmory/addon/config/ArmorConfig$DarkMaximilianHelmetConfig with maxs=true frames=true
[Architectury Transformer DEBUG] Writing com/magistuarmory/addon/config/ArmorConfig$FoxGrotesqueMaximilianHelmetConfig with maxs=true frames=true
[Architectury Transformer DEBUG] Writing com/magistuarmory/addon/config/WeaponsConfig$ItalianPoleaxeConfig with maxs=true frames=true
[Architectury Transformer DEBUG] Writing com/magistuarmory/addon/config/WeaponsConfig$BillhookConfig with maxs=true frames=true
[Architectury Transformer DEBUG] Writing com/magistuarmory/addon/config/ArmorConfig$FullyGildedGreenwichConfig with maxs=true frames=true
[Architectury Transformer DEBUG] Writing com/magistuarmory/addon/config/ArmorConfig$SilveredDarkHalfArmorConfig with maxs=true frames=true
[Architectury Transformer DEBUG] Writing com/magistuarmory/addon/config/ArmorConfig$GildedGreathelmConfig with maxs=true frames=true
[Architectury Transformer DEBUG] Writing com/magistuarmory/addon/config/ArmorConfig$KlappvisorBascinetConfig with maxs=true frames=true
[Architectury Transformer DEBUG] Writing com/magistuarmory/addon/config/ArmorConfig$CumanCaptainHelmetConfig with maxs=true frames=true
[Architectury Transformer DEBUG] Writing com/magistuarmory/addon/config/ArmorConfig$DarkbluedGreenwichArmetConfig with maxs=true frames=true
[Architectury Transformer DEBUG] Writing com/magistuarmory/addon/config/WeaponsConfig$WelshGuisarmeConfig with maxs=true frames=true
[Architectury Transformer DEBUG] Writing com/magistuarmory/addon/config/ArmorConfig$FullyGildedGreenwichArmetConfig with maxs=true frames=true
[Architectury Transformer DEBUG] Writing com/magistuarmory/addon/config/WeaponsConfig$CrowBeakConfig with maxs=true frames=true
[Architectury Transformer DEBUG] Writing com/magistuarmory/addon/config/WeaponsConfig$CavalrySabreConfig with maxs=true frames=true
[Architectury Transformer DEBUG] Writing com/magistuarmory/addon/config/WeaponsConfig$CutlassConfig with maxs=true frames=true
[Architectury Transformer DEBUG] Writing com/magistuarmory/addon/config/WeaponsConfig$FauchardConfig with maxs=true frames=true
[Architectury Transformer DEBUG] Writing com/magistuarmory/addon/config/ArmorConfig$SteelPuffAndSlashConfig with maxs=true frames=true
[Architectury Transformer DEBUG] Writing com/magistuarmory/addon/config/ArmorConfig$LandsknechtBlueHatConfig with maxs=true frames=true
[Architectury Transformer DEBUG] Writing com/magistuarmory/addon/config/WeaponsConfig$RoundMaceConfig with maxs=true frames=true
[Architectury Transformer DEBUG] Writing com/magistuarmory/addon/config/ArmorConfig$CloseHelmetConfig with maxs=true frames=true
[Architectury Transformer DEBUG] Writing com/magistuarmory/addon/config/WeaponsConfig$BoarSpearConfig with maxs=true frames=true
[Architectury Transformer DEBUG] Writing com/magistuarmory/addon/config/ArmorConfig$GallowglassConfig with maxs=true frames=true
[Architectury Transformer DEBUG] Writing com/magistuarmory/addon/config/WeaponsConfig$MesserSwordConfig with maxs=true frames=true
[Architectury Transformer DEBUG] Writing com/magistuarmory/addon/config/ArmorConfig$EngravedConfig with maxs=true frames=true
[Architectury Transformer DEBUG] Writing com/magistuarmory/addon/config/ArmorConfig$GildedMaximilianConfig with maxs=true frames=true
[Architectury Transformer DEBUG] Writing com/magistuarmory/addon/config/ArmorConfig$TiltedPuffAndSlashHatConfig with maxs=true frames=true
[Architectury Transformer DEBUG] Writing com/magistuarmory/addon/config/ArmorConfig$DarkGreathelmConfig with maxs=true frames=true
[Architectury Transformer DEBUG] Writing com/magistuarmory/addon/config/ArmorConfig$LateBascinetConfig with maxs=true frames=true
[Architectury Transformer DEBUG] Writing com/magistuarmory/addon/config/ArmorConfig$PatricianTuherHelmetConfig with maxs=true frames=true
[Architectury Transformer DEBUG] Writing com/magistuarmory/addon/config/ArmorConfig$OrangePuffAndSlashConfig with maxs=true frames=true
[Architectury Transformer DEBUG] Writing com/magistuarmory/addon/config/ArmorConfig$GildedGrilledHelmetConfig with maxs=true frames=true
[Architectury Transformer DEBUG] Writing com/magistuarmory/addon/config/ArmorConfig$LandsknechtRedHatConfig with maxs=true frames=true
[Architectury Transformer DEBUG] Writing com/magistuarmory/addon/config/ArmorConfig$DarkbluedKastenbrustConfig with maxs=true frames=true
[Architectury Transformer DEBUG] Writing com/magistuarmory/addon/config/ArmorConfig$LandsknechtWhiteHatConfig with maxs=true frames=true
[Architectury Transformer DEBUG] Writing com/magistuarmory/addon/config/ArmorConfig$MaximilianBurgonetConfig with maxs=true frames=true
[Architectury Transformer DEBUG] Writing com/magistuarmory/addon/config/ArmorConfig$LateBurgonetConfig with maxs=true frames=true
[Architectury Transformer DEBUG] Writing com/magistuarmory/addon/config/ArmorConfig$ClosedBurgonetConfig with maxs=true frames=true
[Architectury Transformer DEBUG] Writing com/magistuarmory/addon/config/ArmorConfig$YellowPuffAndSlashConfig with maxs=true frames=true
[Architectury Transformer DEBUG] Writing com/magistuarmory/addon/config/ArmorConfig$DarkGothicConfig with maxs=true frames=true
[Architectury Transformer DEBUG] Writing com/magistuarmory/addon/config/ArmorConfig$ProtoMaximilianConfig with maxs=true frames=true
[Architectury Transformer DEBUG] Writing com/magistuarmory/addon/config/ArmorConfig$DarkHeavyCuirassierConfig with maxs=true frames=true
[Architectury Transformer DEBUG] Writing com/magistuarmory/addon/config/ArmorConfig$SilveredDarkMaximilianConfig with maxs=true frames=true
[Architectury Transformer DEBUG] Writing com/magistuarmory/addon/config/WeaponsConfig$MaciejowskiMesserConfig with maxs=true frames=true
[Architectury Transformer DEBUG] Writing com/magistuarmory/addon/config/ArmorConfig$DarkMaximilianConfig with maxs=true frames=true
[Architectury Transformer DEBUG] Writing com/magistuarmory/addon/config/WeaponsConfig$ScimitarConfig with maxs=true frames=true
[Architectury Transformer DEBUG] Writing com/magistuarmory/addon/config/ArmorConfig$EarlyGreathelmConfig with maxs=true frames=true
[Architectury Transformer DEBUG] Writing com/magistuarmory/addon/config/ArmorConfig$CabassetConfig with maxs=true frames=true
[Architectury Transformer DEBUG] Writing com/magistuarmory/addon/config/WeaponsConfig$SwordbreakerConfig with maxs=true frames=true
[Architectury Transformer DEBUG] Writing com/magistuarmory/addon/config/ArmorConfig$DarkKastenbrustConfig with maxs=true frames=true
[Architectury Transformer DEBUG] Writing com/magistuarmory/addon/config/ArmorConfig$DarkGildedGreenwichConfig with maxs=true frames=true
[Architectury Transformer DEBUG] Writing com/magistuarmory/addon/config/WeaponsConfig$ShortSeaxConfig with maxs=true frames=true
[Architectury Transformer DEBUG] Writing com/magistuarmory/addon/config/ArmorConfig$DarkGreenwichArmetConfig with maxs=true frames=true
[Architectury Transformer DEBUG] Writing com/magistuarmory/addon/config/ArmorConfig$GreenwichArmetConfig with maxs=true frames=true
[Architectury Transformer DEBUG] Writing com/magistuarmory/addon/config/ArmorConfig$DarkBellowsMaximilianHelmetConfig with maxs=true frames=true
[Architectury Transformer DEBUG] Writing com/magistuarmory/addon/config/ArmorConfig$SaracenConfig with maxs=true frames=true
[Architectury Transformer DEBUG] Writing com/magistuarmory/addon/config/WeaponsConfig$HammerSpearConfig with maxs=true frames=true
[Architectury Transformer DEBUG] Writing com/magistuarmory/addon/config/ArmorConfig$GrilledHelmetConfig with maxs=true frames=true
[Architectury Transformer DEBUG] Writing com/magistuarmory/addon/config/ArmorConfig$MamlukHelmetConfig with maxs=true frames=true
[Architectury Transformer DEBUG] Writing com/magistuarmory/addon/config/ArmorConfig$GildedSteelPuffAndSlashConfig with maxs=true frames=true
[Architectury Transformer DEBUG] Writing com/magistuarmory/addon/config/WeaponsConfig$SwissHalberdConfig with maxs=true frames=true
[Architectury Transformer DEBUG] Writing com/magistuarmory/addon/config/WeaponsConfig$ArmingSwordTypeXvConfig with maxs=true frames=true
[Architectury Transformer DEBUG] Writing com/magistuarmory/addon/config/ArmorConfig$CeremonialKastenbrustConfig with maxs=true frames=true
[Architectury Transformer DEBUG] Writing com/magistuarmory/addon/config/ArmorConfig$LimePuffAndSlashConfig with maxs=true frames=true
[Architectury Transformer DEBUG] Writing com/magistuarmory/addon/config/ArmorConfig$LandsknechtCyanHatConfig with maxs=true frames=true
[Architectury Transformer DEBUG] Writing com/magistuarmory/addon/config/ArmorConfig$LandsknechtOrangeHatConfig with maxs=true frames=true
[Architectury Transformer DEBUG] Writing com/magistuarmory/addon/config/ArmorConfig$MirrorConfig with maxs=true frames=true
[Architectury Transformer DEBUG] Writing com/magistuarmory/addon/config/ArmorConfig$SilveredDarkBellowsMaximilianHelmetConfig with maxs=true frames=true
[Architectury Transformer DEBUG] Writing com/magistuarmory/addon/config/ArmorConfig$KulahKhudConfig with maxs=true frames=true
[Architectury Transformer DEBUG] Writing com/magistuarmory/addon/config/ArmorConfig$TunicConfig with maxs=true frames=true
[Architectury Transformer DEBUG] Writing com/magistuarmory/addon/config/WeaponsConfig$WarHammerConfig with maxs=true frames=true
[Architectury Transformer DEBUG] Writing com/magistuarmory/addon/config/ArmorConfig$GoldenNecklaceConfig with maxs=true frames=true
[Architectury Transformer DEBUG] Writing com/magistuarmory/addon/config/ArmorConfig$SilverCrossNecklaceConfig with maxs=true frames=true
[Architectury Transformer DEBUG] Writing com/magistuarmory/addon/config/ArmorConfig$LateKettlehatConfig with maxs=true frames=true
[Architectury Transformer DEBUG] Writing com/magistuarmory/addon/config/ArmorConfig$CervelliereConfig with maxs=true frames=true
[Architectury Transformer DEBUG] Writing com/magistuarmory/addon/config/ArmorConfig$LionHelmetConfig with maxs=true frames=true
[Architectury Transformer DEBUG] Writing com/magistuarmory/addon/config/ArmorConfig$HeavyBrigandineConfig with maxs=true frames=true
[Architectury Transformer DEBUG] Writing com/magistuarmory/addon/config/ArmorConfig$FullyGildedKnightConfig with maxs=true frames=true
[Architectury Transformer DEBUG] Writing com/magistuarmory/addon/config/WeaponsConfig$BarMaceConfig with maxs=true frames=true
[Architectury Transformer DEBUG] Writing com/magistuarmory/addon/config/WeaponsConfig$MilitaryForkConfig with maxs=true frames=true
[Architectury Transformer DEBUG] Writing com/magistuarmory/addon/config/ArmorConfig$BrownPuffAndSlashConfig with maxs=true frames=true
[Architectury Transformer DEBUG] Writing com/magistuarmory/addon/config/ArmorConfig$ChainedGambesonConfig with maxs=true frames=true
[Architectury Transformer DEBUG] Writing com/magistuarmory/addon/config/ArmorConfig$GermanBascinetConfig with maxs=true frames=true
[Architectury Transformer DEBUG] Writing com/magistuarmory/addon/config/ArmorConfig$TabletHelmetConfig with maxs=true frames=true
[Architectury Transformer DEBUG] Writing com/magistuarmory/addon/config/ArmorConfig$DarkProtoMaximilianConfig with maxs=true frames=true
[Architectury Transformer DEBUG] Writing com/magistuarmory/addon/config/ArmorConfig$FullyGildedMilaneseArmetConfig with maxs=true frames=true
[Architectury Transformer DEBUG] Writing com/magistuarmory/addon/config/WeaponsConfig$DaneaxeConfig with maxs=true frames=true
[Architectury Transformer DEBUG] Writing com/magistuarmory/addon/config/ArmorConfig$CondottieroCapConfig with maxs=true frames=true
[Architectury Transformer DEBUG] Writing com/magistuarmory/addon/config/ArmorConfig$RedPuffAndSlashConfig with maxs=true frames=true
[Architectury Transformer DEBUG] Writing com/magistuarmory/addon/config/ArmorConfig$LandsknechtYellowHatConfig with maxs=true frames=true
[Architectury Transformer DEBUG] Writing com/magistuarmory/addon/config/ArmorConfig$ClosedBarbuteConfig with maxs=true frames=true
[Architectury Transformer DEBUG] Writing com/magistuarmory/addon/config/ArmorConfig$LandsknechtLightBlueHatConfig with maxs=true frames=true
[Architectury Transformer DEBUG] Writing com/magistuarmory/addon/config/ArmorConfig$EmbosedParadeConfig with maxs=true frames=true
[Architectury Transformer DEBUG] Writing com/magistuarmory/addon/config/ArmorConfig$VisoredKettlehatConfig with maxs=true frames=true
[Architectury Transformer DEBUG] Writing com/magistuarmory/addon/config/WeaponsConfig$SaxonSwordConfig with maxs=true frames=true
[Architectury Transformer DEBUG] Writing com/magistuarmory/addon/config/WeaponsConfig$GrandFalchionConfig with maxs=true frames=true
[Architectury Transformer DEBUG] Writing com/magistuarmory/addon/config/ArmorConfig$DevilishGrotesqueMaximilianHelmetConfig with maxs=true frames=true
[Architectury Transformer DEBUG] Writing com/magistuarmory/addon/config/WeaponsConfig$RichSaxonSwordConfig with maxs=true frames=true
[Architectury Transformer DEBUG] Writing com/magistuarmory/addon/config/ArmorConfig$LobsterTailedHelmetConfig with maxs=true frames=true
[Architectury Transformer DEBUG] Writing com/magistuarmory/addon/config/WeaponsConfig$FrenchHalberdConfig with maxs=true frames=true
[Architectury Transformer DEBUG] Writing com/magistuarmory/addon/config/ArmorConfig$FullyGildedArticulatedConfig with maxs=true frames=true
[Architectury Transformer DEBUG] Writing com/magistuarmory/addon/config/ArmorConfig$GildedMaximilianHelmetConfig with maxs=true frames=true
[Architectury Transformer DEBUG] Writing com/magistuarmory/addon/config/ArmorConfig$FullyGildedGrandBascinetConfig with maxs=true frames=true
[Architectury Transformer DEBUG] Writing com/magistuarmory/addon/config/ArmorConfig$GildedCloseHelmetConfig with maxs=true frames=true
[Architectury Transformer DEBUG] Writing com/magistuarmory/addon/config/WeaponsConfig$SideswordConfig with maxs=true frames=true
[Architectury Transformer DEBUG] Writing com/magistuarmory/addon/config/ArmorConfig$SalletWithoutVisorConfig with maxs=true frames=true
[Architectury Transformer DEBUG] Writing com/magistuarmory/addon/config/ArmorConfig$BurgundianKettlehatConfig with maxs=true frames=true
[Architectury Transformer DEBUG] Writing com/magistuarmory/addon/config/ArmorConfig$EnglishKnightConfig with maxs=true frames=true
[Architectury Transformer DEBUG] Writing com/magistuarmory/addon/config/ArmorConfig$DarkbluedMaximilianHelmetConfig with maxs=true frames=true
[Architectury Transformer DEBUG] Writing com/magistuarmory/addon/config/ArmorConfig$DarkGreenwichConfig with maxs=true frames=true
[Architectury Transformer DEBUG] Writing com/magistuarmory/addon/config/ArmorConfig$GildedDarkbluedGreenwichArmetConfig with maxs=true frames=true
[Architectury Transformer DEBUG] Writing com/magistuarmory/addon/config/WeaponsConfig$BroadaxeConfig with maxs=true frames=true
[Architectury Transformer DEBUG] Writing com/magistuarmory/addon/config/ArmorConfig$CyanPuffAndSlashConfig with maxs=true frames=true
[Architectury Transformer DEBUG] Writing com/magistuarmory/addon/config/WeaponsConfig$KingSwordConfig with maxs=true frames=true
[Architectury Transformer DEBUG] Writing com/magistuarmory/addon/config/ArmorConfig$AllaTedescaConfig with maxs=true frames=true
[Architectury Transformer DEBUG] Writing com/magistuarmory/addon/config/WeaponsConfig$BollockDaggerConfig with maxs=true frames=true
[Architectury Transformer DEBUG] Writing com/magistuarmory/addon/config/ArmorConfig$StrawHatConfig with maxs=true frames=true
[Architectury Transformer DEBUG] Writing com/magistuarmory/addon/config/ArmorConfig$DarkStechhelmConfig with maxs=true frames=true
[Architectury Transformer DEBUG] Writing com/magistuarmory/addon/config/ArmorConfig$DarkbluedSalletConfig with maxs=true frames=true
[Architectury Transformer DEBUG] Writing com/magistuarmory/addon/config/ArmorConfig$MagentaPuffAndSlashConfig with maxs=true frames=true
[Architectury Transformer DEBUG] Writing com/magistuarmory/addon/config/ArmorConfig$LightBurgonetConfig with maxs=true frames=true
[Architectury Transformer DEBUG] Writing com/magistuarmory/addon/config/ArmorConfig$ExquisiteMaximilianHelmetConfig with maxs=true frames=true
[Architectury Transformer DEBUG] Writing com/magistuarmory/addon/config/ArmorConfig$LandsknechtMagentaHatConfig with maxs=true frames=true
[Architectury Transformer DEBUG] Writing com/magistuarmory/addon/config/ArmorConfig$LandsknechtLimeHatConfig with maxs=true frames=true
[Architectury Transformer DEBUG] Writing com/magistuarmory/addon/config/ArmorConfig$DoubletConfig with maxs=true frames=true
[Architectury Transformer DEBUG] Writing com/magistuarmory/addon/config/ArmorConfig$DarkPeascodConfig with maxs=true frames=true
[Architectury Transformer DEBUG] Writing com/magistuarmory/addon/config/WeaponsConfig$SabreConfig with maxs=true frames=true
[Architectury Transformer DEBUG] Writing com/magistuarmory/addon/config/WeaponsConfig$GallowglassAxeConfig with maxs=true frames=true
[Architectury Transformer DEBUG] Writing com/magistuarmory/addon/config/ArmorConfig$GildedChainmailConfig with maxs=true frames=true
[Architectury Transformer DEBUG] Writing com/magistuarmory/addon/config/WeaponsConfig$ExecutionersSwordConfig with maxs=true frames=true
[Architectury Transformer DEBUG] Writing com/magistuarmory/addon/config/ArmorConfig$GildedSugarloafHelmetConfig with maxs=true frames=true
[Architectury Transformer DEBUG] Writing com/magistuarmory/addon/config/WeaponsConfig$LanceConfig with maxs=true frames=true
[Architectury Transformer DEBUG] Writing com/magistuarmory/addon/config/ArmorConfig$LandsknechtPurpleHatConfig with maxs=true frames=true
[Architectury Transformer DEBUG] Writing com/magistuarmory/addon/config/ArmorConfig$AvantConfig with maxs=true frames=true
[Architectury Transformer DEBUG] Writing com/magistuarmory/addon/config/ArmorConfig$EarlyCabassetConfig with maxs=true frames=true
[Architectury Transformer DEBUG] Writing com/magistuarmory/addon/config/ArmorConfig$GildedFoxGrotesqueMaximilianHelmetConfig with maxs=true frames=true
[Architectury Transformer DEBUG] Writing com/magistuarmory/addon/config/ArmorConfig$SalletWithoutNeckProtectionConfig with maxs=true frames=true
[Architectury Transformer DEBUG] Writing com/magistuarmory/addon/config/ArmorConfig$MorionConfig with maxs=true frames=true
[Architectury Transformer DEBUG] Writing com/magistuarmory/addon/config/ArmorConfig$SplintConfig with maxs=true frames=true
[Architectury Transformer DEBUG] Writing com/magistuarmory/addon/config/WeaponsConfig$GermanGreatswordConfig with maxs=true frames=true
[Architectury Transformer DEBUG] Writing com/magistuarmory/addon/config/ArmorConfig$SturmhaubeConfig with maxs=true frames=true
[Architectury Transformer DEBUG] Writing com/magistuarmory/addon/config/ArmorConfig$SilveredDarkMaximilianHelmetConfig with maxs=true frames=true
[Architectury Transformer DEBUG] Writing com/magistuarmory/addon/config/ArmorConfig$GildedPeascodConfig with maxs=true frames=true
[Architectury Transformer DEBUG] Writing com/magistuarmory/addon/config/ArmorConfig$PuffAndSlashConfig with maxs=true frames=true
[Architectury Transformer DEBUG] Writing com/magistuarmory/addon/config/ArmorConfig$GildedDarkSalletConfig with maxs=true frames=true
[Architectury Transformer DEBUG] Writing com/magistuarmory/addon/config/ArmorConfig$LightBluePuffAndSlashConfig with maxs=true frames=true
[Architectury Transformer DEBUG] Writing com/magistuarmory/addon/config/ArmorConfig$FullyGildedSalletConfig with maxs=true frames=true
[Architectury Transformer DEBUG] Writing com/magistuarmory/addon/config/ArmorConfig$DarkGrandBascinetConfig with maxs=true frames=true
[Architectury Transformer DEBUG] Writing com/magistuarmory/addon/config/ArmorConfig$EngravedCloseHelmetConfig with maxs=true frames=true
[Architectury Transformer DEBUG] Writing com/magistuarmory/addon/config/ArmorConfig$GildedGreenwichArmetConfig with maxs=true frames=true
[Architectury Transformer DEBUG] Writing com/magistuarmory/addon/config/ArmorConfig$FullyGildedArmetConfig with maxs=true frames=true
[Architectury Transformer DEBUG] Writing com/magistuarmory/addon/config/ArmorConfig$MilaneseArmetConfig with maxs=true frames=true
[Architectury Transformer DEBUG] Writing com/magistuarmory/addon/config/WeaponsConfig$BattleaxeConfig with maxs=true frames=true
[Architectury Transformer DEBUG] Writing com/magistuarmory/addon/config/ArmorConfig$GildedGothicConfig with maxs=true frames=true
[Architectury Transformer DEBUG] Writing com/magistuarmory/addon/config/ArmorConfig$WhitePuffAndSlashConfig with maxs=true frames=true
[Architectury Transformer DEBUG] Writing com/magistuarmory/addon/config/ArmorConfig$FacialGrotesqueMaximilianHelmetConfig with maxs=true frames=true
[Architectury Transformer DEBUG] Writing com/magistuarmory/addon/config/ArmorConfig$GildedGreenwichConfig with maxs=true frames=true
[Architectury Transformer DEBUG] Writing com/magistuarmory/addon/config/ArmorConfig$GildedXivCenturyKnightConfig with maxs=true frames=true
[Architectury Transformer DEBUG] Writing com/magistuarmory/addon/config/WeaponsConfig$VoulgeConfig with maxs=true frames=true
[Architectury Transformer DEBUG] Writing com/magistuarmory/addon/config/ArmorConfig$EmbosedParadeBurgonetConfig with maxs=true frames=true
[Architectury Transformer DEBUG] Writing com/magistuarmory/addon/config/ArmorConfig$DarkHeavyBrigandineConfig with maxs=true frames=true
[Architectury Transformer DEBUG] Writing com/magistuarmory/addon/config/ArmorConfig$GildedCabassetConfig with maxs=true frames=true
[Architectury Transformer DEBUG] Writing com/magistuarmory/addon/config/ArmorConfig$LateSalletConfig with maxs=true frames=true
[Architectury Transformer DEBUG] Writing com/magistuarmory/addon/config/ArmorConfig$HeavyCuirassierConfig with maxs=true frames=true
[Architectury Transformer DEBUG] Writing com/magistuarmory/addon/config/ShieldsConfig with maxs=true frames=true
[Architectury Transformer DEBUG] Writing com/magistuarmory/addon/config/ArmorConfig$GildedDarkCloseHelmetConfig with maxs=true frames=true
[Architectury Transformer DEBUG] Writing com/magistuarmory/addon/config/ArmorConfig$SilverNecklaceConfig with maxs=true frames=true
[Architectury Transformer DEBUG] Writing com/magistuarmory/addon/config/ArmorConfig$DarkLateSalletConfig with maxs=true frames=true
[Architectury Transformer DEBUG] Writing com/magistuarmory/addon/config/ArmorConfig$DarkbluedKnightConfig with maxs=true frames=true
[Architectury Transformer DEBUG] Writing com/magistuarmory/addon/config/ArmorConfig$DarkCrusaderConfig with maxs=true frames=true
[Architectury Transformer DEBUG] Writing com/magistuarmory/addon/config/ArmorConfig$FullyGildedKastenbrustConfig with maxs=true frames=true
[Architectury Transformer DEBUG] Writing com/magistuarmory/addon/config/ArmorConfig$FullyGildedGothicConfig with maxs=true frames=true
[Architectury Transformer DEBUG] Writing com/magistuarmory/addon/config/WeaponsConfig$GoedendagConfig with maxs=true frames=true
[Architectury Transformer DEBUG] Writing com/magistuarmory/addon/config/WeaponsConfig$DaggerConfig with maxs=true frames=true
[Architectury Transformer DEBUG] Writing com/magistuarmory/addon/config/ArmorConfig$BellowsMaximilianHelmetConfig with maxs=true frames=true
[Architectury Transformer DEBUG] Writing com/magistuarmory/addon/config/ArmorConfig$GreenwichConfig with maxs=true frames=true
[Architectury Transformer DEBUG] Writing com/magistuarmory/addon/config/ArmorConfig$DarkGildedParadeConfig with maxs=true frames=true
[Architectury Transformer DEBUG] Writing com/magistuarmory/addon/config/WeaponsConfig$ScytheConfig with maxs=true frames=true
[Architectury Transformer DEBUG] Writing com/magistuarmory/addon/config/ArmorConfig$OpenedSalletConfig with maxs=true frames=true
[Architectury Transformer DEBUG] Writing com/magistuarmory/addon/config/ArmorConfig$GildedDarkbluedGreenwichArmorConfig with maxs=true frames=true
[Architectury Transformer DEBUG] Writing com/magistuarmory/addon/config/WeaponsConfig$LongSeaxConfig with maxs=true frames=true
[Architectury Transformer DEBUG] Writing com/magistuarmory/addon/config/ArmorConfig$DarkArmetConfig with maxs=true frames=true
[Architectury Transformer DEBUG] Writing com/magistuarmory/addon/config/ArmorConfig$ChapelConfig with maxs=true frames=true
[Architectury Transformer DEBUG] Writing com/magistuarmory/addon/config/ArmorConfig$LightCumanHelmetConfig with maxs=true frames=true
[Architectury Transformer DEBUG] Writing com/magistuarmory/addon/config/WeaponsConfig$LongswordConfig with maxs=true frames=true
[Architectury Transformer DEBUG] Writing com/magistuarmory/addon/config/ArmorConfig$BritishArmetConfig with maxs=true frames=true
[Architectury Transformer DEBUG] Writing com/magistuarmory/addon/config/ArmorConfig$GrayPuffAndSlashConfig with maxs=true frames=true
[Architectury Transformer DEBUG] Writing com/magistuarmory/addon/config/ArmorConfig$FancyHatConfig with maxs=true frames=true
[Architectury Transformer DEBUG] Writing com/magistuarmory/addon/config/WeaponsConfig$WarAxeConfig with maxs=true frames=true
[Architectury Transformer DEBUG] Writing com/magistuarmory/addon/config/ArmorConfig$DarkGildedGreenwichArmetConfig with maxs=true frames=true
[Architectury Transformer DEBUG] Writing com/magistuarmory/addon/config/ArmorConfig$GildedSalletConfig with maxs=true frames=true
[Architectury Transformer DEBUG] Writing com/magistuarmory/addon/config/ArmorConfig$LandsknechtGreenHatConfig with maxs=true frames=true
[Architectury Transformer DEBUG] Writing com/magistuarmory/addon/config/ArmorConfig$GildedEarlyCabassetConfig with maxs=true frames=true
[Architectury Transformer DEBUG] Writing com/magistuarmory/addon/config/ArmorConfig$CoatOfPlatesConfig with maxs=true frames=true
[Architectury Transformer DEBUG] Writing com/magistuarmory/addon/config/ArmorConfig$BicoqueConfig with maxs=true frames=true
[Architectury Transformer DEBUG] Writing com/magistuarmory/addon/config/ArmorConfig$DarkJoustingConfig with maxs=true frames=true
[Architectury Transformer DEBUG] Writing com/magistuarmory/addon/config/WeaponsConfig$ArmingSwordTypeXiiiConfig with maxs=true frames=true
[Architectury Transformer DEBUG] Writing com/magistuarmory/addon/config/ArmorConfig$FullyGildedJoustingHelmetConfig with maxs=true frames=true
[Architectury Transformer DEBUG] Writing com/magistuarmory/addon/config/ArmorConfig$GildedDarkGothicConfig with maxs=true frames=true
[Architectury Transformer DEBUG] Writing com/magistuarmory/addon/config/ArmorConfig$GildedExquisiteMaximilianHelmetConfig with maxs=true frames=true
[Architectury Transformer DEBUG] Writing com/magistuarmory/addon/config/WeaponsConfig$TwoHandedEveningStarConfig with maxs=true frames=true
[Architectury Transformer DEBUG] Writing com/magistuarmory/addon/config/ArmorConfig$XiiiCenturyKnightConfig with maxs=true frames=true
[Architectury Transformer DEBUG] Writing com/magistuarmory/addon/config/ArmorConfig$PurplePuffAndSlashConfig with maxs=true frames=true
[Architectury Transformer DEBUG] Writing com/magistuarmory/addon/config/ArmorConfig$LandsknechtPinkHatConfig with maxs=true frames=true
[Architectury Transformer DEBUG] Writing com/magistuarmory/addon/config/ArmorConfig$PikemanConfig with maxs=true frames=true
[Architectury Transformer DEBUG] Writing com/magistuarmory/addon/config/ArmorConfig$LandsknechtGrayHatConfig with maxs=true frames=true
[Architectury Transformer DEBUG] Writing com/magistuarmory/addon/config/ArmorConfig$DarkKnightConfig with maxs=true frames=true
[Architectury Transformer DEBUG] Writing com/magistuarmory/addon/config/ArmorConfig$SavoyardHelmetConfig with maxs=true frames=true
[Architectury Transformer DEBUG] Writing com/magistuarmory/addon/config/ArmorConfig$SugarloafHelmetConfig with maxs=true frames=true
[Architectury Transformer DEBUG] Writing com/magistuarmory/addon/config/ArmorConfig$LinenConfig with maxs=true frames=true
[Architectury Transformer DEBUG] Writing com/magistuarmory/addon/config/WeaponsConfig$TwoHandedMesserConfig with maxs=true frames=true
[Architectury Transformer DEBUG] Writing com/magistuarmory/addon/config/WeaponsConfig$PartisanConfig with maxs=true frames=true
[Architectury Transformer DEBUG] Writing com/magistuarmory/addon/config/WeaponsConfig$FederConfig with maxs=true frames=true
[Architectury Transformer DEBUG] Writing com/magistuarmory/addon/config/ArmorConfig$FullyGildedGrilledHelmetConfig with maxs=true frames=true
[Architectury Transformer DEBUG] Writing com/magistuarmory/addon/config/ArmorConfig$DarkbluedGreenwichConfig with maxs=true frames=true
[Architectury Transformer DEBUG] Writing com/magistuarmory/addon/config/ArmorConfig$GildedHalfArmorConfig with maxs=true frames=true
[Architectury Transformer DEBUG] Writing com/magistuarmory/addon/config/ArmorConfig$DarkbluedMaximilianConfig with maxs=true frames=true
[Architectury Transformer DEBUG] Writing com/magistuarmory/addon/config/ArmorConfig$FullyGildedJoustingConfig with maxs=true frames=true
[Architectury Transformer DEBUG] Writing com/magistuarmory/addon/config/ArmorConfig$BluePuffAndSlashConfig with maxs=true frames=true
[Architectury Transformer DEBUG] Writing com/magistuarmory/addon/config/ArmorConfig$TwoEyeSlitsSalletConfig with maxs=true frames=true
[Architectury Transformer DEBUG] Writing com/magistuarmory/addon/config/ArmorConfig$GildedGrandBascinetConfig with maxs=true frames=true
[Architectury Transformer DEBUG] Writing com/magistuarmory/addon/config/ArmorConfig$PinkPuffAndSlashConfig with maxs=true frames=true
[Architectury Transformer DEBUG] Writing com/magistuarmory/addon/config/WeaponsConfig$FalchionConfig with maxs=true frames=true
[Architectury Transformer DEBUG] Writing com/magistuarmory/addon/config/WeaponsConfig$RondelDaggerConfig with maxs=true frames=true
[Architectury Transformer DEBUG] Writing com/magistuarmory/addon/config/AddonConfig with maxs=true frames=true
[Architectury Transformer DEBUG] Writing com/magistuarmory/addon/config/ArmorConfig$LightGrayPuffAndSlashConfig with maxs=true frames=true
[Architectury Transformer DEBUG] Writing com/magistuarmory/addon/config/ArmorConfig$GoldenCrossNecklaceConfig with maxs=true frames=true
[Architectury Transformer DEBUG] Writing com/magistuarmory/addon/config/ArmorConfig$LateGreathelmConfig with maxs=true frames=true
[Architectury Transformer DEBUG] Writing com/magistuarmory/addon/config/WeaponsConfig$FranciscaAxeConfig with maxs=true frames=true
[Architectury Transformer DEBUG] Writing com/magistuarmory/addon/config/WeaponsConfig$RapierConfig with maxs=true frames=true
[Architectury Transformer DEBUG] Writing com/magistuarmory/addon/config/ArmorConfig$ArticulatedConfig with maxs=true frames=true
[Architectury Transformer DEBUG] Writing com/magistuarmory/addon/config/ArmorConfig$GildedDarkPeascodConfig with maxs=true frames=true
[Architectury Transformer DEBUG] Writing com/magistuarmory/addon/config/WeaponsConfig$ParryingDaggerConfig with maxs=true frames=true
[Architectury Transformer DEBUG] Writing com/magistuarmory/addon/config/ArmorConfig$DarkEarlyCabassetConfig with maxs=true frames=true
[Architectury Transformer DEBUG] Writing com/magistuarmory/addon/config/ArmorConfig$BlackPuffAndSlashConfig with maxs=true frames=true
[Architectury Transformer DEBUG] Writing com/magistuarmory/addon/config/WeaponsConfig$GlaiveConfig with maxs=true frames=true
[Architectury Transformer DEBUG] Writing com/magistuarmory/addon/config/ArmorConfig$DarkSalletConfig with maxs=true frames=true
[Architectury Transformer DEBUG] Writing com/magistuarmory/addon/config/ArmorConfig$LandsknechtBlackHatConfig with maxs=true frames=true
[Architectury Transformer DEBUG] Writing com/magistuarmory/addon/config/ArmorConfig$FullyGildedMaximilianConfig with maxs=true frames=true
[Architectury Transformer DEBUG] Writing com/magistuarmory/addon/config/WeaponsConfig$EnglishPoleaxeConfig with maxs=true frames=true
[Architectury Transformer DEBUG] Writing com/magistuarmory/addon/config/ArmorConfig$FullyGildedMaximilianHelmetConfig with maxs=true frames=true
[Architectury Transformer DEBUG] Writing com/magistuarmory/addon/config/ArmorConfig$GreenPuffAndSlashConfig with maxs=true frames=true
[Architectury Transformer DEBUG] Writing com/magistuarmory/addon/config/ArmorConfig$DarkGildedParadeBurgonetConfig with maxs=true frames=true
[Architectury Transformer DEBUG] Writing com/magistuarmory/addon/config/ArmorConfig$LandsknechtBrownHatConfig with maxs=true frames=true
[Architectury Transformer DEBUG] Writing com/magistuarmory/addon/config/ArmorConfig$PeascodConfig with maxs=true frames=true
[Architectury Transformer DEBUG] Writing com/magistuarmory/addon/config/ArmorConfig$GildedHeavyBrigandineConfig with maxs=true frames=true
[Architectury Transformer DEBUG] Writing com/magistuarmory/addon/config/ArmorConfig$ScaleHelmetConfig with maxs=true frames=true
[Architectury Transformer DEBUG] Writing com/magistuarmory/addon/config/WeaponsConfig$ArmingSwordTypeXivConfig with maxs=true frames=true
[Architectury Transformer DEBUG] Writing com/magistuarmory/addon/config/WeaponsConfig$ShortSpearConfig with maxs=true frames=true
[Architectury Transformer DEBUG] Writing com/magistuarmory/addon/config/WeaponsConfig$TrainingSwordConfig with maxs=true frames=true
[Architectury Transformer DEBUG] Writing com/magistuarmory/addon/config/WeaponsConfig$SickleConfig with maxs=true frames=true
[Architectury Transformer DEBUG] Writing com/magistuarmory/addon/config/ArmorConfig$LandsknechtLightGrayHatConfig with maxs=true frames=true
[Architectury Transformer DEBUG] Writing com/magistuarmory/addon/config/ArmorConfig$DarkbluedArmetConfig with maxs=true frames=true
[Architectury Transformer DEBUG] Writing com/magistuarmory/addon/config/ArmorConfig$DarkbluedGothicConfig with maxs=true frames=true
[Architectury Transformer DEBUG] Remapping refmap from intermediary to srg: epic-knights-addon-1.20.x-forge-forge-refmap.json
[Architectury Transformer DEBUG] Closed File Systems for /tmp/16425690324786823660.jar
[Architectury Transformer] Listening at /home/lut/Java/modding/Epic-Knights-Addon-1.20.1-crossversion/common/build/devlibs/epic-knights-addon-1.20.x-2.5-dev.jar
[Architectury Transformer DEBUG] Temporary jar [/tmp/16425690324786823660.jar] contains packages: com.magistuarmory.addon.config, com.magistuarmory.addon.misc, com.magistuarmory.addon.client.render.model.armor, com.magistuarmory.addon.client.render.model.decoration, com.magistuarmory.addon.item.armor, com.magistuarmory.addon.client.render.model.shield, com.magistuarmory.addon.client.render.model, com.magistuarmory.addon, com.magistuarmory.addon.item
[Architectury Transformer DEBUG] Closed File Systems for /home/lut/Java/modding/Epic-Knights-Addon-1.20.1-crossversion/common/build/devlibs/epic-knights-addon-1.20.x-2.5-dev.jar
[Architectury Transformer DEBUG] Classpath entry [/home/lut/Java/modding/Epic-Knights-Addon-1.20.1-crossversion/forge/build/classes/java/main] contains packages: com.magistuarmory.addon.forge
[Architectury Transformer DEBUG] Classpath entry [/home/lut/Java/modding/Epic-Knights-Addon-1.20.1-crossversion/forge/build/resources/main] contains packages: 
[Architectury Transformer DEBUG] Transforming from com/magistuarmory/addon/EpicKnightsAddon.class to com/magistuarmory/addon/EpicKnightsAddon.class with 8 transformer(s) on dev.architectury.transformer.handler.TinyRemapperPreparedTransformerHandler
[Architectury Transformer DEBUG] Remapping with 1 mapping provider(s):
[Architectury Transformer DEBUG]  - dev.architectury.transformer.transformers.TransformForgeEnvironment$$Lambda$138/0x00007ff94408d838@b0e5507
[Architectury Transformer DEBUG] Remapping with Dirty Mappings...
[Architectury Transformer DEBUG] Remapping Classes:
[Architectury Transformer DEBUG] net/fabricmc/api/EnvType -> net/minecraftforge/api/distmarker/Dist
[Architectury Transformer DEBUG] net/fabricmc/api/Environment -> net/minecraftforge/api/distmarker/OnlyIn
[Architectury Transformer DEBUG] Found class transformer
[Architectury Transformer DEBUG] Writing com/magistuarmory/addon/EpicKnightsAddon with maxs=true frames=true
[Architectury Transformer DEBUG] Remapping refmap from intermediary to srg: epic-knights-addon-1.20.x-forge-forge-refmap.json
[Architectury Transformer DEBUG] Transformed com/magistuarmory/addon/EpicKnightsAddon in 69.06 ms
[Architectury Transformer DEBUG] Transforming from com/magistuarmory/addon/item/AddonItems.class to com/magistuarmory/addon/item/AddonItems.class with 8 transformer(s) on dev.architectury.transformer.handler.TinyRemapperPreparedTransformerHandler
[Architectury Transformer DEBUG] Remapping with 1 mapping provider(s):
[Architectury Transformer DEBUG]  - dev.architectury.transformer.transformers.TransformForgeEnvironment$$Lambda$138/0x00007ff94408d838@b0e5507
[Architectury Transformer DEBUG] Remapping Classes:
[Architectury Transformer DEBUG] net/fabricmc/api/EnvType -> net/minecraftforge/api/distmarker/Dist
[Architectury Transformer DEBUG] net/fabricmc/api/Environment -> net/minecraftforge/api/distmarker/OnlyIn
[Architectury Transformer DEBUG] Found class transformer
[Architectury Transformer DEBUG] Writing com/magistuarmory/addon/item/AddonItems with maxs=true frames=true
[Architectury Transformer DEBUG] Remapping refmap from intermediary to srg: epic-knights-addon-1.20.x-forge-forge-refmap.json
[Architectury Transformer DEBUG] Transformed com/magistuarmory/addon/item/AddonItems in 19.94 ms
[Architectury Transformer DEBUG] Transforming from com/magistuarmory/addon/config/AddonConfig.class to com/magistuarmory/addon/config/AddonConfig.class with 8 transformer(s) on dev.architectury.transformer.handler.TinyRemapperPreparedTransformerHandler
[Architectury Transformer DEBUG] Remapping with 1 mapping provider(s):
[Architectury Transformer DEBUG]  - dev.architectury.transformer.transformers.TransformForgeEnvironment$$Lambda$138/0x00007ff94408d838@b0e5507
[Architectury Transformer DEBUG] Remapping Classes:
[Architectury Transformer DEBUG] net/fabricmc/api/EnvType -> net/minecraftforge/api/distmarker/Dist
[Architectury Transformer DEBUG] net/fabricmc/api/Environment -> net/minecraftforge/api/distmarker/OnlyIn
[Architectury Transformer DEBUG] Found class transformer
[Architectury Transformer DEBUG] Writing com/magistuarmory/addon/config/AddonConfig with maxs=true frames=true
[Architectury Transformer DEBUG] Remapping refmap from intermediary to srg: epic-knights-addon-1.20.x-forge-forge-refmap.json
[Architectury Transformer DEBUG] Transformed com/magistuarmory/addon/config/AddonConfig in 8.778 ms
[Architectury Transformer DEBUG] Transforming from com/magistuarmory/addon/config/WeaponsConfig.class to com/magistuarmory/addon/config/WeaponsConfig.class with 8 transformer(s) on dev.architectury.transformer.handler.TinyRemapperPreparedTransformerHandler
[Architectury Transformer DEBUG] Remapping with 1 mapping provider(s):
[Architectury Transformer DEBUG]  - dev.architectury.transformer.transformers.TransformForgeEnvironment$$Lambda$138/0x00007ff94408d838@b0e5507
[Architectury Transformer DEBUG] Remapping Classes:
[Architectury Transformer DEBUG] net/fabricmc/api/EnvType -> net/minecraftforge/api/distmarker/Dist
[Architectury Transformer DEBUG] net/fabricmc/api/Environment -> net/minecraftforge/api/distmarker/OnlyIn
[Architectury Transformer DEBUG] Found class transformer
[Architectury Transformer DEBUG] Writing com/magistuarmory/addon/config/WeaponsConfig with maxs=true frames=true
[Architectury Transformer DEBUG] Remapping refmap from intermediary to srg: epic-knights-addon-1.20.x-forge-forge-refmap.json
[Architectury Transformer DEBUG] Transformed com/magistuarmory/addon/config/WeaponsConfig in 8.974 ms
[Architectury Transformer DEBUG] Transforming from com/magistuarmory/addon/config/ArmorConfig.class to com/magistuarmory/addon/config/ArmorConfig.class with 8 transformer(s) on dev.architectury.transformer.handler.TinyRemapperPreparedTransformerHandler
[Architectury Transformer DEBUG] Remapping with 1 mapping provider(s):
[Architectury Transformer DEBUG]  - dev.architectury.transformer.transformers.TransformForgeEnvironment$$Lambda$138/0x00007ff94408d838@b0e5507
[Architectury Transformer DEBUG] Remapping Classes:
[Architectury Transformer DEBUG] net/fabricmc/api/EnvType -> net/minecraftforge/api/distmarker/Dist
[Architectury Transformer DEBUG] net/fabricmc/api/Environment -> net/minecraftforge/api/distmarker/OnlyIn
[Architectury Transformer DEBUG] Found class transformer
[Architectury Transformer DEBUG] Writing com/magistuarmory/addon/config/ArmorConfig with maxs=true frames=true
[Architectury Transformer DEBUG] Remapping refmap from intermediary to srg: epic-knights-addon-1.20.x-forge-forge-refmap.json
[Architectury Transformer DEBUG] Transformed com/magistuarmory/addon/config/ArmorConfig in 9.068 ms
[Architectury Transformer DEBUG] Transforming from com/magistuarmory/addon/config/ShieldsConfig.class to com/magistuarmory/addon/config/ShieldsConfig.class with 8 transformer(s) on dev.architectury.transformer.handler.TinyRemapperPreparedTransformerHandler
[Architectury Transformer DEBUG] Remapping with 1 mapping provider(s):
[Architectury Transformer DEBUG]  - dev.architectury.transformer.transformers.TransformForgeEnvironment$$Lambda$138/0x00007ff94408d838@b0e5507
[Architectury Transformer DEBUG] Remapping Classes:
[Architectury Transformer DEBUG] net/fabricmc/api/EnvType -> net/minecraftforge/api/distmarker/Dist
[Architectury Transformer DEBUG] net/fabricmc/api/Environment -> net/minecraftforge/api/distmarker/OnlyIn
[Architectury Transformer DEBUG] Found class transformer
[Architectury Transformer DEBUG] Writing com/magistuarmory/addon/config/ShieldsConfig with maxs=true frames=true
[Architectury Transformer DEBUG] Remapping refmap from intermediary to srg: epic-knights-addon-1.20.x-forge-forge-refmap.json
[Architectury Transformer DEBUG] Transformed com/magistuarmory/addon/config/ShieldsConfig in 7.399 ms
[Architectury Transformer DEBUG] Transforming from com/magistuarmory/addon/config/WeaponsConfig$BarMaceConfig.class to com/magistuarmory/addon/config/WeaponsConfig$BarMaceConfig.class with 8 transformer(s) on dev.architectury.transformer.handler.TinyRemapperPreparedTransformerHandler
[Architectury Transformer DEBUG] Remapping with 1 mapping provider(s):
[Architectury Transformer DEBUG]  - dev.architectury.transformer.transformers.TransformForgeEnvironment$$Lambda$138/0x00007ff94408d838@b0e5507
[Architectury Transformer DEBUG] Remapping Classes:
[Architectury Transformer DEBUG] net/fabricmc/api/EnvType -> net/minecraftforge/api/distmarker/Dist
[Architectury Transformer DEBUG] net/fabricmc/api/Environment -> net/minecraftforge/api/distmarker/OnlyIn
[Architectury Transformer DEBUG] Found class transformer
[Architectury Transformer DEBUG] Writing com/magistuarmory/addon/config/WeaponsConfig$BarMaceConfig with maxs=true frames=true
[Architectury Transformer DEBUG] Remapping refmap from intermediary to srg: epic-knights-addon-1.20.x-forge-forge-refmap.json
[Architectury Transformer DEBUG] Transformed com/magistuarmory/addon/config/WeaponsConfig$BarMaceConfig in 4.424 ms
[Architectury Transformer DEBUG] Transforming from com/magistuarmory/addon/config/WeaponsConfig$BattleaxeConfig.class to com/magistuarmory/addon/config/WeaponsConfig$BattleaxeConfig.class with 8 transformer(s) on dev.architectury.transformer.handler.TinyRemapperPreparedTransformerHandler
[Architectury Transformer DEBUG] Remapping with 1 mapping provider(s):
[Architectury Transformer DEBUG]  - dev.architectury.transformer.transformers.TransformForgeEnvironment$$Lambda$138/0x00007ff94408d838@b0e5507
[Architectury Transformer DEBUG] Remapping Classes:
[Architectury Transformer DEBUG] net/fabricmc/api/EnvType -> net/minecraftforge/api/distmarker/Dist
[Architectury Transformer DEBUG] net/fabricmc/api/Environment -> net/minecraftforge/api/distmarker/OnlyIn
[Architectury Transformer DEBUG] Found class transformer
[Architectury Transformer DEBUG] Writing com/magistuarmory/addon/config/WeaponsConfig$BattleaxeConfig with maxs=true frames=true
[Architectury Transformer DEBUG] Remapping refmap from intermediary to srg: epic-knights-addon-1.20.x-forge-forge-refmap.json
[Architectury Transformer DEBUG] Transformed com/magistuarmory/addon/config/WeaponsConfig$BattleaxeConfig in 4.160 ms
[Architectury Transformer DEBUG] Transforming from com/magistuarmory/addon/config/WeaponsConfig$CrowBeakConfig.class to com/magistuarmory/addon/config/WeaponsConfig$CrowBeakConfig.class with 8 transformer(s) on dev.architectury.transformer.handler.TinyRemapperPreparedTransformerHandler
[Architectury Transformer DEBUG] Remapping with 1 mapping provider(s):
[Architectury Transformer DEBUG]  - dev.architectury.transformer.transformers.TransformForgeEnvironment$$Lambda$138/0x00007ff94408d838@b0e5507
[Architectury Transformer DEBUG] Remapping Classes:
[Architectury Transformer DEBUG] net/fabricmc/api/EnvType -> net/minecraftforge/api/distmarker/Dist
[Architectury Transformer DEBUG] net/fabricmc/api/Environment -> net/minecraftforge/api/distmarker/OnlyIn
[Architectury Transformer DEBUG] Found class transformer
[Architectury Transformer DEBUG] Writing com/magistuarmory/addon/config/WeaponsConfig$CrowBeakConfig with maxs=true frames=true
[Architectury Transformer DEBUG] Remapping refmap from intermediary to srg: epic-knights-addon-1.20.x-forge-forge-refmap.json
[Architectury Transformer DEBUG] Transformed com/magistuarmory/addon/config/WeaponsConfig$CrowBeakConfig in 4.407 ms
[Architectury Transformer DEBUG] Transforming from com/magistuarmory/addon/config/WeaponsConfig$FranciscaAxeConfig.class to com/magistuarmory/addon/config/WeaponsConfig$FranciscaAxeConfig.class with 8 transformer(s) on dev.architectury.transformer.handler.TinyRemapperPreparedTransformerHandler
[Architectury Transformer DEBUG] Remapping with 1 mapping provider(s):
[Architectury Transformer DEBUG]  - dev.architectury.transformer.transformers.TransformForgeEnvironment$$Lambda$138/0x00007ff94408d838@b0e5507
[Architectury Transformer DEBUG] Remapping Classes:
[Architectury Transformer DEBUG] net/fabricmc/api/EnvType -> net/minecraftforge/api/distmarker/Dist
[Architectury Transformer DEBUG] net/fabricmc/api/Environment -> net/minecraftforge/api/distmarker/OnlyIn
[Architectury Transformer DEBUG] Found class transformer
[Architectury Transformer DEBUG] Writing com/magistuarmory/addon/config/WeaponsConfig$FranciscaAxeConfig with maxs=true frames=true
[Architectury Transformer DEBUG] Remapping refmap from intermediary to srg: epic-knights-addon-1.20.x-forge-forge-refmap.json
[Architectury Transformer DEBUG] Transformed com/magistuarmory/addon/config/WeaponsConfig$FranciscaAxeConfig in 2.720 ms
[Architectury Transformer DEBUG] Transforming from com/magistuarmory/addon/config/WeaponsConfig$RoundMaceConfig.class to com/magistuarmory/addon/config/WeaponsConfig$RoundMaceConfig.class with 8 transformer(s) on dev.architectury.transformer.handler.TinyRemapperPreparedTransformerHandler
[Architectury Transformer DEBUG] Remapping with 1 mapping provider(s):
[Architectury Transformer DEBUG]  - dev.architectury.transformer.transformers.TransformForgeEnvironment$$Lambda$138/0x00007ff94408d838@b0e5507
[Architectury Transformer DEBUG] Remapping Classes:
[Architectury Transformer DEBUG] net/fabricmc/api/EnvType -> net/minecraftforge/api/distmarker/Dist
[Architectury Transformer DEBUG] net/fabricmc/api/Environment -> net/minecraftforge/api/distmarker/OnlyIn
[Architectury Transformer DEBUG] Found class transformer
[Architectury Transformer DEBUG] Writing com/magistuarmory/addon/config/WeaponsConfig$RoundMaceConfig with maxs=true frames=true
[Architectury Transformer DEBUG] Remapping refmap from intermediary to srg: epic-knights-addon-1.20.x-forge-forge-refmap.json
[Architectury Transformer DEBUG] Transformed com/magistuarmory/addon/config/WeaponsConfig$RoundMaceConfig in 2.076 ms
[Architectury Transformer DEBUG] Transforming from com/magistuarmory/addon/config/WeaponsConfig$WarAxeConfig.class to com/magistuarmory/addon/config/WeaponsConfig$WarAxeConfig.class with 8 transformer(s) on dev.architectury.transformer.handler.TinyRemapperPreparedTransformerHandler
[Architectury Transformer DEBUG] Remapping with 1 mapping provider(s):
[Architectury Transformer DEBUG]  - dev.architectury.transformer.transformers.TransformForgeEnvironment$$Lambda$138/0x00007ff94408d838@b0e5507
[Architectury Transformer DEBUG] Remapping Classes:
[Architectury Transformer DEBUG] net/fabricmc/api/EnvType -> net/minecraftforge/api/distmarker/Dist
[Architectury Transformer DEBUG] net/fabricmc/api/Environment -> net/minecraftforge/api/distmarker/OnlyIn
[Architectury Transformer DEBUG] Found class transformer
[Architectury Transformer DEBUG] Writing com/magistuarmory/addon/config/WeaponsConfig$WarAxeConfig with maxs=true frames=true
[Architectury Transformer DEBUG] Remapping refmap from intermediary to srg: epic-knights-addon-1.20.x-forge-forge-refmap.json
[Architectury Transformer DEBUG] Transformed com/magistuarmory/addon/config/WeaponsConfig$WarAxeConfig in 2.378 ms
[Architectury Transformer DEBUG] Transforming from com/magistuarmory/addon/config/WeaponsConfig$WarHammerConfig.class to com/magistuarmory/addon/config/WeaponsConfig$WarHammerConfig.class with 8 transformer(s) on dev.architectury.transformer.handler.TinyRemapperPreparedTransformerHandler
[Architectury Transformer DEBUG] Remapping with 1 mapping provider(s):
[Architectury Transformer DEBUG]  - dev.architectury.transformer.transformers.TransformForgeEnvironment$$Lambda$138/0x00007ff94408d838@b0e5507
[Architectury Transformer DEBUG] Remapping Classes:
[Architectury Transformer DEBUG] net/fabricmc/api/EnvType -> net/minecraftforge/api/distmarker/Dist
[Architectury Transformer DEBUG] net/fabricmc/api/Environment -> net/minecraftforge/api/distmarker/OnlyIn
[Architectury Transformer DEBUG] Found class transformer
[Architectury Transformer DEBUG] Writing com/magistuarmory/addon/config/WeaponsConfig$WarHammerConfig with maxs=true frames=true
[Architectury Transformer DEBUG] Remapping refmap from intermediary to srg: epic-knights-addon-1.20.x-forge-forge-refmap.json
[Architectury Transformer DEBUG] Transformed com/magistuarmory/addon/config/WeaponsConfig$WarHammerConfig in 1.961 ms
[Architectury Transformer DEBUG] Transforming from com/magistuarmory/addon/config/WeaponsConfig$BollockDaggerConfig.class to com/magistuarmory/addon/config/WeaponsConfig$BollockDaggerConfig.class with 8 transformer(s) on dev.architectury.transformer.handler.TinyRemapperPreparedTransformerHandler
[Architectury Transformer DEBUG] Remapping with 1 mapping provider(s):
[Architectury Transformer DEBUG]  - dev.architectury.transformer.transformers.TransformForgeEnvironment$$Lambda$138/0x00007ff94408d838@b0e5507
[Architectury Transformer DEBUG] Remapping Classes:
[Architectury Transformer DEBUG] net/fabricmc/api/EnvType -> net/minecraftforge/api/distmarker/Dist
[Architectury Transformer DEBUG] net/fabricmc/api/Environment -> net/minecraftforge/api/distmarker/OnlyIn
[Architectury Transformer DEBUG] Found class transformer
[Architectury Transformer DEBUG] Writing com/magistuarmory/addon/config/WeaponsConfig$BollockDaggerConfig with maxs=true frames=true
[Architectury Transformer DEBUG] Remapping refmap from intermediary to srg: epic-knights-addon-1.20.x-forge-forge-refmap.json
[Architectury Transformer DEBUG] Transformed com/magistuarmory/addon/config/WeaponsConfig$BollockDaggerConfig in 1.907 ms
[Architectury Transformer DEBUG] Transforming from com/magistuarmory/addon/config/WeaponsConfig$DaggerConfig.class to com/magistuarmory/addon/config/WeaponsConfig$DaggerConfig.class with 8 transformer(s) on dev.architectury.transformer.handler.TinyRemapperPreparedTransformerHandler
[Architectury Transformer DEBUG] Remapping with 1 mapping provider(s):
[Architectury Transformer DEBUG]  - dev.architectury.transformer.transformers.TransformForgeEnvironment$$Lambda$138/0x00007ff94408d838@b0e5507
[Architectury Transformer DEBUG] Remapping Classes:
[Architectury Transformer DEBUG] net/fabricmc/api/EnvType -> net/minecraftforge/api/distmarker/Dist
[Architectury Transformer DEBUG] net/fabricmc/api/Environment -> net/minecraftforge/api/distmarker/OnlyIn
[Architectury Transformer DEBUG] Found class transformer
[Architectury Transformer DEBUG] Writing com/magistuarmory/addon/config/WeaponsConfig$DaggerConfig with maxs=true frames=true
[Architectury Transformer DEBUG] Remapping refmap from intermediary to srg: epic-knights-addon-1.20.x-forge-forge-refmap.json
[Architectury Transformer DEBUG] Transformed com/magistuarmory/addon/config/WeaponsConfig$DaggerConfig in 1.941 ms
[Architectury Transformer DEBUG] Transforming from com/magistuarmory/addon/config/WeaponsConfig$ParryingDaggerConfig.class to com/magistuarmory/addon/config/WeaponsConfig$ParryingDaggerConfig.class with 8 transformer(s) on dev.architectury.transformer.handler.TinyRemapperPreparedTransformerHandler
[Architectury Transformer DEBUG] Remapping with 1 mapping provider(s):
[Architectury Transformer DEBUG]  - dev.architectury.transformer.transformers.TransformForgeEnvironment$$Lambda$138/0x00007ff94408d838@b0e5507
[Architectury Transformer DEBUG] Remapping Classes:
[Architectury Transformer DEBUG] net/fabricmc/api/EnvType -> net/minecraftforge/api/distmarker/Dist
[Architectury Transformer DEBUG] net/fabricmc/api/Environment -> net/minecraftforge/api/distmarker/OnlyIn
[Architectury Transformer DEBUG] Found class transformer
[Architectury Transformer DEBUG] Writing com/magistuarmory/addon/config/WeaponsConfig$ParryingDaggerConfig with maxs=true frames=true
[Architectury Transformer DEBUG] Remapping refmap from intermediary to srg: epic-knights-addon-1.20.x-forge-forge-refmap.json
[Architectury Transformer DEBUG] Transformed com/magistuarmory/addon/config/WeaponsConfig$ParryingDaggerConfig in 2.085 ms
[Architectury Transformer DEBUG] Transforming from com/magistuarmory/addon/config/WeaponsConfig$RondelDaggerConfig.class to com/magistuarmory/addon/config/WeaponsConfig$RondelDaggerConfig.class with 8 transformer(s) on dev.architectury.transformer.handler.TinyRemapperPreparedTransformerHandler
[Architectury Transformer DEBUG] Remapping with 1 mapping provider(s):
[Architectury Transformer DEBUG]  - dev.architectury.transformer.transformers.TransformForgeEnvironment$$Lambda$138/0x00007ff94408d838@b0e5507
[Architectury Transformer DEBUG] Remapping Classes:
[Architectury Transformer DEBUG] net/fabricmc/api/EnvType -> net/minecraftforge/api/distmarker/Dist
[Architectury Transformer DEBUG] net/fabricmc/api/Environment -> net/minecraftforge/api/distmarker/OnlyIn
[Architectury Transformer DEBUG] Found class transformer
[Architectury Transformer DEBUG] Writing com/magistuarmory/addon/config/WeaponsConfig$RondelDaggerConfig with maxs=true frames=true
[Architectury Transformer DEBUG] Remapping refmap from intermediary to srg: epic-knights-addon-1.20.x-forge-forge-refmap.json
[Architectury Transformer DEBUG] Transformed com/magistuarmory/addon/config/WeaponsConfig$RondelDaggerConfig in 1.701 ms
[Architectury Transformer DEBUG] Transforming from com/magistuarmory/addon/config/WeaponsConfig$SickleConfig.class to com/magistuarmory/addon/config/WeaponsConfig$SickleConfig.class with 8 transformer(s) on dev.architectury.transformer.handler.TinyRemapperPreparedTransformerHandler
[Architectury Transformer DEBUG] Remapping with 1 mapping provider(s):
[Architectury Transformer DEBUG]  - dev.architectury.transformer.transformers.TransformForgeEnvironment$$Lambda$138/0x00007ff94408d838@b0e5507
[Architectury Transformer DEBUG] Remapping Classes:
[Architectury Transformer DEBUG] net/fabricmc/api/EnvType -> net/minecraftforge/api/distmarker/Dist
[Architectury Transformer DEBUG] net/fabricmc/api/Environment -> net/minecraftforge/api/distmarker/OnlyIn
[Architectury Transformer DEBUG] Found class transformer
[Architectury Transformer DEBUG] Writing com/magistuarmory/addon/config/WeaponsConfig$SickleConfig with maxs=true frames=true
[Architectury Transformer DEBUG] Remapping refmap from intermediary to srg: epic-knights-addon-1.20.x-forge-forge-refmap.json
[Architectury Transformer DEBUG] Transformed com/magistuarmory/addon/config/WeaponsConfig$SickleConfig in 1.637 ms
[Architectury Transformer DEBUG] Transforming from com/magistuarmory/addon/config/WeaponsConfig$ExecutionersSwordConfig.class to com/magistuarmory/addon/config/WeaponsConfig$ExecutionersSwordConfig.class with 8 transformer(s) on dev.architectury.transformer.handler.TinyRemapperPreparedTransformerHandler
[Architectury Transformer DEBUG] Remapping with 1 mapping provider(s):
[Architectury Transformer DEBUG]  - dev.architectury.transformer.transformers.TransformForgeEnvironment$$Lambda$138/0x00007ff94408d838@b0e5507
[Architectury Transformer DEBUG] Remapping Classes:
[Architectury Transformer DEBUG] net/fabricmc/api/EnvType -> net/minecraftforge/api/distmarker/Dist
[Architectury Transformer DEBUG] net/fabricmc/api/Environment -> net/minecraftforge/api/distmarker/OnlyIn
[Architectury Transformer DEBUG] Found class transformer
[Architectury Transformer DEBUG] Writing com/magistuarmory/addon/config/WeaponsConfig$ExecutionersSwordConfig with maxs=true frames=true
[Architectury Transformer DEBUG] Remapping refmap from intermediary to srg: epic-knights-addon-1.20.x-forge-forge-refmap.json
[Architectury Transformer DEBUG] Transformed com/magistuarmory/addon/config/WeaponsConfig$ExecutionersSwordConfig in 1.761 ms
[Architectury Transformer DEBUG] Transforming from com/magistuarmory/addon/config/WeaponsConfig$GermanGreatswordConfig.class to com/magistuarmory/addon/config/WeaponsConfig$GermanGreatswordConfig.class with 8 transformer(s) on dev.architectury.transformer.handler.TinyRemapperPreparedTransformerHandler
[Architectury Transformer DEBUG] Remapping with 1 mapping provider(s):
[Architectury Transformer DEBUG]  - dev.architectury.transformer.transformers.TransformForgeEnvironment$$Lambda$138/0x00007ff94408d838@b0e5507
[Architectury Transformer DEBUG] Remapping Classes:
[Architectury Transformer DEBUG] net/fabricmc/api/EnvType -> net/minecraftforge/api/distmarker/Dist
[Architectury Transformer DEBUG] net/fabricmc/api/Environment -> net/minecraftforge/api/distmarker/OnlyIn
[Architectury Transformer DEBUG] Found class transformer
[Architectury Transformer DEBUG] Writing com/magistuarmory/addon/config/WeaponsConfig$GermanGreatswordConfig with maxs=true frames=true
[Architectury Transformer DEBUG] Remapping refmap from intermediary to srg: epic-knights-addon-1.20.x-forge-forge-refmap.json
[Architectury Transformer DEBUG] Transformed com/magistuarmory/addon/config/WeaponsConfig$GermanGreatswordConfig in 1.642 ms
[Architectury Transformer DEBUG] Transforming from com/magistuarmory/addon/config/WeaponsConfig$TwoHandedMesserConfig.class to com/magistuarmory/addon/config/WeaponsConfig$TwoHandedMesserConfig.class with 8 transformer(s) on dev.architectury.transformer.handler.TinyRemapperPreparedTransformerHandler
[Architectury Transformer DEBUG] Remapping with 1 mapping provider(s):
[Architectury Transformer DEBUG]  - dev.architectury.transformer.transformers.TransformForgeEnvironment$$Lambda$138/0x00007ff94408d838@b0e5507
[Architectury Transformer DEBUG] Remapping Classes:
[Architectury Transformer DEBUG] net/fabricmc/api/EnvType -> net/minecraftforge/api/distmarker/Dist
[Architectury Transformer DEBUG] net/fabricmc/api/Environment -> net/minecraftforge/api/distmarker/OnlyIn
[Architectury Transformer DEBUG] Found class transformer
[Architectury Transformer DEBUG] Writing com/magistuarmory/addon/config/WeaponsConfig$TwoHandedMesserConfig with maxs=true frames=true
[Architectury Transformer DEBUG] Remapping refmap from intermediary to srg: epic-knights-addon-1.20.x-forge-forge-refmap.json
[Architectury Transformer DEBUG] Transformed com/magistuarmory/addon/config/WeaponsConfig$TwoHandedMesserConfig in 1.717 ms
[Architectury Transformer DEBUG] Transforming from com/magistuarmory/addon/config/WeaponsConfig$EnglishPoleaxeConfig.class to com/magistuarmory/addon/config/WeaponsConfig$EnglishPoleaxeConfig.class with 8 transformer(s) on dev.architectury.transformer.handler.TinyRemapperPreparedTransformerHandler
[Architectury Transformer DEBUG] Remapping with 1 mapping provider(s):
[Architectury Transformer DEBUG]  - dev.architectury.transformer.transformers.TransformForgeEnvironment$$Lambda$138/0x00007ff94408d838@b0e5507
[Architectury Transformer DEBUG] Remapping Classes:
[Architectury Transformer DEBUG] net/fabricmc/api/EnvType -> net/minecraftforge/api/distmarker/Dist
[Architectury Transformer DEBUG] net/fabricmc/api/Environment -> net/minecraftforge/api/distmarker/OnlyIn
[Architectury Transformer DEBUG] Found class transformer
[Architectury Transformer DEBUG] Writing com/magistuarmory/addon/config/WeaponsConfig$EnglishPoleaxeConfig with maxs=true frames=true
[Architectury Transformer DEBUG] Remapping refmap from intermediary to srg: epic-knights-addon-1.20.x-forge-forge-refmap.json
[Architectury Transformer DEBUG] Transformed com/magistuarmory/addon/config/WeaponsConfig$EnglishPoleaxeConfig in 2.367 ms
[Architectury Transformer DEBUG] Transforming from com/magistuarmory/addon/config/WeaponsConfig$FrenchHalberdConfig.class to com/magistuarmory/addon/config/WeaponsConfig$FrenchHalberdConfig.class with 8 transformer(s) on dev.architectury.transformer.handler.TinyRemapperPreparedTransformerHandler
[Architectury Transformer DEBUG] Remapping with 1 mapping provider(s):
[Architectury Transformer DEBUG]  - dev.architectury.transformer.transformers.TransformForgeEnvironment$$Lambda$138/0x00007ff94408d838@b0e5507
[Architectury Transformer DEBUG] Remapping Classes:
[Architectury Transformer DEBUG] net/fabricmc/api/EnvType -> net/minecraftforge/api/distmarker/Dist
[Architectury Transformer DEBUG] net/fabricmc/api/Environment -> net/minecraftforge/api/distmarker/OnlyIn
[Architectury Transformer DEBUG] Found class transformer
[Architectury Transformer DEBUG] Writing com/magistuarmory/addon/config/WeaponsConfig$FrenchHalberdConfig with maxs=true frames=true
[Architectury Transformer DEBUG] Remapping refmap from intermediary to srg: epic-knights-addon-1.20.x-forge-forge-refmap.json
[Architectury Transformer DEBUG] Transformed com/magistuarmory/addon/config/WeaponsConfig$FrenchHalberdConfig in 2.087 ms
[Architectury Transformer DEBUG] Transforming from com/magistuarmory/addon/config/WeaponsConfig$ItalianPoleaxeConfig.class to com/magistuarmory/addon/config/WeaponsConfig$ItalianPoleaxeConfig.class with 8 transformer(s) on dev.architectury.transformer.handler.TinyRemapperPreparedTransformerHandler
[Architectury Transformer DEBUG] Remapping with 1 mapping provider(s):
[Architectury Transformer DEBUG]  - dev.architectury.transformer.transformers.TransformForgeEnvironment$$Lambda$138/0x00007ff94408d838@b0e5507
[Architectury Transformer DEBUG] Remapping Classes:
[Architectury Transformer DEBUG] net/fabricmc/api/EnvType -> net/minecraftforge/api/distmarker/Dist
[Architectury Transformer DEBUG] net/fabricmc/api/Environment -> net/minecraftforge/api/distmarker/OnlyIn
[Architectury Transformer DEBUG] Found class transformer
[Architectury Transformer DEBUG] Writing com/magistuarmory/addon/config/WeaponsConfig$ItalianPoleaxeConfig with maxs=true frames=true
[Architectury Transformer DEBUG] Remapping refmap from intermediary to srg: epic-knights-addon-1.20.x-forge-forge-refmap.json
[Architectury Transformer DEBUG] Transformed com/magistuarmory/addon/config/WeaponsConfig$ItalianPoleaxeConfig in 2.004 ms
[Architectury Transformer DEBUG] Transforming from com/magistuarmory/addon/config/WeaponsConfig$SwissHalberdConfig.class to com/magistuarmory/addon/config/WeaponsConfig$SwissHalberdConfig.class with 8 transformer(s) on dev.architectury.transformer.handler.TinyRemapperPreparedTransformerHandler
[Architectury Transformer DEBUG] Remapping with 1 mapping provider(s):
[Architectury Transformer DEBUG]  - dev.architectury.transformer.transformers.TransformForgeEnvironment$$Lambda$138/0x00007ff94408d838@b0e5507
[Architectury Transformer DEBUG] Remapping Classes:
[Architectury Transformer DEBUG] net/fabricmc/api/EnvType -> net/minecraftforge/api/distmarker/Dist
[Architectury Transformer DEBUG] net/fabricmc/api/Environment -> net/minecraftforge/api/distmarker/OnlyIn
[Architectury Transformer DEBUG] Found class transformer
[Architectury Transformer DEBUG] Writing com/magistuarmory/addon/config/WeaponsConfig$SwissHalberdConfig with maxs=true frames=true
[Architectury Transformer DEBUG] Remapping refmap from intermediary to srg: epic-knights-addon-1.20.x-forge-forge-refmap.json
[Architectury Transformer DEBUG] Transformed com/magistuarmory/addon/config/WeaponsConfig$SwissHalberdConfig in 1.761 ms
[Architectury Transformer DEBUG] Transforming from com/magistuarmory/addon/config/WeaponsConfig$LanceConfig.class to com/magistuarmory/addon/config/WeaponsConfig$LanceConfig.class with 8 transformer(s) on dev.architectury.transformer.handler.TinyRemapperPreparedTransformerHandler
[Architectury Transformer DEBUG] Remapping with 1 mapping provider(s):
[Architectury Transformer DEBUG]  - dev.architectury.transformer.transformers.TransformForgeEnvironment$$Lambda$138/0x00007ff94408d838@b0e5507
[Architectury Transformer DEBUG] Remapping Classes:
[Architectury Transformer DEBUG] net/fabricmc/api/EnvType -> net/minecraftforge/api/distmarker/Dist
[Architectury Transformer DEBUG] net/fabricmc/api/Environment -> net/minecraftforge/api/distmarker/OnlyIn
[Architectury Transformer DEBUG] Found class transformer
[Architectury Transformer DEBUG] Writing com/magistuarmory/addon/config/WeaponsConfig$LanceConfig with maxs=true frames=true
[Architectury Transformer DEBUG] Remapping refmap from intermediary to srg: epic-knights-addon-1.20.x-forge-forge-refmap.json
[Architectury Transformer DEBUG] Transformed com/magistuarmory/addon/config/WeaponsConfig$LanceConfig in 1.739 ms
[Architectury Transformer DEBUG] Transforming from com/magistuarmory/addon/config/WeaponsConfig$BroadaxeConfig.class to com/magistuarmory/addon/config/WeaponsConfig$BroadaxeConfig.class with 8 transformer(s) on dev.architectury.transformer.handler.TinyRemapperPreparedTransformerHandler
[Architectury Transformer DEBUG] Remapping with 1 mapping provider(s):
[Architectury Transformer DEBUG]  - dev.architectury.transformer.transformers.TransformForgeEnvironment$$Lambda$138/0x00007ff94408d838@b0e5507
[Architectury Transformer DEBUG] Remapping Classes:
[Architectury Transformer DEBUG] net/fabricmc/api/EnvType -> net/minecraftforge/api/distmarker/Dist
[Architectury Transformer DEBUG] net/fabricmc/api/Environment -> net/minecraftforge/api/distmarker/OnlyIn
[Architectury Transformer DEBUG] Found class transformer
[Architectury Transformer DEBUG] Writing com/magistuarmory/addon/config/WeaponsConfig$BroadaxeConfig with maxs=true frames=true
[Architectury Transformer DEBUG] Remapping refmap from intermediary to srg: epic-knights-addon-1.20.x-forge-forge-refmap.json
[Architectury Transformer DEBUG] Transformed com/magistuarmory/addon/config/WeaponsConfig$BroadaxeConfig in 2.199 ms
[Architectury Transformer DEBUG] Transforming from com/magistuarmory/addon/config/WeaponsConfig$DaneaxeConfig.class to com/magistuarmory/addon/config/WeaponsConfig$DaneaxeConfig.class with 8 transformer(s) on dev.architectury.transformer.handler.TinyRemapperPreparedTransformerHandler
[Architectury Transformer DEBUG] Remapping with 1 mapping provider(s):
[Architectury Transformer DEBUG]  - dev.architectury.transformer.transformers.TransformForgeEnvironment$$Lambda$138/0x00007ff94408d838@b0e5507
[Architectury Transformer DEBUG] Remapping Classes:
[Architectury Transformer DEBUG] net/fabricmc/api/EnvType -> net/minecraftforge/api/distmarker/Dist
[Architectury Transformer DEBUG] net/fabricmc/api/Environment -> net/minecraftforge/api/distmarker/OnlyIn
[Architectury Transformer DEBUG] Found class transformer
[Architectury Transformer DEBUG] Writing com/magistuarmory/addon/config/WeaponsConfig$DaneaxeConfig with maxs=true frames=true
[Architectury Transformer DEBUG] Remapping refmap from intermediary to srg: epic-knights-addon-1.20.x-forge-forge-refmap.json
[Architectury Transformer DEBUG] Transformed com/magistuarmory/addon/config/WeaponsConfig$DaneaxeConfig in 2.562 ms
[Architectury Transformer DEBUG] Transforming from com/magistuarmory/addon/config/WeaponsConfig$GallowglassAxeConfig.class to com/magistuarmory/addon/config/WeaponsConfig$GallowglassAxeConfig.class with 8 transformer(s) on dev.architectury.transformer.handler.TinyRemapperPreparedTransformerHandler
[Architectury Transformer DEBUG] Remapping with 1 mapping provider(s):
[Architectury Transformer DEBUG]  - dev.architectury.transformer.transformers.TransformForgeEnvironment$$Lambda$138/0x00007ff94408d838@b0e5507
[Architectury Transformer DEBUG] Remapping Classes:
[Architectury Transformer DEBUG] net/fabricmc/api/EnvType -> net/minecraftforge/api/distmarker/Dist
[Architectury Transformer DEBUG] net/fabricmc/api/Environment -> net/minecraftforge/api/distmarker/OnlyIn
[Architectury Transformer DEBUG] Found class transformer
[Architectury Transformer DEBUG] Writing com/magistuarmory/addon/config/WeaponsConfig$GallowglassAxeConfig with maxs=true frames=true
[Architectury Transformer DEBUG] Remapping refmap from intermediary to srg: epic-knights-addon-1.20.x-forge-forge-refmap.json
[Architectury Transformer DEBUG] Transformed com/magistuarmory/addon/config/WeaponsConfig$GallowglassAxeConfig in 1.844 ms
[Architectury Transformer DEBUG] Transforming from com/magistuarmory/addon/config/WeaponsConfig$HammerSpearConfig.class to com/magistuarmory/addon/config/WeaponsConfig$HammerSpearConfig.class with 8 transformer(s) on dev.architectury.transformer.handler.TinyRemapperPreparedTransformerHandler
[Architectury Transformer DEBUG] Remapping with 1 mapping provider(s):
[Architectury Transformer DEBUG]  - dev.architectury.transformer.transformers.TransformForgeEnvironment$$Lambda$138/0x00007ff94408d838@b0e5507
[Architectury Transformer DEBUG] Remapping Classes:
[Architectury Transformer DEBUG] net/fabricmc/api/EnvType -> net/minecraftforge/api/distmarker/Dist
[Architectury Transformer DEBUG] net/fabricmc/api/Environment -> net/minecraftforge/api/distmarker/OnlyIn
[Architectury Transformer DEBUG] Found class transformer
[Architectury Transformer DEBUG] Writing com/magistuarmory/addon/config/WeaponsConfig$HammerSpearConfig with maxs=true frames=true
[Architectury Transformer DEBUG] Remapping refmap from intermediary to srg: epic-knights-addon-1.20.x-forge-forge-refmap.json
[Architectury Transformer DEBUG] Transformed com/magistuarmory/addon/config/WeaponsConfig$HammerSpearConfig in 1.740 ms
[Architectury Transformer DEBUG] Transforming from com/magistuarmory/addon/config/WeaponsConfig$TwoHandedEveningStarConfig.class to com/magistuarmory/addon/config/WeaponsConfig$TwoHandedEveningStarConfig.class with 8 transformer(s) on dev.architectury.transformer.handler.TinyRemapperPreparedTransformerHandler
[Architectury Transformer DEBUG] Remapping with 1 mapping provider(s):
[Architectury Transformer DEBUG]  - dev.architectury.transformer.transformers.TransformForgeEnvironment$$Lambda$138/0x00007ff94408d838@b0e5507
[Architectury Transformer DEBUG] Remapping Classes:
[Architectury Transformer DEBUG] net/fabricmc/api/EnvType -> net/minecraftforge/api/distmarker/Dist
[Architectury Transformer DEBUG] net/fabricmc/api/Environment -> net/minecraftforge/api/distmarker/OnlyIn
[Architectury Transformer DEBUG] Found class transformer
[Architectury Transformer DEBUG] Writing com/magistuarmory/addon/config/WeaponsConfig$TwoHandedEveningStarConfig with maxs=true frames=true
[Architectury Transformer DEBUG] Remapping refmap from intermediary to srg: epic-knights-addon-1.20.x-forge-forge-refmap.json
[Architectury Transformer DEBUG] Transformed com/magistuarmory/addon/config/WeaponsConfig$TwoHandedEveningStarConfig in 1.786 ms
[Architectury Transformer DEBUG] Transforming from com/magistuarmory/addon/config/WeaponsConfig$CavalrySabreConfig.class to com/magistuarmory/addon/config/WeaponsConfig$CavalrySabreConfig.class with 8 transformer(s) on dev.architectury.transformer.handler.TinyRemapperPreparedTransformerHandler
[Architectury Transformer DEBUG] Remapping with 1 mapping provider(s):
[Architectury Transformer DEBUG]  - dev.architectury.transformer.transformers.TransformForgeEnvironment$$Lambda$138/0x00007ff94408d838@b0e5507
[Architectury Transformer DEBUG] Remapping Classes:
[Architectury Transformer DEBUG] net/fabricmc/api/EnvType -> net/minecraftforge/api/distmarker/Dist
[Architectury Transformer DEBUG] net/fabricmc/api/Environment -> net/minecraftforge/api/distmarker/OnlyIn
[Architectury Transformer DEBUG] Found class transformer
[Architectury Transformer DEBUG] Writing com/magistuarmory/addon/config/WeaponsConfig$CavalrySabreConfig with maxs=true frames=true
[Architectury Transformer DEBUG] Remapping refmap from intermediary to srg: epic-knights-addon-1.20.x-forge-forge-refmap.json
[Architectury Transformer DEBUG] Transformed com/magistuarmory/addon/config/WeaponsConfig$CavalrySabreConfig in 1.929 ms
[Architectury Transformer DEBUG] Transforming from com/magistuarmory/addon/config/WeaponsConfig$CutlassConfig.class to com/magistuarmory/addon/config/WeaponsConfig$CutlassConfig.class with 8 transformer(s) on dev.architectury.transformer.handler.TinyRemapperPreparedTransformerHandler
[Architectury Transformer DEBUG] Remapping with 1 mapping provider(s):
[Architectury Transformer DEBUG]  - dev.architectury.transformer.transformers.TransformForgeEnvironment$$Lambda$138/0x00007ff94408d838@b0e5507
[Architectury Transformer DEBUG] Remapping Classes:
[Architectury Transformer DEBUG] net/fabricmc/api/EnvType -> net/minecraftforge/api/distmarker/Dist
[Architectury Transformer DEBUG] net/fabricmc/api/Environment -> net/minecraftforge/api/distmarker/OnlyIn
[Architectury Transformer DEBUG] Found class transformer
[Architectury Transformer DEBUG] Writing com/magistuarmory/addon/config/WeaponsConfig$CutlassConfig with maxs=true frames=true
[Architectury Transformer DEBUG] Remapping refmap from intermediary to srg: epic-knights-addon-1.20.x-forge-forge-refmap.json
[Architectury Transformer DEBUG] Transformed com/magistuarmory/addon/config/WeaponsConfig$CutlassConfig in 2.700 ms
[Architectury Transformer DEBUG] Transforming from com/magistuarmory/addon/config/WeaponsConfig$FalchionConfig.class to com/magistuarmory/addon/config/WeaponsConfig$FalchionConfig.class with 8 transformer(s) on dev.architectury.transformer.handler.TinyRemapperPreparedTransformerHandler
[Architectury Transformer DEBUG] Remapping with 1 mapping provider(s):
[Architectury Transformer DEBUG]  - dev.architectury.transformer.transformers.TransformForgeEnvironment$$Lambda$138/0x00007ff94408d838@b0e5507
[Architectury Transformer DEBUG] Remapping Classes:
[Architectury Transformer DEBUG] net/fabricmc/api/EnvType -> net/minecraftforge/api/distmarker/Dist
[Architectury Transformer DEBUG] net/fabricmc/api/Environment -> net/minecraftforge/api/distmarker/OnlyIn
[Architectury Transformer DEBUG] Found class transformer
[Architectury Transformer DEBUG] Writing com/magistuarmory/addon/config/WeaponsConfig$FalchionConfig with maxs=true frames=true
[Architectury Transformer DEBUG] Remapping refmap from intermediary to srg: epic-knights-addon-1.20.x-forge-forge-refmap.json
[Architectury Transformer DEBUG] Transformed com/magistuarmory/addon/config/WeaponsConfig$FalchionConfig in 1.904 ms
[Architectury Transformer DEBUG] Transforming from com/magistuarmory/addon/config/WeaponsConfig$FederConfig.class to com/magistuarmory/addon/config/WeaponsConfig$FederConfig.class with 8 transformer(s) on dev.architectury.transformer.handler.TinyRemapperPreparedTransformerHandler
[Architectury Transformer DEBUG] Remapping with 1 mapping provider(s):
[Architectury Transformer DEBUG]  - dev.architectury.transformer.transformers.TransformForgeEnvironment$$Lambda$138/0x00007ff94408d838@b0e5507
[Architectury Transformer DEBUG] Remapping Classes:
[Architectury Transformer DEBUG] net/fabricmc/api/EnvType -> net/minecraftforge/api/distmarker/Dist
[Architectury Transformer DEBUG] net/fabricmc/api/Environment -> net/minecraftforge/api/distmarker/OnlyIn
[Architectury Transformer DEBUG] Found class transformer
[Architectury Transformer DEBUG] Writing com/magistuarmory/addon/config/WeaponsConfig$FederConfig with maxs=true frames=true
[Architectury Transformer DEBUG] Remapping refmap from intermediary to srg: epic-knights-addon-1.20.x-forge-forge-refmap.json
[Architectury Transformer DEBUG] Transformed com/magistuarmory/addon/config/WeaponsConfig$FederConfig in 1.997 ms
[Architectury Transformer DEBUG] Transforming from com/magistuarmory/addon/config/WeaponsConfig$GrandFalchionConfig.class to com/magistuarmory/addon/config/WeaponsConfig$GrandFalchionConfig.class with 8 transformer(s) on dev.architectury.transformer.handler.TinyRemapperPreparedTransformerHandler
[Architectury Transformer DEBUG] Remapping with 1 mapping provider(s):
[Architectury Transformer DEBUG]  - dev.architectury.transformer.transformers.TransformForgeEnvironment$$Lambda$138/0x00007ff94408d838@b0e5507
[Architectury Transformer DEBUG] Remapping Classes:
[Architectury Transformer DEBUG] net/fabricmc/api/EnvType -> net/minecraftforge/api/distmarker/Dist
[Architectury Transformer DEBUG] net/fabricmc/api/Environment -> net/minecraftforge/api/distmarker/OnlyIn
[Architectury Transformer DEBUG] Found class transformer
[Architectury Transformer DEBUG] Writing com/magistuarmory/addon/config/WeaponsConfig$GrandFalchionConfig with maxs=true frames=true
[Architectury Transformer DEBUG] Remapping refmap from intermediary to srg: epic-knights-addon-1.20.x-forge-forge-refmap.json
[Architectury Transformer DEBUG] Transformed com/magistuarmory/addon/config/WeaponsConfig$GrandFalchionConfig in 2.009 ms
[Architectury Transformer DEBUG] Transforming from com/magistuarmory/addon/config/WeaponsConfig$KingSwordConfig.class to com/magistuarmory/addon/config/WeaponsConfig$KingSwordConfig.class with 8 transformer(s) on dev.architectury.transformer.handler.TinyRemapperPreparedTransformerHandler
[Architectury Transformer DEBUG] Remapping with 1 mapping provider(s):
[Architectury Transformer DEBUG]  - dev.architectury.transformer.transformers.TransformForgeEnvironment$$Lambda$138/0x00007ff94408d838@b0e5507
[Architectury Transformer DEBUG] Remapping Classes:
[Architectury Transformer DEBUG] net/fabricmc/api/EnvType -> net/minecraftforge/api/distmarker/Dist
[Architectury Transformer DEBUG] net/fabricmc/api/Environment -> net/minecraftforge/api/distmarker/OnlyIn
[Architectury Transformer DEBUG] Found class transformer
[Architectury Transformer DEBUG] Writing com/magistuarmory/addon/config/WeaponsConfig$KingSwordConfig with maxs=true frames=true
[Architectury Transformer DEBUG] Remapping refmap from intermediary to srg: epic-knights-addon-1.20.x-forge-forge-refmap.json
[Architectury Transformer DEBUG] Transformed com/magistuarmory/addon/config/WeaponsConfig$KingSwordConfig in 1.823 ms
[Architectury Transformer DEBUG] Transforming from com/magistuarmory/addon/config/WeaponsConfig$LongswordConfig.class to com/magistuarmory/addon/config/WeaponsConfig$LongswordConfig.class with 8 transformer(s) on dev.architectury.transformer.handler.TinyRemapperPreparedTransformerHandler
[Architectury Transformer DEBUG] Remapping with 1 mapping provider(s):
[Architectury Transformer DEBUG]  - dev.architectury.transformer.transformers.TransformForgeEnvironment$$Lambda$138/0x00007ff94408d838@b0e5507
[Architectury Transformer DEBUG] Remapping Classes:
[Architectury Transformer DEBUG] net/fabricmc/api/EnvType -> net/minecraftforge/api/distmarker/Dist
[Architectury Transformer DEBUG] net/fabricmc/api/Environment -> net/minecraftforge/api/distmarker/OnlyIn
[Architectury Transformer DEBUG] Found class transformer
[Architectury Transformer DEBUG] Writing com/magistuarmory/addon/config/WeaponsConfig$LongswordConfig with maxs=true frames=true
[Architectury Transformer DEBUG] Remapping refmap from intermediary to srg: epic-knights-addon-1.20.x-forge-forge-refmap.json
[Architectury Transformer DEBUG] Transformed com/magistuarmory/addon/config/WeaponsConfig$LongswordConfig in 2.281 ms
[Architectury Transformer DEBUG] Transforming from com/magistuarmory/addon/config/WeaponsConfig$LongSeaxConfig.class to com/magistuarmory/addon/config/WeaponsConfig$LongSeaxConfig.class with 8 transformer(s) on dev.architectury.transformer.handler.TinyRemapperPreparedTransformerHandler
[Architectury Transformer DEBUG] Remapping with 1 mapping provider(s):
[Architectury Transformer DEBUG]  - dev.architectury.transformer.transformers.TransformForgeEnvironment$$Lambda$138/0x00007ff94408d838@b0e5507
[Architectury Transformer DEBUG] Remapping Classes:
[Architectury Transformer DEBUG] net/fabricmc/api/EnvType -> net/minecraftforge/api/distmarker/Dist
[Architectury Transformer DEBUG] net/fabricmc/api/Environment -> net/minecraftforge/api/distmarker/OnlyIn
[Architectury Transformer DEBUG] Found class transformer
[Architectury Transformer DEBUG] Writing com/magistuarmory/addon/config/WeaponsConfig$LongSeaxConfig with maxs=true frames=true
[Architectury Transformer DEBUG] Remapping refmap from intermediary to srg: epic-knights-addon-1.20.x-forge-forge-refmap.json
[Architectury Transformer DEBUG] Transformed com/magistuarmory/addon/config/WeaponsConfig$LongSeaxConfig in 2.032 ms
[Architectury Transformer DEBUG] Transforming from com/magistuarmory/addon/config/WeaponsConfig$MaciejowskiMesserConfig.class to com/magistuarmory/addon/config/WeaponsConfig$MaciejowskiMesserConfig.class with 8 transformer(s) on dev.architectury.transformer.handler.TinyRemapperPreparedTransformerHandler
[Architectury Transformer DEBUG] Remapping with 1 mapping provider(s):
[Architectury Transformer DEBUG]  - dev.architectury.transformer.transformers.TransformForgeEnvironment$$Lambda$138/0x00007ff94408d838@b0e5507
[Architectury Transformer DEBUG] Remapping Classes:
[Architectury Transformer DEBUG] net/fabricmc/api/EnvType -> net/minecraftforge/api/distmarker/Dist
[Architectury Transformer DEBUG] net/fabricmc/api/Environment -> net/minecraftforge/api/distmarker/OnlyIn
[Architectury Transformer DEBUG] Found class transformer
[Architectury Transformer DEBUG] Writing com/magistuarmory/addon/config/WeaponsConfig$MaciejowskiMesserConfig with maxs=true frames=true
[Architectury Transformer DEBUG] Remapping refmap from intermediary to srg: epic-knights-addon-1.20.x-forge-forge-refmap.json
[Architectury Transformer DEBUG] Transformed com/magistuarmory/addon/config/WeaponsConfig$MaciejowskiMesserConfig in 1.916 ms
[Architectury Transformer DEBUG] Transforming from com/magistuarmory/addon/config/WeaponsConfig$MesserSwordConfig.class to com/magistuarmory/addon/config/WeaponsConfig$MesserSwordConfig.class with 8 transformer(s) on dev.architectury.transformer.handler.TinyRemapperPreparedTransformerHandler
[Architectury Transformer DEBUG] Remapping with 1 mapping provider(s):
[Architectury Transformer DEBUG]  - dev.architectury.transformer.transformers.TransformForgeEnvironment$$Lambda$138/0x00007ff94408d838@b0e5507
[Architectury Transformer DEBUG] Remapping Classes:
[Architectury Transformer DEBUG] net/fabricmc/api/EnvType -> net/minecraftforge/api/distmarker/Dist
[Architectury Transformer DEBUG] net/fabricmc/api/Environment -> net/minecraftforge/api/distmarker/OnlyIn
[Architectury Transformer DEBUG] Found class transformer
[Architectury Transformer DEBUG] Writing com/magistuarmory/addon/config/WeaponsConfig$MesserSwordConfig with maxs=true frames=true
[Architectury Transformer DEBUG] Remapping refmap from intermediary to srg: epic-knights-addon-1.20.x-forge-forge-refmap.json
[Architectury Transformer DEBUG] Transformed com/magistuarmory/addon/config/WeaponsConfig$MesserSwordConfig in 1.667 ms
[Architectury Transformer DEBUG] Transforming from com/magistuarmory/addon/config/WeaponsConfig$RapierConfig.class to com/magistuarmory/addon/config/WeaponsConfig$RapierConfig.class with 8 transformer(s) on dev.architectury.transformer.handler.TinyRemapperPreparedTransformerHandler
[Architectury Transformer DEBUG] Remapping with 1 mapping provider(s):
[Architectury Transformer DEBUG]  - dev.architectury.transformer.transformers.TransformForgeEnvironment$$Lambda$138/0x00007ff94408d838@b0e5507
[Architectury Transformer DEBUG] Remapping Classes:
[Architectury Transformer DEBUG] net/fabricmc/api/EnvType -> net/minecraftforge/api/distmarker/Dist
[Architectury Transformer DEBUG] net/fabricmc/api/Environment -> net/minecraftforge/api/distmarker/OnlyIn
[Architectury Transformer DEBUG] Found class transformer
[Architectury Transformer DEBUG] Writing com/magistuarmory/addon/config/WeaponsConfig$RapierConfig with maxs=true frames=true
[Architectury Transformer DEBUG] Remapping refmap from intermediary to srg: epic-knights-addon-1.20.x-forge-forge-refmap.json
[Architectury Transformer DEBUG] Transformed com/magistuarmory/addon/config/WeaponsConfig$RapierConfig in 1.544 ms
[Architectury Transformer DEBUG] Transforming from com/magistuarmory/addon/config/WeaponsConfig$ScimitarConfig.class to com/magistuarmory/addon/config/WeaponsConfig$ScimitarConfig.class with 8 transformer(s) on dev.architectury.transformer.handler.TinyRemapperPreparedTransformerHandler
[Architectury Transformer DEBUG] Remapping with 1 mapping provider(s):
[Architectury Transformer DEBUG]  - dev.architectury.transformer.transformers.TransformForgeEnvironment$$Lambda$138/0x00007ff94408d838@b0e5507
[Architectury Transformer DEBUG] Remapping Classes:
[Architectury Transformer DEBUG] net/fabricmc/api/EnvType -> net/minecraftforge/api/distmarker/Dist
[Architectury Transformer DEBUG] net/fabricmc/api/Environment -> net/minecraftforge/api/distmarker/OnlyIn
[Architectury Transformer DEBUG] Found class transformer
[Architectury Transformer DEBUG] Writing com/magistuarmory/addon/config/WeaponsConfig$ScimitarConfig with maxs=true frames=true
[Architectury Transformer DEBUG] Remapping refmap from intermediary to srg: epic-knights-addon-1.20.x-forge-forge-refmap.json
[Architectury Transformer DEBUG] Transformed com/magistuarmory/addon/config/WeaponsConfig$ScimitarConfig in 1.718 ms
[Architectury Transformer DEBUG] Transforming from com/magistuarmory/addon/config/WeaponsConfig$SideswordConfig.class to com/magistuarmory/addon/config/WeaponsConfig$SideswordConfig.class with 8 transformer(s) on dev.architectury.transformer.handler.TinyRemapperPreparedTransformerHandler
[Architectury Transformer DEBUG] Remapping with 1 mapping provider(s):
[Architectury Transformer DEBUG]  - dev.architectury.transformer.transformers.TransformForgeEnvironment$$Lambda$138/0x00007ff94408d838@b0e5507
[Architectury Transformer DEBUG] Remapping Classes:
[Architectury Transformer DEBUG] net/fabricmc/api/EnvType -> net/minecraftforge/api/distmarker/Dist
[Architectury Transformer DEBUG] net/fabricmc/api/Environment -> net/minecraftforge/api/distmarker/OnlyIn
[Architectury Transformer DEBUG] Found class transformer
[Architectury Transformer DEBUG] Writing com/magistuarmory/addon/config/WeaponsConfig$SideswordConfig with maxs=true frames=true
[Architectury Transformer DEBUG] Remapping refmap from intermediary to srg: epic-knights-addon-1.20.x-forge-forge-refmap.json
[Architectury Transformer DEBUG] Transformed com/magistuarmory/addon/config/WeaponsConfig$SideswordConfig in 1.690 ms
[Architectury Transformer DEBUG] Transforming from com/magistuarmory/addon/config/WeaponsConfig$TrainingSwordConfig.class to com/magistuarmory/addon/config/WeaponsConfig$TrainingSwordConfig.class with 8 transformer(s) on dev.architectury.transformer.handler.TinyRemapperPreparedTransformerHandler
[Architectury Transformer DEBUG] Remapping with 1 mapping provider(s):
[Architectury Transformer DEBUG]  - dev.architectury.transformer.transformers.TransformForgeEnvironment$$Lambda$138/0x00007ff94408d838@b0e5507
[Architectury Transformer DEBUG] Remapping Classes:
[Architectury Transformer DEBUG] net/fabricmc/api/EnvType -> net/minecraftforge/api/distmarker/Dist
[Architectury Transformer DEBUG] net/fabricmc/api/Environment -> net/minecraftforge/api/distmarker/OnlyIn
[Architectury Transformer DEBUG] Found class transformer
[Architectury Transformer DEBUG] Writing com/magistuarmory/addon/config/WeaponsConfig$TrainingSwordConfig with maxs=true frames=true
[Architectury Transformer DEBUG] Remapping refmap from intermediary to srg: epic-knights-addon-1.20.x-forge-forge-refmap.json
[Architectury Transformer DEBUG] Transformed com/magistuarmory/addon/config/WeaponsConfig$TrainingSwordConfig in 1.600 ms
[Architectury Transformer DEBUG] Transforming from com/magistuarmory/addon/config/WeaponsConfig$BillhookConfig.class to com/magistuarmory/addon/config/WeaponsConfig$BillhookConfig.class with 8 transformer(s) on dev.architectury.transformer.handler.TinyRemapperPreparedTransformerHandler
[Architectury Transformer DEBUG] Remapping with 1 mapping provider(s):
[Architectury Transformer DEBUG]  - dev.architectury.transformer.transformers.TransformForgeEnvironment$$Lambda$138/0x00007ff94408d838@b0e5507
[Architectury Transformer DEBUG] Remapping Classes:
[Architectury Transformer DEBUG] net/fabricmc/api/EnvType -> net/minecraftforge/api/distmarker/Dist
[Architectury Transformer DEBUG] net/fabricmc/api/Environment -> net/minecraftforge/api/distmarker/OnlyIn
[Architectury Transformer DEBUG] Found class transformer
[Architectury Transformer DEBUG] Writing com/magistuarmory/addon/config/WeaponsConfig$BillhookConfig with maxs=true frames=true
[Architectury Transformer DEBUG] Remapping refmap from intermediary to srg: epic-knights-addon-1.20.x-forge-forge-refmap.json
[Architectury Transformer DEBUG] Transformed com/magistuarmory/addon/config/WeaponsConfig$BillhookConfig in 1.535 ms
[Architectury Transformer DEBUG] Transforming from com/magistuarmory/addon/config/WeaponsConfig$BoarSpearConfig.class to com/magistuarmory/addon/config/WeaponsConfig$BoarSpearConfig.class with 8 transformer(s) on dev.architectury.transformer.handler.TinyRemapperPreparedTransformerHandler
[Architectury Transformer DEBUG] Remapping with 1 mapping provider(s):
[Architectury Transformer DEBUG]  - dev.architectury.transformer.transformers.TransformForgeEnvironment$$Lambda$138/0x00007ff94408d838@b0e5507
[Architectury Transformer DEBUG] Remapping Classes:
[Architectury Transformer DEBUG] net/fabricmc/api/EnvType -> net/minecraftforge/api/distmarker/Dist
[Architectury Transformer DEBUG] net/fabricmc/api/Environment -> net/minecraftforge/api/distmarker/OnlyIn
[Architectury Transformer DEBUG] Found class transformer
[Architectury Transformer DEBUG] Writing com/magistuarmory/addon/config/WeaponsConfig$BoarSpearConfig with maxs=true frames=true
[Architectury Transformer DEBUG] Remapping refmap from intermediary to srg: epic-knights-addon-1.20.x-forge-forge-refmap.json
[Architectury Transformer DEBUG] Transformed com/magistuarmory/addon/config/WeaponsConfig$BoarSpearConfig in 1.675 ms
[Architectury Transformer DEBUG] Transforming from com/magistuarmory/addon/config/WeaponsConfig$FauchardConfig.class to com/magistuarmory/addon/config/WeaponsConfig$FauchardConfig.class with 8 transformer(s) on dev.architectury.transformer.handler.TinyRemapperPreparedTransformerHandler
[Architectury Transformer DEBUG] Remapping with 1 mapping provider(s):
[Architectury Transformer DEBUG]  - dev.architectury.transformer.transformers.TransformForgeEnvironment$$Lambda$138/0x00007ff94408d838@b0e5507
[Architectury Transformer DEBUG] Remapping Classes:
[Architectury Transformer DEBUG] net/fabricmc/api/EnvType -> net/minecraftforge/api/distmarker/Dist
[Architectury Transformer DEBUG] net/fabricmc/api/Environment -> net/minecraftforge/api/distmarker/OnlyIn
[Architectury Transformer DEBUG] Found class transformer
[Architectury Transformer DEBUG] Writing com/magistuarmory/addon/config/WeaponsConfig$FauchardConfig with maxs=true frames=true
[Architectury Transformer DEBUG] Remapping refmap from intermediary to srg: epic-knights-addon-1.20.x-forge-forge-refmap.json
[Architectury Transformer DEBUG] Transformed com/magistuarmory/addon/config/WeaponsConfig$FauchardConfig in 1.721 ms
[Architectury Transformer DEBUG] Transforming from com/magistuarmory/addon/config/WeaponsConfig$GlaiveConfig.class to com/magistuarmory/addon/config/WeaponsConfig$GlaiveConfig.class with 8 transformer(s) on dev.architectury.transformer.handler.TinyRemapperPreparedTransformerHandler
[Architectury Transformer DEBUG] Remapping with 1 mapping provider(s):
[Architectury Transformer DEBUG]  - dev.architectury.transformer.transformers.TransformForgeEnvironment$$Lambda$138/0x00007ff94408d838@b0e5507
[Architectury Transformer DEBUG] Remapping Classes:
[Architectury Transformer DEBUG] net/fabricmc/api/EnvType -> net/minecraftforge/api/distmarker/Dist
[Architectury Transformer DEBUG] net/fabricmc/api/Environment -> net/minecraftforge/api/distmarker/OnlyIn
[Architectury Transformer DEBUG] Found class transformer
[Architectury Transformer DEBUG] Writing com/magistuarmory/addon/config/WeaponsConfig$GlaiveConfig with maxs=true frames=true
[Architectury Transformer DEBUG] Remapping refmap from intermediary to srg: epic-knights-addon-1.20.x-forge-forge-refmap.json
[Architectury Transformer DEBUG] Transformed com/magistuarmory/addon/config/WeaponsConfig$GlaiveConfig in 1.578 ms
[Architectury Transformer DEBUG] Transforming from com/magistuarmory/addon/config/WeaponsConfig$GoedendagConfig.class to com/magistuarmory/addon/config/WeaponsConfig$GoedendagConfig.class with 8 transformer(s) on dev.architectury.transformer.handler.TinyRemapperPreparedTransformerHandler
[Architectury Transformer DEBUG] Remapping with 1 mapping provider(s):
[Architectury Transformer DEBUG]  - dev.architectury.transformer.transformers.TransformForgeEnvironment$$Lambda$138/0x00007ff94408d838@b0e5507
[Architectury Transformer DEBUG] Remapping Classes:
[Architectury Transformer DEBUG] net/fabricmc/api/EnvType -> net/minecraftforge/api/distmarker/Dist
[Architectury Transformer DEBUG] net/fabricmc/api/Environment -> net/minecraftforge/api/distmarker/OnlyIn
[Architectury Transformer DEBUG] Found class transformer
[Architectury Transformer DEBUG] Writing com/magistuarmory/addon/config/WeaponsConfig$GoedendagConfig with maxs=true frames=true
[Architectury Transformer DEBUG] Remapping refmap from intermediary to srg: epic-knights-addon-1.20.x-forge-forge-refmap.json
[Architectury Transformer DEBUG] Transformed com/magistuarmory/addon/config/WeaponsConfig$GoedendagConfig in 1.954 ms
[Architectury Transformer DEBUG] Transforming from com/magistuarmory/addon/config/WeaponsConfig$MilitaryForkConfig.class to com/magistuarmory/addon/config/WeaponsConfig$MilitaryForkConfig.class with 8 transformer(s) on dev.architectury.transformer.handler.TinyRemapperPreparedTransformerHandler
[Architectury Transformer DEBUG] Remapping with 1 mapping provider(s):
[Architectury Transformer DEBUG]  - dev.architectury.transformer.transformers.TransformForgeEnvironment$$Lambda$138/0x00007ff94408d838@b0e5507
[Architectury Transformer DEBUG] Remapping Classes:
[Architectury Transformer DEBUG] net/fabricmc/api/EnvType -> net/minecraftforge/api/distmarker/Dist
[Architectury Transformer DEBUG] net/fabricmc/api/Environment -> net/minecraftforge/api/distmarker/OnlyIn
[Architectury Transformer DEBUG] Found class transformer
[Architectury Transformer DEBUG] Writing com/magistuarmory/addon/config/WeaponsConfig$MilitaryForkConfig with maxs=true frames=true
[Architectury Transformer DEBUG] Remapping refmap from intermediary to srg: epic-knights-addon-1.20.x-forge-forge-refmap.json
[Architectury Transformer DEBUG] Transformed com/magistuarmory/addon/config/WeaponsConfig$MilitaryForkConfig in 1.751 ms
[Architectury Transformer DEBUG] Transforming from com/magistuarmory/addon/config/WeaponsConfig$PartisanConfig.class to com/magistuarmory/addon/config/WeaponsConfig$PartisanConfig.class with 8 transformer(s) on dev.architectury.transformer.handler.TinyRemapperPreparedTransformerHandler
[Architectury Transformer DEBUG] Remapping with 1 mapping provider(s):
[Architectury Transformer DEBUG]  - dev.architectury.transformer.transformers.TransformForgeEnvironment$$Lambda$138/0x00007ff94408d838@b0e5507
[Architectury Transformer DEBUG] Remapping Classes:
[Architectury Transformer DEBUG] net/fabricmc/api/EnvType -> net/minecraftforge/api/distmarker/Dist
[Architectury Transformer DEBUG] net/fabricmc/api/Environment -> net/minecraftforge/api/distmarker/OnlyIn
[Architectury Transformer DEBUG] Found class transformer
[Architectury Transformer DEBUG] Writing com/magistuarmory/addon/config/WeaponsConfig$PartisanConfig with maxs=true frames=true
[Architectury Transformer DEBUG] Remapping refmap from intermediary to srg: epic-knights-addon-1.20.x-forge-forge-refmap.json
[Architectury Transformer DEBUG] Transformed com/magistuarmory/addon/config/WeaponsConfig$PartisanConfig in 1.492 ms
[Architectury Transformer DEBUG] Transforming from com/magistuarmory/addon/config/WeaponsConfig$ScytheConfig.class to com/magistuarmory/addon/config/WeaponsConfig$ScytheConfig.class with 8 transformer(s) on dev.architectury.transformer.handler.TinyRemapperPreparedTransformerHandler
[Architectury Transformer DEBUG] Remapping with 1 mapping provider(s):
[Architectury Transformer DEBUG]  - dev.architectury.transformer.transformers.TransformForgeEnvironment$$Lambda$138/0x00007ff94408d838@b0e5507
[Architectury Transformer DEBUG] Remapping Classes:
[Architectury Transformer DEBUG] net/fabricmc/api/EnvType -> net/minecraftforge/api/distmarker/Dist
[Architectury Transformer DEBUG] net/fabricmc/api/Environment -> net/minecraftforge/api/distmarker/OnlyIn
[Architectury Transformer DEBUG] Found class transformer
[Architectury Transformer DEBUG] Writing com/magistuarmory/addon/config/WeaponsConfig$ScytheConfig with maxs=true frames=true
[Architectury Transformer DEBUG] Remapping refmap from intermediary to srg: epic-knights-addon-1.20.x-forge-forge-refmap.json
[Architectury Transformer DEBUG] Transformed com/magistuarmory/addon/config/WeaponsConfig$ScytheConfig in 1.412 ms
[Architectury Transformer DEBUG] Transforming from com/magistuarmory/addon/config/WeaponsConfig$ShortSpearConfig.class to com/magistuarmory/addon/config/WeaponsConfig$ShortSpearConfig.class with 8 transformer(s) on dev.architectury.transformer.handler.TinyRemapperPreparedTransformerHandler
[Architectury Transformer DEBUG] Remapping with 1 mapping provider(s):
[Architectury Transformer DEBUG]  - dev.architectury.transformer.transformers.TransformForgeEnvironment$$Lambda$138/0x00007ff94408d838@b0e5507
[Architectury Transformer DEBUG] Remapping Classes:
[Architectury Transformer DEBUG] net/fabricmc/api/EnvType -> net/minecraftforge/api/distmarker/Dist
[Architectury Transformer DEBUG] net/fabricmc/api/Environment -> net/minecraftforge/api/distmarker/OnlyIn
[Architectury Transformer DEBUG] Found class transformer
[Architectury Transformer DEBUG] Writing com/magistuarmory/addon/config/WeaponsConfig$ShortSpearConfig with maxs=true frames=true
[Architectury Transformer DEBUG] Remapping refmap from intermediary to srg: epic-knights-addon-1.20.x-forge-forge-refmap.json
[Architectury Transformer DEBUG] Transformed com/magistuarmory/addon/config/WeaponsConfig$ShortSpearConfig in 1.319 ms
[Architectury Transformer DEBUG] Transforming from com/magistuarmory/addon/config/WeaponsConfig$VoulgeConfig.class to com/magistuarmory/addon/config/WeaponsConfig$VoulgeConfig.class with 8 transformer(s) on dev.architectury.transformer.handler.TinyRemapperPreparedTransformerHandler
[Architectury Transformer DEBUG] Remapping with 1 mapping provider(s):
[Architectury Transformer DEBUG]  - dev.architectury.transformer.transformers.TransformForgeEnvironment$$Lambda$138/0x00007ff94408d838@b0e5507
[Architectury Transformer DEBUG] Remapping Classes:
[Architectury Transformer DEBUG] net/fabricmc/api/EnvType -> net/minecraftforge/api/distmarker/Dist
[Architectury Transformer DEBUG] net/fabricmc/api/Environment -> net/minecraftforge/api/distmarker/OnlyIn
[Architectury Transformer DEBUG] Found class transformer
[Architectury Transformer DEBUG] Writing com/magistuarmory/addon/config/WeaponsConfig$VoulgeConfig with maxs=true frames=true
[Architectury Transformer DEBUG] Remapping refmap from intermediary to srg: epic-knights-addon-1.20.x-forge-forge-refmap.json
[Architectury Transformer DEBUG] Transformed com/magistuarmory/addon/config/WeaponsConfig$VoulgeConfig in 1.428 ms
[Architectury Transformer DEBUG] Transforming from com/magistuarmory/addon/config/WeaponsConfig$WelshGuisarmeConfig.class to com/magistuarmory/addon/config/WeaponsConfig$WelshGuisarmeConfig.class with 8 transformer(s) on dev.architectury.transformer.handler.TinyRemapperPreparedTransformerHandler
[Architectury Transformer DEBUG] Remapping with 1 mapping provider(s):
[Architectury Transformer DEBUG]  - dev.architectury.transformer.transformers.TransformForgeEnvironment$$Lambda$138/0x00007ff94408d838@b0e5507
[Architectury Transformer DEBUG] Remapping Classes:
[Architectury Transformer DEBUG] net/fabricmc/api/EnvType -> net/minecraftforge/api/distmarker/Dist
[Architectury Transformer DEBUG] net/fabricmc/api/Environment -> net/minecraftforge/api/distmarker/OnlyIn
[Architectury Transformer DEBUG] Found class transformer
[Architectury Transformer DEBUG] Writing com/magistuarmory/addon/config/WeaponsConfig$WelshGuisarmeConfig with maxs=true frames=true
[Architectury Transformer DEBUG] Remapping refmap from intermediary to srg: epic-knights-addon-1.20.x-forge-forge-refmap.json
[Architectury Transformer DEBUG] Transformed com/magistuarmory/addon/config/WeaponsConfig$WelshGuisarmeConfig in 1.433 ms
[Architectury Transformer DEBUG] Transforming from com/magistuarmory/addon/config/WeaponsConfig$ArmingSwordTypeXiiiConfig.class to com/magistuarmory/addon/config/WeaponsConfig$ArmingSwordTypeXiiiConfig.class with 8 transformer(s) on dev.architectury.transformer.handler.TinyRemapperPreparedTransformerHandler
[Architectury Transformer DEBUG] Remapping with 1 mapping provider(s):
[Architectury Transformer DEBUG]  - dev.architectury.transformer.transformers.TransformForgeEnvironment$$Lambda$138/0x00007ff94408d838@b0e5507
[Architectury Transformer DEBUG] Remapping Classes:
[Architectury Transformer DEBUG] net/fabricmc/api/EnvType -> net/minecraftforge/api/distmarker/Dist
[Architectury Transformer DEBUG] net/fabricmc/api/Environment -> net/minecraftforge/api/distmarker/OnlyIn
[Architectury Transformer DEBUG] Found class transformer
[Architectury Transformer DEBUG] Writing com/magistuarmory/addon/config/WeaponsConfig$ArmingSwordTypeXiiiConfig with maxs=true frames=true
[Architectury Transformer DEBUG] Remapping refmap from intermediary to srg: epic-knights-addon-1.20.x-forge-forge-refmap.json
[Architectury Transformer DEBUG] Transformed com/magistuarmory/addon/config/WeaponsConfig$ArmingSwordTypeXiiiConfig in 1.346 ms
[Architectury Transformer DEBUG] Transforming from com/magistuarmory/addon/config/WeaponsConfig$ArmingSwordTypeXivConfig.class to com/magistuarmory/addon/config/WeaponsConfig$ArmingSwordTypeXivConfig.class with 8 transformer(s) on dev.architectury.transformer.handler.TinyRemapperPreparedTransformerHandler
[Architectury Transformer DEBUG] Remapping with 1 mapping provider(s):
[Architectury Transformer DEBUG]  - dev.architectury.transformer.transformers.TransformForgeEnvironment$$Lambda$138/0x00007ff94408d838@b0e5507
[Architectury Transformer DEBUG] Remapping Classes:
[Architectury Transformer DEBUG] net/fabricmc/api/EnvType -> net/minecraftforge/api/distmarker/Dist
[Architectury Transformer DEBUG] net/fabricmc/api/Environment -> net/minecraftforge/api/distmarker/OnlyIn
[Architectury Transformer DEBUG] Found class transformer
[Architectury Transformer DEBUG] Writing com/magistuarmory/addon/config/WeaponsConfig$ArmingSwordTypeXivConfig with maxs=true frames=true
[Architectury Transformer DEBUG] Remapping refmap from intermediary to srg: epic-knights-addon-1.20.x-forge-forge-refmap.json
[Architectury Transformer DEBUG] Transformed com/magistuarmory/addon/config/WeaponsConfig$ArmingSwordTypeXivConfig in 1.393 ms
[Architectury Transformer DEBUG] Transforming from com/magistuarmory/addon/config/WeaponsConfig$ArmingSwordTypeXvConfig.class to com/magistuarmory/addon/config/WeaponsConfig$ArmingSwordTypeXvConfig.class with 8 transformer(s) on dev.architectury.transformer.handler.TinyRemapperPreparedTransformerHandler
[Architectury Transformer DEBUG] Remapping with 1 mapping provider(s):
[Architectury Transformer DEBUG]  - dev.architectury.transformer.transformers.TransformForgeEnvironment$$Lambda$138/0x00007ff94408d838@b0e5507
[Architectury Transformer DEBUG] Remapping Classes:
[Architectury Transformer DEBUG] net/fabricmc/api/EnvType -> net/minecraftforge/api/distmarker/Dist
[Architectury Transformer DEBUG] net/fabricmc/api/Environment -> net/minecraftforge/api/distmarker/OnlyIn
[Architectury Transformer DEBUG] Found class transformer
[Architectury Transformer DEBUG] Writing com/magistuarmory/addon/config/WeaponsConfig$ArmingSwordTypeXvConfig with maxs=true frames=true
[Architectury Transformer DEBUG] Remapping refmap from intermediary to srg: epic-knights-addon-1.20.x-forge-forge-refmap.json
[Architectury Transformer DEBUG] Transformed com/magistuarmory/addon/config/WeaponsConfig$ArmingSwordTypeXvConfig in 1.344 ms
[Architectury Transformer DEBUG] Transforming from com/magistuarmory/addon/config/WeaponsConfig$RichSaxonSwordConfig.class to com/magistuarmory/addon/config/WeaponsConfig$RichSaxonSwordConfig.class with 8 transformer(s) on dev.architectury.transformer.handler.TinyRemapperPreparedTransformerHandler
[Architectury Transformer DEBUG] Remapping with 1 mapping provider(s):
[Architectury Transformer DEBUG]  - dev.architectury.transformer.transformers.TransformForgeEnvironment$$Lambda$138/0x00007ff94408d838@b0e5507
[Architectury Transformer DEBUG] Remapping Classes:
[Architectury Transformer DEBUG] net/fabricmc/api/EnvType -> net/minecraftforge/api/distmarker/Dist
[Architectury Transformer DEBUG] net/fabricmc/api/Environment -> net/minecraftforge/api/distmarker/OnlyIn
[Architectury Transformer DEBUG] Found class transformer
[Architectury Transformer DEBUG] Writing com/magistuarmory/addon/config/WeaponsConfig$RichSaxonSwordConfig with maxs=true frames=true
[Architectury Transformer DEBUG] Remapping refmap from intermediary to srg: epic-knights-addon-1.20.x-forge-forge-refmap.json
[Architectury Transformer DEBUG] Transformed com/magistuarmory/addon/config/WeaponsConfig$RichSaxonSwordConfig in 1.327 ms
[Architectury Transformer DEBUG] Transforming from com/magistuarmory/addon/config/WeaponsConfig$SabreConfig.class to com/magistuarmory/addon/config/WeaponsConfig$SabreConfig.class with 8 transformer(s) on dev.architectury.transformer.handler.TinyRemapperPreparedTransformerHandler
[Architectury Transformer DEBUG] Remapping with 1 mapping provider(s):
[Architectury Transformer DEBUG]  - dev.architectury.transformer.transformers.TransformForgeEnvironment$$Lambda$138/0x00007ff94408d838@b0e5507
[Architectury Transformer DEBUG] Remapping Classes:
[Architectury Transformer DEBUG] net/fabricmc/api/EnvType -> net/minecraftforge/api/distmarker/Dist
[Architectury Transformer DEBUG] net/fabricmc/api/Environment -> net/minecraftforge/api/distmarker/OnlyIn
[Architectury Transformer DEBUG] Found class transformer
[Architectury Transformer DEBUG] Writing com/magistuarmory/addon/config/WeaponsConfig$SabreConfig with maxs=true frames=true
[Architectury Transformer DEBUG] Remapping refmap from intermediary to srg: epic-knights-addon-1.20.x-forge-forge-refmap.json
[Architectury Transformer DEBUG] Transformed com/magistuarmory/addon/config/WeaponsConfig$SabreConfig in 1.340 ms
[Architectury Transformer DEBUG] Transforming from com/magistuarmory/addon/config/WeaponsConfig$SaxonSwordConfig.class to com/magistuarmory/addon/config/WeaponsConfig$SaxonSwordConfig.class with 8 transformer(s) on dev.architectury.transformer.handler.TinyRemapperPreparedTransformerHandler
[Architectury Transformer DEBUG] Remapping with 1 mapping provider(s):
[Architectury Transformer DEBUG]  - dev.architectury.transformer.transformers.TransformForgeEnvironment$$Lambda$138/0x00007ff94408d838@b0e5507
[Architectury Transformer DEBUG] Remapping Classes:
[Architectury Transformer DEBUG] net/fabricmc/api/EnvType -> net/minecraftforge/api/distmarker/Dist
[Architectury Transformer DEBUG] net/fabricmc/api/Environment -> net/minecraftforge/api/distmarker/OnlyIn
[Architectury Transformer DEBUG] Found class transformer
[Architectury Transformer DEBUG] Writing com/magistuarmory/addon/config/WeaponsConfig$SaxonSwordConfig with maxs=true frames=true
[Architectury Transformer DEBUG] Remapping refmap from intermediary to srg: epic-knights-addon-1.20.x-forge-forge-refmap.json
[Architectury Transformer DEBUG] Transformed com/magistuarmory/addon/config/WeaponsConfig$SaxonSwordConfig in 1.364 ms
[Architectury Transformer DEBUG] Transforming from com/magistuarmory/addon/config/WeaponsConfig$ShortSeaxConfig.class to com/magistuarmory/addon/config/WeaponsConfig$ShortSeaxConfig.class with 8 transformer(s) on dev.architectury.transformer.handler.TinyRemapperPreparedTransformerHandler
[Architectury Transformer DEBUG] Remapping with 1 mapping provider(s):
[Architectury Transformer DEBUG]  - dev.architectury.transformer.transformers.TransformForgeEnvironment$$Lambda$138/0x00007ff94408d838@b0e5507
[Architectury Transformer DEBUG] Remapping Classes:
[Architectury Transformer DEBUG] net/fabricmc/api/EnvType -> net/minecraftforge/api/distmarker/Dist
[Architectury Transformer DEBUG] net/fabricmc/api/Environment -> net/minecraftforge/api/distmarker/OnlyIn
[Architectury Transformer DEBUG] Found class transformer
[Architectury Transformer DEBUG] Writing com/magistuarmory/addon/config/WeaponsConfig$ShortSeaxConfig with maxs=true frames=true
[Architectury Transformer DEBUG] Remapping refmap from intermediary to srg: epic-knights-addon-1.20.x-forge-forge-refmap.json
[Architectury Transformer DEBUG] Transformed com/magistuarmory/addon/config/WeaponsConfig$ShortSeaxConfig in 1.442 ms
[Architectury Transformer DEBUG] Transforming from com/magistuarmory/addon/config/WeaponsConfig$SwordbreakerConfig.class to com/magistuarmory/addon/config/WeaponsConfig$SwordbreakerConfig.class with 8 transformer(s) on dev.architectury.transformer.handler.TinyRemapperPreparedTransformerHandler
[Architectury Transformer DEBUG] Remapping with 1 mapping provider(s):
[Architectury Transformer DEBUG]  - dev.architectury.transformer.transformers.TransformForgeEnvironment$$Lambda$138/0x00007ff94408d838@b0e5507
[Architectury Transformer DEBUG] Remapping Classes:
[Architectury Transformer DEBUG] net/fabricmc/api/EnvType -> net/minecraftforge/api/distmarker/Dist
[Architectury Transformer DEBUG] net/fabricmc/api/Environment -> net/minecraftforge/api/distmarker/OnlyIn
[Architectury Transformer DEBUG] Found class transformer
[Architectury Transformer DEBUG] Writing com/magistuarmory/addon/config/WeaponsConfig$SwordbreakerConfig with maxs=true frames=true
[Architectury Transformer DEBUG] Remapping refmap from intermediary to srg: epic-knights-addon-1.20.x-forge-forge-refmap.json
[Architectury Transformer DEBUG] Transformed com/magistuarmory/addon/config/WeaponsConfig$SwordbreakerConfig in 1.403 ms
[Architectury Transformer DEBUG] Transforming from com/magistuarmory/addon/config/ArmorConfig$DarkKnightConfig.class to com/magistuarmory/addon/config/ArmorConfig$DarkKnightConfig.class with 8 transformer(s) on dev.architectury.transformer.handler.TinyRemapperPreparedTransformerHandler
[Architectury Transformer DEBUG] Remapping with 1 mapping provider(s):
[Architectury Transformer DEBUG]  - dev.architectury.transformer.transformers.TransformForgeEnvironment$$Lambda$138/0x00007ff94408d838@b0e5507
[Architectury Transformer DEBUG] Remapping Classes:
[Architectury Transformer DEBUG] net/fabricmc/api/EnvType -> net/minecraftforge/api/distmarker/Dist
[Architectury Transformer DEBUG] net/fabricmc/api/Environment -> net/minecraftforge/api/distmarker/OnlyIn
[Architectury Transformer DEBUG] Found class transformer
[Architectury Transformer DEBUG] Writing com/magistuarmory/addon/config/ArmorConfig$DarkKnightConfig with maxs=true frames=true
[Architectury Transformer DEBUG] Remapping refmap from intermediary to srg: epic-knights-addon-1.20.x-forge-forge-refmap.json
[Architectury Transformer DEBUG] Transformed com/magistuarmory/addon/config/ArmorConfig$DarkKnightConfig in 1.416 ms
[Architectury Transformer DEBUG] Transforming from com/magistuarmory/addon/config/ArmorConfig$DarkArmetConfig.class to com/magistuarmory/addon/config/ArmorConfig$DarkArmetConfig.class with 8 transformer(s) on dev.architectury.transformer.handler.TinyRemapperPreparedTransformerHandler
[Architectury Transformer DEBUG] Remapping with 1 mapping provider(s):
[Architectury Transformer DEBUG]  - dev.architectury.transformer.transformers.TransformForgeEnvironment$$Lambda$138/0x00007ff94408d838@b0e5507
[Architectury Transformer DEBUG] Remapping Classes:
[Architectury Transformer DEBUG] net/fabricmc/api/EnvType -> net/minecraftforge/api/distmarker/Dist
[Architectury Transformer DEBUG] net/fabricmc/api/Environment -> net/minecraftforge/api/distmarker/OnlyIn
[Architectury Transformer DEBUG] Found class transformer
[Architectury Transformer DEBUG] Writing com/magistuarmory/addon/config/ArmorConfig$DarkArmetConfig with maxs=true frames=true
[Architectury Transformer DEBUG] Remapping refmap from intermediary to srg: epic-knights-addon-1.20.x-forge-forge-refmap.json
[Architectury Transformer DEBUG] Transformed com/magistuarmory/addon/config/ArmorConfig$DarkArmetConfig in 1.384 ms
[Architectury Transformer DEBUG] Transforming from com/magistuarmory/addon/config/ArmorConfig$DarkStechhelmConfig.class to com/magistuarmory/addon/config/ArmorConfig$DarkStechhelmConfig.class with 8 transformer(s) on dev.architectury.transformer.handler.TinyRemapperPreparedTransformerHandler
[Architectury Transformer DEBUG] Remapping with 1 mapping provider(s):
[Architectury Transformer DEBUG]  - dev.architectury.transformer.transformers.TransformForgeEnvironment$$Lambda$138/0x00007ff94408d838@b0e5507
[Architectury Transformer DEBUG] Remapping Classes:
[Architectury Transformer DEBUG] net/fabricmc/api/EnvType -> net/minecraftforge/api/distmarker/Dist
[Architectury Transformer DEBUG] net/fabricmc/api/Environment -> net/minecraftforge/api/distmarker/OnlyIn
[Architectury Transformer DEBUG] Found class transformer
[Architectury Transformer DEBUG] Writing com/magistuarmory/addon/config/ArmorConfig$DarkStechhelmConfig with maxs=true frames=true
[Architectury Transformer DEBUG] Remapping refmap from intermediary to srg: epic-knights-addon-1.20.x-forge-forge-refmap.json
[Architectury Transformer DEBUG] Transformed com/magistuarmory/addon/config/ArmorConfig$DarkStechhelmConfig in 1.385 ms
[Architectury Transformer DEBUG] Transforming from com/magistuarmory/addon/config/ArmorConfig$DarkJoustingConfig.class to com/magistuarmory/addon/config/ArmorConfig$DarkJoustingConfig.class with 8 transformer(s) on dev.architectury.transformer.handler.TinyRemapperPreparedTransformerHandler
[Architectury Transformer DEBUG] Remapping with 1 mapping provider(s):
[Architectury Transformer DEBUG]  - dev.architectury.transformer.transformers.TransformForgeEnvironment$$Lambda$138/0x00007ff94408d838@b0e5507
[Architectury Transformer DEBUG] Remapping Classes:
[Architectury Transformer DEBUG] net/fabricmc/api/EnvType -> net/minecraftforge/api/distmarker/Dist
[Architectury Transformer DEBUG] net/fabricmc/api/Environment -> net/minecraftforge/api/distmarker/OnlyIn
[Architectury Transformer DEBUG] Found class transformer
[Architectury Transformer DEBUG] Writing com/magistuarmory/addon/config/ArmorConfig$DarkJoustingConfig with maxs=true frames=true
[Architectury Transformer DEBUG] Remapping refmap from intermediary to srg: epic-knights-addon-1.20.x-forge-forge-refmap.json
[Architectury Transformer DEBUG] Transformed com/magistuarmory/addon/config/ArmorConfig$DarkJoustingConfig in 1.360 ms
[Architectury Transformer DEBUG] Transforming from com/magistuarmory/addon/config/ArmorConfig$DarkSalletConfig.class to com/magistuarmory/addon/config/ArmorConfig$DarkSalletConfig.class with 8 transformer(s) on dev.architectury.transformer.handler.TinyRemapperPreparedTransformerHandler
[Architectury Transformer DEBUG] Remapping with 1 mapping provider(s):
[Architectury Transformer DEBUG]  - dev.architectury.transformer.transformers.TransformForgeEnvironment$$Lambda$138/0x00007ff94408d838@b0e5507
[Architectury Transformer DEBUG] Remapping Classes:
[Architectury Transformer DEBUG] net/fabricmc/api/EnvType -> net/minecraftforge/api/distmarker/Dist
[Architectury Transformer DEBUG] net/fabricmc/api/Environment -> net/minecraftforge/api/distmarker/OnlyIn
[Architectury Transformer DEBUG] Found class transformer
[Architectury Transformer DEBUG] Writing com/magistuarmory/addon/config/ArmorConfig$DarkSalletConfig with maxs=true frames=true
[Architectury Transformer DEBUG] Remapping refmap from intermediary to srg: epic-knights-addon-1.20.x-forge-forge-refmap.json
[Architectury Transformer DEBUG] Transformed com/magistuarmory/addon/config/ArmorConfig$DarkSalletConfig in 1.426 ms
[Architectury Transformer DEBUG] Transforming from com/magistuarmory/addon/config/ArmorConfig$DarkGothicConfig.class to com/magistuarmory/addon/config/ArmorConfig$DarkGothicConfig.class with 8 transformer(s) on dev.architectury.transformer.handler.TinyRemapperPreparedTransformerHandler
[Architectury Transformer DEBUG] Remapping with 1 mapping provider(s):
[Architectury Transformer DEBUG]  - dev.architectury.transformer.transformers.TransformForgeEnvironment$$Lambda$138/0x00007ff94408d838@b0e5507
[Architectury Transformer DEBUG] Remapping Classes:
[Architectury Transformer DEBUG] net/fabricmc/api/EnvType -> net/minecraftforge/api/distmarker/Dist
[Architectury Transformer DEBUG] net/fabricmc/api/Environment -> net/minecraftforge/api/distmarker/OnlyIn
[Architectury Transformer DEBUG] Found class transformer
[Architectury Transformer DEBUG] Writing com/magistuarmory/addon/config/ArmorConfig$DarkGothicConfig with maxs=true frames=true
[Architectury Transformer DEBUG] Remapping refmap from intermediary to srg: epic-knights-addon-1.20.x-forge-forge-refmap.json
[Architectury Transformer DEBUG] Transformed com/magistuarmory/addon/config/ArmorConfig$DarkGothicConfig in 1.375 ms
[Architectury Transformer DEBUG] Transforming from com/magistuarmory/addon/config/ArmorConfig$DarkMaximilianHelmetConfig.class to com/magistuarmory/addon/config/ArmorConfig$DarkMaximilianHelmetConfig.class with 8 transformer(s) on dev.architectury.transformer.handler.TinyRemapperPreparedTransformerHandler
[Architectury Transformer DEBUG] Remapping with 1 mapping provider(s):
[Architectury Transformer DEBUG]  - dev.architectury.transformer.transformers.TransformForgeEnvironment$$Lambda$138/0x00007ff94408d838@b0e5507
[Architectury Transformer DEBUG] Remapping Classes:
[Architectury Transformer DEBUG] net/fabricmc/api/EnvType -> net/minecraftforge/api/distmarker/Dist
[Architectury Transformer DEBUG] net/fabricmc/api/Environment -> net/minecraftforge/api/distmarker/OnlyIn
[Architectury Transformer DEBUG] Found class transformer
[Architectury Transformer DEBUG] Writing com/magistuarmory/addon/config/ArmorConfig$DarkMaximilianHelmetConfig with maxs=true frames=true
[Architectury Transformer DEBUG] Remapping refmap from intermediary to srg: epic-knights-addon-1.20.x-forge-forge-refmap.json
[Architectury Transformer DEBUG] Transformed com/magistuarmory/addon/config/ArmorConfig$DarkMaximilianHelmetConfig in 1.407 ms
[Architectury Transformer DEBUG] Transforming from com/magistuarmory/addon/config/ArmorConfig$DarkMaximilianConfig.class to com/magistuarmory/addon/config/ArmorConfig$DarkMaximilianConfig.class with 8 transformer(s) on dev.architectury.transformer.handler.TinyRemapperPreparedTransformerHandler
[Architectury Transformer DEBUG] Remapping with 1 mapping provider(s):
[Architectury Transformer DEBUG]  - dev.architectury.transformer.transformers.TransformForgeEnvironment$$Lambda$138/0x00007ff94408d838@b0e5507
[Architectury Transformer DEBUG] Remapping Classes:
[Architectury Transformer DEBUG] net/fabricmc/api/EnvType -> net/minecraftforge/api/distmarker/Dist
[Architectury Transformer DEBUG] net/fabricmc/api/Environment -> net/minecraftforge/api/distmarker/OnlyIn
[Architectury Transformer DEBUG] Found class transformer
[Architectury Transformer DEBUG] Writing com/magistuarmory/addon/config/ArmorConfig$DarkMaximilianConfig with maxs=true frames=true
[Architectury Transformer DEBUG] Remapping refmap from intermediary to srg: epic-knights-addon-1.20.x-forge-forge-refmap.json
[Architectury Transformer DEBUG] Transformed com/magistuarmory/addon/config/ArmorConfig$DarkMaximilianConfig in 1.339 ms
[Architectury Transformer DEBUG] Transforming from com/magistuarmory/addon/config/ArmorConfig$DarkGreathelmConfig.class to com/magistuarmory/addon/config/ArmorConfig$DarkGreathelmConfig.class with 8 transformer(s) on dev.architectury.transformer.handler.TinyRemapperPreparedTransformerHandler
[Architectury Transformer DEBUG] Remapping with 1 mapping provider(s):
[Architectury Transformer DEBUG]  - dev.architectury.transformer.transformers.TransformForgeEnvironment$$Lambda$138/0x00007ff94408d838@b0e5507
[Architectury Transformer DEBUG] Remapping Classes:
[Architectury Transformer DEBUG] net/fabricmc/api/EnvType -> net/minecraftforge/api/distmarker/Dist
[Architectury Transformer DEBUG] net/fabricmc/api/Environment -> net/minecraftforge/api/distmarker/OnlyIn
[Architectury Transformer DEBUG] Found class transformer
[Architectury Transformer DEBUG] Writing com/magistuarmory/addon/config/ArmorConfig$DarkGreathelmConfig with maxs=true frames=true
[Architectury Transformer DEBUG] Remapping refmap from intermediary to srg: epic-knights-addon-1.20.x-forge-forge-refmap.json
[Architectury Transformer DEBUG] Transformed com/magistuarmory/addon/config/ArmorConfig$DarkGreathelmConfig in 1.381 ms
[Architectury Transformer DEBUG] Transforming from com/magistuarmory/addon/config/ArmorConfig$DarkCrusaderConfig.class to com/magistuarmory/addon/config/ArmorConfig$DarkCrusaderConfig.class with 8 transformer(s) on dev.architectury.transformer.handler.TinyRemapperPreparedTransformerHandler
[Architectury Transformer DEBUG] Remapping with 1 mapping provider(s):
[Architectury Transformer DEBUG]  - dev.architectury.transformer.transformers.TransformForgeEnvironment$$Lambda$138/0x00007ff94408d838@b0e5507
[Architectury Transformer DEBUG] Remapping Classes:
[Architectury Transformer DEBUG] net/fabricmc/api/EnvType -> net/minecraftforge/api/distmarker/Dist
[Architectury Transformer DEBUG] net/fabricmc/api/Environment -> net/minecraftforge/api/distmarker/OnlyIn
[Architectury Transformer DEBUG] Found class transformer
[Architectury Transformer DEBUG] Writing com/magistuarmory/addon/config/ArmorConfig$DarkCrusaderConfig with maxs=true frames=true
[Architectury Transformer DEBUG] Remapping refmap from intermediary to srg: epic-knights-addon-1.20.x-forge-forge-refmap.json
[Architectury Transformer DEBUG] Transformed com/magistuarmory/addon/config/ArmorConfig$DarkCrusaderConfig in 1.405 ms
[Architectury Transformer DEBUG] Transforming from com/magistuarmory/addon/config/ArmorConfig$DarkGrandBascinetConfig.class to com/magistuarmory/addon/config/ArmorConfig$DarkGrandBascinetConfig.class with 8 transformer(s) on dev.architectury.transformer.handler.TinyRemapperPreparedTransformerHandler
[Architectury Transformer DEBUG] Remapping with 1 mapping provider(s):
[Architectury Transformer DEBUG]  - dev.architectury.transformer.transformers.TransformForgeEnvironment$$Lambda$138/0x00007ff94408d838@b0e5507
[Architectury Transformer DEBUG] Remapping Classes:
[Architectury Transformer DEBUG] net/fabricmc/api/EnvType -> net/minecraftforge/api/distmarker/Dist
[Architectury Transformer DEBUG] net/fabricmc/api/Environment -> net/minecraftforge/api/distmarker/OnlyIn
[Architectury Transformer DEBUG] Found class transformer
[Architectury Transformer DEBUG] Writing com/magistuarmory/addon/config/ArmorConfig$DarkGrandBascinetConfig with maxs=true frames=true
[Architectury Transformer DEBUG] Remapping refmap from intermediary to srg: epic-knights-addon-1.20.x-forge-forge-refmap.json
[Architectury Transformer DEBUG] Transformed com/magistuarmory/addon/config/ArmorConfig$DarkGrandBascinetConfig in 1.331 ms
[Architectury Transformer DEBUG] Transforming from com/magistuarmory/addon/config/ArmorConfig$DarkKastenbrustConfig.class to com/magistuarmory/addon/config/ArmorConfig$DarkKastenbrustConfig.class with 8 transformer(s) on dev.architectury.transformer.handler.TinyRemapperPreparedTransformerHandler
[Architectury Transformer DEBUG] Remapping with 1 mapping provider(s):
[Architectury Transformer DEBUG]  - dev.architectury.transformer.transformers.TransformForgeEnvironment$$Lambda$138/0x00007ff94408d838@b0e5507
[Architectury Transformer DEBUG] Remapping Classes:
[Architectury Transformer DEBUG] net/fabricmc/api/EnvType -> net/minecraftforge/api/distmarker/Dist
[Architectury Transformer DEBUG] net/fabricmc/api/Environment -> net/minecraftforge/api/distmarker/OnlyIn
[Architectury Transformer DEBUG] Found class transformer
[Architectury Transformer DEBUG] Writing com/magistuarmory/addon/config/ArmorConfig$DarkKastenbrustConfig with maxs=true frames=true
[Architectury Transformer DEBUG] Remapping refmap from intermediary to srg: epic-knights-addon-1.20.x-forge-forge-refmap.json
[Architectury Transformer DEBUG] Transformed com/magistuarmory/addon/config/ArmorConfig$DarkKastenbrustConfig in 1.343 ms
[Architectury Transformer DEBUG] Transforming from com/magistuarmory/addon/config/ArmorConfig$SavoyardHelmetConfig.class to com/magistuarmory/addon/config/ArmorConfig$SavoyardHelmetConfig.class with 8 transformer(s) on dev.architectury.transformer.handler.TinyRemapperPreparedTransformerHandler
[Architectury Transformer DEBUG] Remapping with 1 mapping provider(s):
[Architectury Transformer DEBUG]  - dev.architectury.transformer.transformers.TransformForgeEnvironment$$Lambda$138/0x00007ff94408d838@b0e5507
[Architectury Transformer DEBUG] Remapping Classes:
[Architectury Transformer DEBUG] net/fabricmc/api/EnvType -> net/minecraftforge/api/distmarker/Dist
[Architectury Transformer DEBUG] net/fabricmc/api/Environment -> net/minecraftforge/api/distmarker/OnlyIn
[Architectury Transformer DEBUG] Found class transformer
[Architectury Transformer DEBUG] Writing com/magistuarmory/addon/config/ArmorConfig$SavoyardHelmetConfig with maxs=true frames=true
[Architectury Transformer DEBUG] Remapping refmap from intermediary to srg: epic-knights-addon-1.20.x-forge-forge-refmap.json
[Architectury Transformer DEBUG] Transformed com/magistuarmory/addon/config/ArmorConfig$SavoyardHelmetConfig in 1.373 ms
[Architectury Transformer DEBUG] Transforming from com/magistuarmory/addon/config/ArmorConfig$MorionConfig.class to com/magistuarmory/addon/config/ArmorConfig$MorionConfig.class with 8 transformer(s) on dev.architectury.transformer.handler.TinyRemapperPreparedTransformerHandler
[Architectury Transformer DEBUG] Remapping with 1 mapping provider(s):
[Architectury Transformer DEBUG]  - dev.architectury.transformer.transformers.TransformForgeEnvironment$$Lambda$138/0x00007ff94408d838@b0e5507
[Architectury Transformer DEBUG] Remapping Classes:
[Architectury Transformer DEBUG] net/fabricmc/api/EnvType -> net/minecraftforge/api/distmarker/Dist
[Architectury Transformer DEBUG] net/fabricmc/api/Environment -> net/minecraftforge/api/distmarker/OnlyIn
[Architectury Transformer DEBUG] Found class transformer
[Architectury Transformer DEBUG] Writing com/magistuarmory/addon/config/ArmorConfig$MorionConfig with maxs=true frames=true
[Architectury Transformer DEBUG] Remapping refmap from intermediary to srg: epic-knights-addon-1.20.x-forge-forge-refmap.json
[Architectury Transformer DEBUG] Transformed com/magistuarmory/addon/config/ArmorConfig$MorionConfig in 1.364 ms
[Architectury Transformer DEBUG] Transforming from com/magistuarmory/addon/config/ArmorConfig$PikemanConfig.class to com/magistuarmory/addon/config/ArmorConfig$PikemanConfig.class with 8 transformer(s) on dev.architectury.transformer.handler.TinyRemapperPreparedTransformerHandler
[Architectury Transformer DEBUG] Remapping with 1 mapping provider(s):
[Architectury Transformer DEBUG]  - dev.architectury.transformer.transformers.TransformForgeEnvironment$$Lambda$138/0x00007ff94408d838@b0e5507
[Architectury Transformer DEBUG] Remapping Classes:
[Architectury Transformer DEBUG] net/fabricmc/api/EnvType -> net/minecraftforge/api/distmarker/Dist
[Architectury Transformer DEBUG] net/fabricmc/api/Environment -> net/minecraftforge/api/distmarker/OnlyIn
[Architectury Transformer DEBUG] Found class transformer
[Architectury Transformer DEBUG] Writing com/magistuarmory/addon/config/ArmorConfig$PikemanConfig with maxs=true frames=true
[Architectury Transformer DEBUG] Remapping refmap from intermediary to srg: epic-knights-addon-1.20.x-forge-forge-refmap.json
[Architectury Transformer DEBUG] Transformed com/magistuarmory/addon/config/ArmorConfig$PikemanConfig in 1.389 ms
[Architectury Transformer DEBUG] Transforming from com/magistuarmory/addon/config/ArmorConfig$MilaneseArmetConfig.class to com/magistuarmory/addon/config/ArmorConfig$MilaneseArmetConfig.class with 8 transformer(s) on dev.architectury.transformer.handler.TinyRemapperPreparedTransformerHandler
[Architectury Transformer DEBUG] Remapping with 1 mapping provider(s):
[Architectury Transformer DEBUG]  - dev.architectury.transformer.transformers.TransformForgeEnvironment$$Lambda$138/0x00007ff94408d838@b0e5507
[Architectury Transformer DEBUG] Remapping Classes:
[Architectury Transformer DEBUG] net/fabricmc/api/EnvType -> net/minecraftforge/api/distmarker/Dist
[Architectury Transformer DEBUG] net/fabricmc/api/Environment -> net/minecraftforge/api/distmarker/OnlyIn
[Architectury Transformer DEBUG] Found class transformer
[Architectury Transformer DEBUG] Writing com/magistuarmory/addon/config/ArmorConfig$MilaneseArmetConfig with maxs=true frames=true
[Architectury Transformer DEBUG] Remapping refmap from intermediary to srg: epic-knights-addon-1.20.x-forge-forge-refmap.json
[Architectury Transformer DEBUG] Transformed com/magistuarmory/addon/config/ArmorConfig$MilaneseArmetConfig in 1.380 ms
[Architectury Transformer DEBUG] Transforming from com/magistuarmory/addon/config/ArmorConfig$BritishArmetConfig.class to com/magistuarmory/addon/config/ArmorConfig$BritishArmetConfig.class with 8 transformer(s) on dev.architectury.transformer.handler.TinyRemapperPreparedTransformerHandler
[Architectury Transformer DEBUG] Remapping with 1 mapping provider(s):
[Architectury Transformer DEBUG]  - dev.architectury.transformer.transformers.TransformForgeEnvironment$$Lambda$138/0x00007ff94408d838@b0e5507
[Architectury Transformer DEBUG] Remapping Classes:
[Architectury Transformer DEBUG] net/fabricmc/api/EnvType -> net/minecraftforge/api/distmarker/Dist
[Architectury Transformer DEBUG] net/fabricmc/api/Environment -> net/minecraftforge/api/distmarker/OnlyIn
[Architectury Transformer DEBUG] Found class transformer
[Architectury Transformer DEBUG] Writing com/magistuarmory/addon/config/ArmorConfig$BritishArmetConfig with maxs=true frames=true
[Architectury Transformer DEBUG] Remapping refmap from intermediary to srg: epic-knights-addon-1.20.x-forge-forge-refmap.json
[Architectury Transformer DEBUG] Transformed com/magistuarmory/addon/config/ArmorConfig$BritishArmetConfig in 1.332 ms
[Architectury Transformer DEBUG] Transforming from com/magistuarmory/addon/config/ArmorConfig$AvantConfig.class to com/magistuarmory/addon/config/ArmorConfig$AvantConfig.class with 8 transformer(s) on dev.architectury.transformer.handler.TinyRemapperPreparedTransformerHandler
[Architectury Transformer DEBUG] Remapping with 1 mapping provider(s):
[Architectury Transformer DEBUG]  - dev.architectury.transformer.transformers.TransformForgeEnvironment$$Lambda$138/0x00007ff94408d838@b0e5507
[Architectury Transformer DEBUG] Remapping Classes:
[Architectury Transformer DEBUG] net/fabricmc/api/EnvType -> net/minecraftforge/api/distmarker/Dist
[Architectury Transformer DEBUG] net/fabricmc/api/Environment -> net/minecraftforge/api/distmarker/OnlyIn
[Architectury Transformer DEBUG] Found class transformer
[Architectury Transformer DEBUG] Writing com/magistuarmory/addon/config/ArmorConfig$AvantConfig with maxs=true frames=true
[Architectury Transformer DEBUG] Remapping refmap from intermediary to srg: epic-knights-addon-1.20.x-forge-forge-refmap.json
[Architectury Transformer DEBUG] Transformed com/magistuarmory/addon/config/ArmorConfig$AvantConfig in 1.416 ms
[Architectury Transformer DEBUG] Transforming from com/magistuarmory/addon/config/ArmorConfig$VisoredKettlehatConfig.class to com/magistuarmory/addon/config/ArmorConfig$VisoredKettlehatConfig.class with 8 transformer(s) on dev.architectury.transformer.handler.TinyRemapperPreparedTransformerHandler
[Architectury Transformer DEBUG] Remapping with 1 mapping provider(s):
[Architectury Transformer DEBUG]  - dev.architectury.transformer.transformers.TransformForgeEnvironment$$Lambda$138/0x00007ff94408d838@b0e5507
[Architectury Transformer DEBUG] Remapping Classes:
[Architectury Transformer DEBUG] net/fabricmc/api/EnvType -> net/minecraftforge/api/distmarker/Dist
[Architectury Transformer DEBUG] net/fabricmc/api/Environment -> net/minecraftforge/api/distmarker/OnlyIn
[Architectury Transformer DEBUG] Found class transformer
[Architectury Transformer DEBUG] Writing com/magistuarmory/addon/config/ArmorConfig$VisoredKettlehatConfig with maxs=true frames=true
[Architectury Transformer DEBUG] Remapping refmap from intermediary to srg: epic-knights-addon-1.20.x-forge-forge-refmap.json
[Architectury Transformer DEBUG] Transformed com/magistuarmory/addon/config/ArmorConfig$VisoredKettlehatConfig in 1.516 ms
[Architectury Transformer DEBUG] Transforming from com/magistuarmory/addon/config/ArmorConfig$CervelliereConfig.class to com/magistuarmory/addon/config/ArmorConfig$CervelliereConfig.class with 8 transformer(s) on dev.architectury.transformer.handler.TinyRemapperPreparedTransformerHandler
[Architectury Transformer DEBUG] Remapping with 1 mapping provider(s):
[Architectury Transformer DEBUG]  - dev.architectury.transformer.transformers.TransformForgeEnvironment$$Lambda$138/0x00007ff94408d838@b0e5507
[Architectury Transformer DEBUG] Remapping Classes:
[Architectury Transformer DEBUG] net/fabricmc/api/EnvType -> net/minecraftforge/api/distmarker/Dist
[Architectury Transformer DEBUG] net/fabricmc/api/Environment -> net/minecraftforge/api/distmarker/OnlyIn
[Architectury Transformer DEBUG] Found class transformer
[Architectury Transformer DEBUG] Writing com/magistuarmory/addon/config/ArmorConfig$CervelliereConfig with maxs=true frames=true
[Architectury Transformer DEBUG] Remapping refmap from intermediary to srg: epic-knights-addon-1.20.x-forge-forge-refmap.json
[Architectury Transformer DEBUG] Transformed com/magistuarmory/addon/config/ArmorConfig$CervelliereConfig in 1.397 ms
[Architectury Transformer DEBUG] Transforming from com/magistuarmory/addon/config/ArmorConfig$ClosedBarbuteConfig.class to com/magistuarmory/addon/config/ArmorConfig$ClosedBarbuteConfig.class with 8 transformer(s) on dev.architectury.transformer.handler.TinyRemapperPreparedTransformerHandler
[Architectury Transformer DEBUG] Remapping with 1 mapping provider(s):
[Architectury Transformer DEBUG]  - dev.architectury.transformer.transformers.TransformForgeEnvironment$$Lambda$138/0x00007ff94408d838@b0e5507
[Architectury Transformer DEBUG] Remapping Classes:
[Architectury Transformer DEBUG] net/fabricmc/api/EnvType -> net/minecraftforge/api/distmarker/Dist
[Architectury Transformer DEBUG] net/fabricmc/api/Environment -> net/minecraftforge/api/distmarker/OnlyIn
[Architectury Transformer DEBUG] Found class transformer
[Architectury Transformer DEBUG] Writing com/magistuarmory/addon/config/ArmorConfig$ClosedBarbuteConfig with maxs=true frames=true
[Architectury Transformer DEBUG] Remapping refmap from intermediary to srg: epic-knights-addon-1.20.x-forge-forge-refmap.json
[Architectury Transformer DEBUG] Transformed com/magistuarmory/addon/config/ArmorConfig$ClosedBarbuteConfig in 1.398 ms
[Architectury Transformer DEBUG] Transforming from com/magistuarmory/addon/config/ArmorConfig$BicoqueConfig.class to com/magistuarmory/addon/config/ArmorConfig$BicoqueConfig.class with 8 transformer(s) on dev.architectury.transformer.handler.TinyRemapperPreparedTransformerHandler
[Architectury Transformer DEBUG] Remapping with 1 mapping provider(s):
[Architectury Transformer DEBUG]  - dev.architectury.transformer.transformers.TransformForgeEnvironment$$Lambda$138/0x00007ff94408d838@b0e5507
[Architectury Transformer DEBUG] Remapping Classes:
[Architectury Transformer DEBUG] net/fabricmc/api/EnvType -> net/minecraftforge/api/distmarker/Dist
[Architectury Transformer DEBUG] net/fabricmc/api/Environment -> net/minecraftforge/api/distmarker/OnlyIn
[Architectury Transformer DEBUG] Found class transformer
[Architectury Transformer DEBUG] Writing com/magistuarmory/addon/config/ArmorConfig$BicoqueConfig with maxs=true frames=true
[Architectury Transformer DEBUG] Remapping refmap from intermediary to srg: epic-knights-addon-1.20.x-forge-forge-refmap.json
[Architectury Transformer DEBUG] Transformed com/magistuarmory/addon/config/ArmorConfig$BicoqueConfig in 1.404 ms
[Architectury Transformer DEBUG] Transforming from com/magistuarmory/addon/config/ArmorConfig$LinenConfig.class to com/magistuarmory/addon/config/ArmorConfig$LinenConfig.class with 8 transformer(s) on dev.architectury.transformer.handler.TinyRemapperPreparedTransformerHandler
[Architectury Transformer DEBUG] Remapping with 1 mapping provider(s):
[Architectury Transformer DEBUG]  - dev.architectury.transformer.transformers.TransformForgeEnvironment$$Lambda$138/0x00007ff94408d838@b0e5507
[Architectury Transformer DEBUG] Remapping Classes:
[Architectury Transformer DEBUG] net/fabricmc/api/EnvType -> net/minecraftforge/api/distmarker/Dist
[Architectury Transformer DEBUG] net/fabricmc/api/Environment -> net/minecraftforge/api/distmarker/OnlyIn
[Architectury Transformer DEBUG] Found class transformer
[Architectury Transformer DEBUG] Writing com/magistuarmory/addon/config/ArmorConfig$LinenConfig with maxs=true frames=true
[Architectury Transformer DEBUG] Remapping refmap from intermediary to srg: epic-knights-addon-1.20.x-forge-forge-refmap.json
[Architectury Transformer DEBUG] Transformed com/magistuarmory/addon/config/ArmorConfig$LinenConfig in 1.515 ms
[Architectury Transformer DEBUG] Transforming from com/magistuarmory/addon/config/ArmorConfig$SalletWithoutNeckProtectionConfig.class to com/magistuarmory/addon/config/ArmorConfig$SalletWithoutNeckProtectionConfig.class with 8 transformer(s) on dev.architectury.transformer.handler.TinyRemapperPreparedTransformerHandler
[Architectury Transformer DEBUG] Remapping with 1 mapping provider(s):
[Architectury Transformer DEBUG]  - dev.architectury.transformer.transformers.TransformForgeEnvironment$$Lambda$138/0x00007ff94408d838@b0e5507
[Architectury Transformer DEBUG] Remapping Classes:
[Architectury Transformer DEBUG] net/fabricmc/api/EnvType -> net/minecraftforge/api/distmarker/Dist
[Architectury Transformer DEBUG] net/fabricmc/api/Environment -> net/minecraftforge/api/distmarker/OnlyIn
[Architectury Transformer DEBUG] Found class transformer
[Architectury Transformer DEBUG] Writing com/magistuarmory/addon/config/ArmorConfig$SalletWithoutNeckProtectionConfig with maxs=true frames=true
[Architectury Transformer DEBUG] Remapping refmap from intermediary to srg: epic-knights-addon-1.20.x-forge-forge-refmap.json
[Architectury Transformer DEBUG] Transformed com/magistuarmory/addon/config/ArmorConfig$SalletWithoutNeckProtectionConfig in 1.463 ms
[Architectury Transformer DEBUG] Transforming from com/magistuarmory/addon/config/ArmorConfig$BellowsMaximilianHelmetConfig.class to com/magistuarmory/addon/config/ArmorConfig$BellowsMaximilianHelmetConfig.class with 8 transformer(s) on dev.architectury.transformer.handler.TinyRemapperPreparedTransformerHandler
[Architectury Transformer DEBUG] Remapping with 1 mapping provider(s):
[Architectury Transformer DEBUG]  - dev.architectury.transformer.transformers.TransformForgeEnvironment$$Lambda$138/0x00007ff94408d838@b0e5507
[Architectury Transformer DEBUG] Remapping Classes:
[Architectury Transformer DEBUG] net/fabricmc/api/EnvType -> net/minecraftforge/api/distmarker/Dist
[Architectury Transformer DEBUG] net/fabricmc/api/Environment -> net/minecraftforge/api/distmarker/OnlyIn
[Architectury Transformer DEBUG] Found class transformer
[Architectury Transformer DEBUG] Writing com/magistuarmory/addon/config/ArmorConfig$BellowsMaximilianHelmetConfig with maxs=true frames=true
[Architectury Transformer DEBUG] Remapping refmap from intermediary to srg: epic-knights-addon-1.20.x-forge-forge-refmap.json
[Architectury Transformer DEBUG] Transformed com/magistuarmory/addon/config/ArmorConfig$BellowsMaximilianHelmetConfig in 1.564 ms
[Architectury Transformer DEBUG] Transforming from com/magistuarmory/addon/config/ArmorConfig$KulahKhudConfig.class to com/magistuarmory/addon/config/ArmorConfig$KulahKhudConfig.class with 8 transformer(s) on dev.architectury.transformer.handler.TinyRemapperPreparedTransformerHandler
[Architectury Transformer DEBUG] Remapping with 1 mapping provider(s):
[Architectury Transformer DEBUG]  - dev.architectury.transformer.transformers.TransformForgeEnvironment$$Lambda$138/0x00007ff94408d838@b0e5507
[Architectury Transformer DEBUG] Remapping Classes:
[Architectury Transformer DEBUG] net/fabricmc/api/EnvType -> net/minecraftforge/api/distmarker/Dist
[Architectury Transformer DEBUG] net/fabricmc/api/Environment -> net/minecraftforge/api/distmarker/OnlyIn
[Architectury Transformer DEBUG] Found class transformer
[Architectury Transformer DEBUG] Writing com/magistuarmory/addon/config/ArmorConfig$KulahKhudConfig with maxs=true frames=true
[Architectury Transformer DEBUG] Remapping refmap from intermediary to srg: epic-knights-addon-1.20.x-forge-forge-refmap.json
[Architectury Transformer DEBUG] Transformed com/magistuarmory/addon/config/ArmorConfig$KulahKhudConfig in 1.520 ms
[Architectury Transformer DEBUG] Transforming from com/magistuarmory/addon/config/ArmorConfig$CumanCaptainHelmetConfig.class to com/magistuarmory/addon/config/ArmorConfig$CumanCaptainHelmetConfig.class with 8 transformer(s) on dev.architectury.transformer.handler.TinyRemapperPreparedTransformerHandler
[Architectury Transformer DEBUG] Remapping with 1 mapping provider(s):
[Architectury Transformer DEBUG]  - dev.architectury.transformer.transformers.TransformForgeEnvironment$$Lambda$138/0x00007ff94408d838@b0e5507
[Architectury Transformer DEBUG] Remapping Classes:
[Architectury Transformer DEBUG] net/fabricmc/api/EnvType -> net/minecraftforge/api/distmarker/Dist
[Architectury Transformer DEBUG] net/fabricmc/api/Environment -> net/minecraftforge/api/distmarker/OnlyIn
[Architectury Transformer DEBUG] Found class transformer
[Architectury Transformer DEBUG] Writing com/magistuarmory/addon/config/ArmorConfig$CumanCaptainHelmetConfig with maxs=true frames=true
[Architectury Transformer DEBUG] Remapping refmap from intermediary to srg: epic-knights-addon-1.20.x-forge-forge-refmap.json
[Architectury Transformer DEBUG] Transformed com/magistuarmory/addon/config/ArmorConfig$CumanCaptainHelmetConfig in 1.500 ms
[Architectury Transformer DEBUG] Transforming from com/magistuarmory/addon/config/ArmorConfig$MirrorConfig.class to com/magistuarmory/addon/config/ArmorConfig$MirrorConfig.class with 8 transformer(s) on dev.architectury.transformer.handler.TinyRemapperPreparedTransformerHandler
[Architectury Transformer DEBUG] Remapping with 1 mapping provider(s):
[Architectury Transformer DEBUG]  - dev.architectury.transformer.transformers.TransformForgeEnvironment$$Lambda$138/0x00007ff94408d838@b0e5507
[Architectury Transformer DEBUG] Remapping Classes:
[Architectury Transformer DEBUG] net/fabricmc/api/EnvType -> net/minecraftforge/api/distmarker/Dist
[Architectury Transformer DEBUG] net/fabricmc/api/Environment -> net/minecraftforge/api/distmarker/OnlyIn
[Architectury Transformer DEBUG] Found class transformer
[Architectury Transformer DEBUG] Writing com/magistuarmory/addon/config/ArmorConfig$MirrorConfig with maxs=true frames=true
[Architectury Transformer DEBUG] Remapping refmap from intermediary to srg: epic-knights-addon-1.20.x-forge-forge-refmap.json
[Architectury Transformer DEBUG] Transformed com/magistuarmory/addon/config/ArmorConfig$MirrorConfig in 1.375 ms
[Architectury Transformer DEBUG] Transforming from com/magistuarmory/addon/config/ArmorConfig$SaracenConfig.class to com/magistuarmory/addon/config/ArmorConfig$SaracenConfig.class with 8 transformer(s) on dev.architectury.transformer.handler.TinyRemapperPreparedTransformerHandler
[Architectury Transformer DEBUG] Remapping with 1 mapping provider(s):
[Architectury Transformer DEBUG]  - dev.architectury.transformer.transformers.TransformForgeEnvironment$$Lambda$138/0x00007ff94408d838@b0e5507
[Architectury Transformer DEBUG] Remapping Classes:
[Architectury Transformer DEBUG] net/fabricmc/api/EnvType -> net/minecraftforge/api/distmarker/Dist
[Architectury Transformer DEBUG] net/fabricmc/api/Environment -> net/minecraftforge/api/distmarker/OnlyIn
[Architectury Transformer DEBUG] Found class transformer
[Architectury Transformer DEBUG] Writing com/magistuarmory/addon/config/ArmorConfig$SaracenConfig with maxs=true frames=true
[Architectury Transformer DEBUG] Remapping refmap from intermediary to srg: epic-knights-addon-1.20.x-forge-forge-refmap.json
[Architectury Transformer DEBUG] Transformed com/magistuarmory/addon/config/ArmorConfig$SaracenConfig in 1.815 ms
[Architectury Transformer DEBUG] Transforming from com/magistuarmory/addon/config/ArmorConfig$EarlyGreathelmConfig.class to com/magistuarmory/addon/config/ArmorConfig$EarlyGreathelmConfig.class with 8 transformer(s) on dev.architectury.transformer.handler.TinyRemapperPreparedTransformerHandler
[Architectury Transformer DEBUG] Remapping with 1 mapping provider(s):
[Architectury Transformer DEBUG]  - dev.architectury.transformer.transformers.TransformForgeEnvironment$$Lambda$138/0x00007ff94408d838@b0e5507
[Architectury Transformer DEBUG] Remapping Classes:
[Architectury Transformer DEBUG] net/fabricmc/api/EnvType -> net/minecraftforge/api/distmarker/Dist
[Architectury Transformer DEBUG] net/fabricmc/api/Environment -> net/minecraftforge/api/distmarker/OnlyIn
[Architectury Transformer DEBUG] Found class transformer
[Architectury Transformer DEBUG] Writing com/magistuarmory/addon/config/ArmorConfig$EarlyGreathelmConfig with maxs=true frames=true
[Architectury Transformer DEBUG] Remapping refmap from intermediary to srg: epic-knights-addon-1.20.x-forge-forge-refmap.json
[Architectury Transformer DEBUG] Transformed com/magistuarmory/addon/config/ArmorConfig$EarlyGreathelmConfig in 1.437 ms
[Architectury Transformer DEBUG] Transforming from com/magistuarmory/addon/config/ArmorConfig$XiiiCenturyKnightConfig.class to com/magistuarmory/addon/config/ArmorConfig$XiiiCenturyKnightConfig.class with 8 transformer(s) on dev.architectury.transformer.handler.TinyRemapperPreparedTransformerHandler
[Architectury Transformer DEBUG] Remapping with 1 mapping provider(s):
[Architectury Transformer DEBUG]  - dev.architectury.transformer.transformers.TransformForgeEnvironment$$Lambda$138/0x00007ff94408d838@b0e5507
[Architectury Transformer DEBUG] Remapping Classes:
[Architectury Transformer DEBUG] net/fabricmc/api/EnvType -> net/minecraftforge/api/distmarker/Dist
[Architectury Transformer DEBUG] net/fabricmc/api/Environment -> net/minecraftforge/api/distmarker/OnlyIn
[Architectury Transformer DEBUG] Found class transformer
[Architectury Transformer DEBUG] Writing com/magistuarmory/addon/config/ArmorConfig$XiiiCenturyKnightConfig with maxs=true frames=true
[Architectury Transformer DEBUG] Remapping refmap from intermediary to srg: epic-knights-addon-1.20.x-forge-forge-refmap.json
[Architectury Transformer DEBUG] Transformed com/magistuarmory/addon/config/ArmorConfig$XiiiCenturyKnightConfig in 1.377 ms
[Architectury Transformer DEBUG] Transforming from com/magistuarmory/addon/config/ArmorConfig$KlappvisorBascinetConfig.class to com/magistuarmory/addon/config/ArmorConfig$KlappvisorBascinetConfig.class with 8 transformer(s) on dev.architectury.transformer.handler.TinyRemapperPreparedTransformerHandler
[Architectury Transformer DEBUG] Remapping with 1 mapping provider(s):
[Architectury Transformer DEBUG]  - dev.architectury.transformer.transformers.TransformForgeEnvironment$$Lambda$138/0x00007ff94408d838@b0e5507
[Architectury Transformer DEBUG] Remapping Classes:
[Architectury Transformer DEBUG] net/fabricmc/api/EnvType -> net/minecraftforge/api/distmarker/Dist
[Architectury Transformer DEBUG] net/fabricmc/api/Environment -> net/minecraftforge/api/distmarker/OnlyIn
[Architectury Transformer DEBUG] Found class transformer
[Architectury Transformer DEBUG] Writing com/magistuarmory/addon/config/ArmorConfig$KlappvisorBascinetConfig with maxs=true frames=true
[Architectury Transformer DEBUG] Remapping refmap from intermediary to srg: epic-knights-addon-1.20.x-forge-forge-refmap.json
[Architectury Transformer DEBUG] Transformed com/magistuarmory/addon/config/ArmorConfig$KlappvisorBascinetConfig in 2.408 ms
[Architectury Transformer DEBUG] Transforming from com/magistuarmory/addon/config/ArmorConfig$LateBascinetConfig.class to com/magistuarmory/addon/config/ArmorConfig$LateBascinetConfig.class with 8 transformer(s) on dev.architectury.transformer.handler.TinyRemapperPreparedTransformerHandler
[Architectury Transformer DEBUG] Remapping with 1 mapping provider(s):
[Architectury Transformer DEBUG]  - dev.architectury.transformer.transformers.TransformForgeEnvironment$$Lambda$138/0x00007ff94408d838@b0e5507
[Architectury Transformer DEBUG] Remapping Classes:
[Architectury Transformer DEBUG] net/fabricmc/api/EnvType -> net/minecraftforge/api/distmarker/Dist
[Architectury Transformer DEBUG] net/fabricmc/api/Environment -> net/minecraftforge/api/distmarker/OnlyIn
[Architectury Transformer DEBUG] Found class transformer
[Architectury Transformer DEBUG] Writing com/magistuarmory/addon/config/ArmorConfig$LateBascinetConfig with maxs=true frames=true
[Architectury Transformer DEBUG] Remapping refmap from intermediary to srg: epic-knights-addon-1.20.x-forge-forge-refmap.json
[Architectury Transformer DEBUG] Transformed com/magistuarmory/addon/config/ArmorConfig$LateBascinetConfig in 2.169 ms
[Architectury Transformer DEBUG] Transforming from com/magistuarmory/addon/config/ArmorConfig$LobsterTailedHelmetConfig.class to com/magistuarmory/addon/config/ArmorConfig$LobsterTailedHelmetConfig.class with 8 transformer(s) on dev.architectury.transformer.handler.TinyRemapperPreparedTransformerHandler
[Architectury Transformer DEBUG] Remapping with 1 mapping provider(s):
[Architectury Transformer DEBUG]  - dev.architectury.transformer.transformers.TransformForgeEnvironment$$Lambda$138/0x00007ff94408d838@b0e5507
[Architectury Transformer DEBUG] Remapping Classes:
[Architectury Transformer DEBUG] net/fabricmc/api/EnvType -> net/minecraftforge/api/distmarker/Dist
[Architectury Transformer DEBUG] net/fabricmc/api/Environment -> net/minecraftforge/api/distmarker/OnlyIn
[Architectury Transformer DEBUG] Found class transformer
[Architectury Transformer DEBUG] Writing com/magistuarmory/addon/config/ArmorConfig$LobsterTailedHelmetConfig with maxs=true frames=true
[Architectury Transformer DEBUG] Remapping refmap from intermediary to srg: epic-knights-addon-1.20.x-forge-forge-refmap.json
[Architectury Transformer DEBUG] Transformed com/magistuarmory/addon/config/ArmorConfig$LobsterTailedHelmetConfig in 1.610 ms
[Architectury Transformer DEBUG] Transforming from com/magistuarmory/addon/config/ArmorConfig$ChapelConfig.class to com/magistuarmory/addon/config/ArmorConfig$ChapelConfig.class with 8 transformer(s) on dev.architectury.transformer.handler.TinyRemapperPreparedTransformerHandler
[Architectury Transformer DEBUG] Remapping with 1 mapping provider(s):
[Architectury Transformer DEBUG]  - dev.architectury.transformer.transformers.TransformForgeEnvironment$$Lambda$138/0x00007ff94408d838@b0e5507
[Architectury Transformer DEBUG] Remapping Classes:
[Architectury Transformer DEBUG] net/fabricmc/api/EnvType -> net/minecraftforge/api/distmarker/Dist
[Architectury Transformer DEBUG] net/fabricmc/api/Environment -> net/minecraftforge/api/distmarker/OnlyIn
[Architectury Transformer DEBUG] Found class transformer
[Architectury Transformer DEBUG] Writing com/magistuarmory/addon/config/ArmorConfig$ChapelConfig with maxs=true frames=true
[Architectury Transformer DEBUG] Remapping refmap from intermediary to srg: epic-knights-addon-1.20.x-forge-forge-refmap.json
[Architectury Transformer DEBUG] Transformed com/magistuarmory/addon/config/ArmorConfig$ChapelConfig in 1.430 ms
[Architectury Transformer DEBUG] Transforming from com/magistuarmory/addon/config/ArmorConfig$ChainedGambesonConfig.class to com/magistuarmory/addon/config/ArmorConfig$ChainedGambesonConfig.class with 8 transformer(s) on dev.architectury.transformer.handler.TinyRemapperPreparedTransformerHandler
[Architectury Transformer DEBUG] Remapping with 1 mapping provider(s):
[Architectury Transformer DEBUG]  - dev.architectury.transformer.transformers.TransformForgeEnvironment$$Lambda$138/0x00007ff94408d838@b0e5507
[Architectury Transformer DEBUG] Remapping Classes:
[Architectury Transformer DEBUG] net/fabricmc/api/EnvType -> net/minecraftforge/api/distmarker/Dist
[Architectury Transformer DEBUG] net/fabricmc/api/Environment -> net/minecraftforge/api/distmarker/OnlyIn
[Architectury Transformer DEBUG] Found class transformer
[Architectury Transformer DEBUG] Writing com/magistuarmory/addon/config/ArmorConfig$ChainedGambesonConfig with maxs=true frames=true
[Architectury Transformer DEBUG] Remapping refmap from intermediary to srg: epic-knights-addon-1.20.x-forge-forge-refmap.json
[Architectury Transformer DEBUG] Transformed com/magistuarmory/addon/config/ArmorConfig$ChainedGambesonConfig in 1.362 ms
[Architectury Transformer DEBUG] Transforming from com/magistuarmory/addon/config/ArmorConfig$TabletHelmetConfig.class to com/magistuarmory/addon/config/ArmorConfig$TabletHelmetConfig.class with 8 transformer(s) on dev.architectury.transformer.handler.TinyRemapperPreparedTransformerHandler
[Architectury Transformer DEBUG] Remapping with 1 mapping provider(s):
[Architectury Transformer DEBUG]  - dev.architectury.transformer.transformers.TransformForgeEnvironment$$Lambda$138/0x00007ff94408d838@b0e5507
[Architectury Transformer DEBUG] Remapping Classes:
[Architectury Transformer DEBUG] net/fabricmc/api/EnvType -> net/minecraftforge/api/distmarker/Dist
[Architectury Transformer DEBUG] net/fabricmc/api/Environment -> net/minecraftforge/api/distmarker/OnlyIn
[Architectury Transformer DEBUG] Found class transformer
[Architectury Transformer DEBUG] Writing com/magistuarmory/addon/config/ArmorConfig$TabletHelmetConfig with maxs=true frames=true
[Architectury Transformer DEBUG] Remapping refmap from intermediary to srg: epic-knights-addon-1.20.x-forge-forge-refmap.json
[Architectury Transformer DEBUG] Transformed com/magistuarmory/addon/config/ArmorConfig$TabletHelmetConfig in 1.345 ms
[Architectury Transformer DEBUG] Transforming from com/magistuarmory/addon/config/ArmorConfig$LateGreathelmConfig.class to com/magistuarmory/addon/config/ArmorConfig$LateGreathelmConfig.class with 8 transformer(s) on dev.architectury.transformer.handler.TinyRemapperPreparedTransformerHandler
[Architectury Transformer DEBUG] Remapping with 1 mapping provider(s):
[Architectury Transformer DEBUG]  - dev.architectury.transformer.transformers.TransformForgeEnvironment$$Lambda$138/0x00007ff94408d838@b0e5507
[Architectury Transformer DEBUG] Remapping Classes:
[Architectury Transformer DEBUG] net/fabricmc/api/EnvType -> net/minecraftforge/api/distmarker/Dist
[Architectury Transformer DEBUG] net/fabricmc/api/Environment -> net/minecraftforge/api/distmarker/OnlyIn
[Architectury Transformer DEBUG] Found class transformer
[Architectury Transformer DEBUG] Writing com/magistuarmory/addon/config/ArmorConfig$LateGreathelmConfig with maxs=true frames=true
[Architectury Transformer DEBUG] Remapping refmap from intermediary to srg: epic-knights-addon-1.20.x-forge-forge-refmap.json
[Architectury Transformer DEBUG] Transformed com/magistuarmory/addon/config/ArmorConfig$LateGreathelmConfig in 1.304 ms
[Architectury Transformer DEBUG] Transforming from com/magistuarmory/addon/config/ArmorConfig$BurgundianKettlehatConfig.class to com/magistuarmory/addon/config/ArmorConfig$BurgundianKettlehatConfig.class with 8 transformer(s) on dev.architectury.transformer.handler.TinyRemapperPreparedTransformerHandler
[Architectury Transformer DEBUG] Remapping with 1 mapping provider(s):
[Architectury Transformer DEBUG]  - dev.architectury.transformer.transformers.TransformForgeEnvironment$$Lambda$138/0x00007ff94408d838@b0e5507
[Architectury Transformer DEBUG] Remapping Classes:
[Architectury Transformer DEBUG] net/fabricmc/api/EnvType -> net/minecraftforge/api/distmarker/Dist
[Architectury Transformer DEBUG] net/fabricmc/api/Environment -> net/minecraftforge/api/distmarker/OnlyIn
[Architectury Transformer DEBUG] Found class transformer
[Architectury Transformer DEBUG] Writing com/magistuarmory/addon/config/ArmorConfig$BurgundianKettlehatConfig with maxs=true frames=true
[Architectury Transformer DEBUG] Remapping refmap from intermediary to srg: epic-knights-addon-1.20.x-forge-forge-refmap.json
[Architectury Transformer DEBUG] Transformed com/magistuarmory/addon/config/ArmorConfig$BurgundianKettlehatConfig in 1.320 ms
[Architectury Transformer DEBUG] Transforming from com/magistuarmory/addon/config/ArmorConfig$ClosedBurgonetConfig.class to com/magistuarmory/addon/config/ArmorConfig$ClosedBurgonetConfig.class with 8 transformer(s) on dev.architectury.transformer.handler.TinyRemapperPreparedTransformerHandler
[Architectury Transformer DEBUG] Remapping with 1 mapping provider(s):
[Architectury Transformer DEBUG]  - dev.architectury.transformer.transformers.TransformForgeEnvironment$$Lambda$138/0x00007ff94408d838@b0e5507
[Architectury Transformer DEBUG] Remapping Classes:
[Architectury Transformer DEBUG] net/fabricmc/api/EnvType -> net/minecraftforge/api/distmarker/Dist
[Architectury Transformer DEBUG] net/fabricmc/api/Environment -> net/minecraftforge/api/distmarker/OnlyIn
[Architectury Transformer DEBUG] Found class transformer
[Architectury Transformer DEBUG] Writing com/magistuarmory/addon/config/ArmorConfig$ClosedBurgonetConfig with maxs=true frames=true
[Architectury Transformer DEBUG] Remapping refmap from intermediary to srg: epic-knights-addon-1.20.x-forge-forge-refmap.json
[Architectury Transformer DEBUG] Transformed com/magistuarmory/addon/config/ArmorConfig$ClosedBurgonetConfig in 1.521 ms
[Architectury Transformer DEBUG] Transforming from com/magistuarmory/addon/config/ArmorConfig$HeavyCuirassierConfig.class to com/magistuarmory/addon/config/ArmorConfig$HeavyCuirassierConfig.class with 8 transformer(s) on dev.architectury.transformer.handler.TinyRemapperPreparedTransformerHandler
[Architectury Transformer DEBUG] Remapping with 1 mapping provider(s):
[Architectury Transformer DEBUG]  - dev.architectury.transformer.transformers.TransformForgeEnvironment$$Lambda$138/0x00007ff94408d838@b0e5507
[Architectury Transformer DEBUG] Remapping Classes:
[Architectury Transformer DEBUG] net/fabricmc/api/EnvType -> net/minecraftforge/api/distmarker/Dist
[Architectury Transformer DEBUG] net/fabricmc/api/Environment -> net/minecraftforge/api/distmarker/OnlyIn
[Architectury Transformer DEBUG] Found class transformer
[Architectury Transformer DEBUG] Writing com/magistuarmory/addon/config/ArmorConfig$HeavyCuirassierConfig with maxs=true frames=true
[Architectury Transformer DEBUG] Remapping refmap from intermediary to srg: epic-knights-addon-1.20.x-forge-forge-refmap.json
[Architectury Transformer DEBUG] Transformed com/magistuarmory/addon/config/ArmorConfig$HeavyCuirassierConfig in 1.399 ms
[Architectury Transformer DEBUG] Transforming from com/magistuarmory/addon/config/ArmorConfig$DarkHeavyCuirassierConfig.class to com/magistuarmory/addon/config/ArmorConfig$DarkHeavyCuirassierConfig.class with 8 transformer(s) on dev.architectury.transformer.handler.TinyRemapperPreparedTransformerHandler
[Architectury Transformer DEBUG] Remapping with 1 mapping provider(s):
[Architectury Transformer DEBUG]  - dev.architectury.transformer.transformers.TransformForgeEnvironment$$Lambda$138/0x00007ff94408d838@b0e5507
[Architectury Transformer DEBUG] Remapping Classes:
[Architectury Transformer DEBUG] net/fabricmc/api/EnvType -> net/minecraftforge/api/distmarker/Dist
[Architectury Transformer DEBUG] net/fabricmc/api/Environment -> net/minecraftforge/api/distmarker/OnlyIn
[Architectury Transformer DEBUG] Found class transformer
[Architectury Transformer DEBUG] Writing com/magistuarmory/addon/config/ArmorConfig$DarkHeavyCuirassierConfig with maxs=true frames=true
[Architectury Transformer DEBUG] Remapping refmap from intermediary to srg: epic-knights-addon-1.20.x-forge-forge-refmap.json
[Architectury Transformer DEBUG] Transformed com/magistuarmory/addon/config/ArmorConfig$DarkHeavyCuirassierConfig in 1.412 ms
[Architectury Transformer DEBUG] Transforming from com/magistuarmory/addon/config/ArmorConfig$LightBurgonetConfig.class to com/magistuarmory/addon/config/ArmorConfig$LightBurgonetConfig.class with 8 transformer(s) on dev.architectury.transformer.handler.TinyRemapperPreparedTransformerHandler
[Architectury Transformer DEBUG] Remapping with 1 mapping provider(s):
[Architectury Transformer DEBUG]  - dev.architectury.transformer.transformers.TransformForgeEnvironment$$Lambda$138/0x00007ff94408d838@b0e5507
[Architectury Transformer DEBUG] Remapping Classes:
[Architectury Transformer DEBUG] net/fabricmc/api/EnvType -> net/minecraftforge/api/distmarker/Dist
[Architectury Transformer DEBUG] net/fabricmc/api/Environment -> net/minecraftforge/api/distmarker/OnlyIn
[Architectury Transformer DEBUG] Found class transformer
[Architectury Transformer DEBUG] Writing com/magistuarmory/addon/config/ArmorConfig$LightBurgonetConfig with maxs=true frames=true
[Architectury Transformer DEBUG] Remapping refmap from intermediary to srg: epic-knights-addon-1.20.x-forge-forge-refmap.json
[Architectury Transformer DEBUG] Transformed com/magistuarmory/addon/config/ArmorConfig$LightBurgonetConfig in 1.377 ms
[Architectury Transformer DEBUG] Transforming from com/magistuarmory/addon/config/ArmorConfig$LateBurgonetConfig.class to com/magistuarmory/addon/config/ArmorConfig$LateBurgonetConfig.class with 8 transformer(s) on dev.architectury.transformer.handler.TinyRemapperPreparedTransformerHandler
[Architectury Transformer DEBUG] Remapping with 1 mapping provider(s):
[Architectury Transformer DEBUG]  - dev.architectury.transformer.transformers.TransformForgeEnvironment$$Lambda$138/0x00007ff94408d838@b0e5507
[Architectury Transformer DEBUG] Remapping Classes:
[Architectury Transformer DEBUG] net/fabricmc/api/EnvType -> net/minecraftforge/api/distmarker/Dist
[Architectury Transformer DEBUG] net/fabricmc/api/Environment -> net/minecraftforge/api/distmarker/OnlyIn
[Architectury Transformer DEBUG] Found class transformer
[Architectury Transformer DEBUG] Writing com/magistuarmory/addon/config/ArmorConfig$LateBurgonetConfig with maxs=true frames=true
[Architectury Transformer DEBUG] Remapping refmap from intermediary to srg: epic-knights-addon-1.20.x-forge-forge-refmap.json
[Architectury Transformer DEBUG] Transformed com/magistuarmory/addon/config/ArmorConfig$LateBurgonetConfig in 1.363 ms
[Architectury Transformer DEBUG] Transforming from com/magistuarmory/addon/config/ArmorConfig$DevilishGrotesqueMaximilianHelmetConfig.class to com/magistuarmory/addon/config/ArmorConfig$DevilishGrotesqueMaximilianHelmetConfig.class with 8 transformer(s) on dev.architectury.transformer.handler.TinyRemapperPreparedTransformerHandler
[Architectury Transformer DEBUG] Remapping with 1 mapping provider(s):
[Architectury Transformer DEBUG]  - dev.architectury.transformer.transformers.TransformForgeEnvironment$$Lambda$138/0x00007ff94408d838@b0e5507
[Architectury Transformer DEBUG] Remapping Classes:
[Architectury Transformer DEBUG] net/fabricmc/api/EnvType -> net/minecraftforge/api/distmarker/Dist
[Architectury Transformer DEBUG] net/fabricmc/api/Environment -> net/minecraftforge/api/distmarker/OnlyIn
[Architectury Transformer DEBUG] Found class transformer
[Architectury Transformer DEBUG] Writing com/magistuarmory/addon/config/ArmorConfig$DevilishGrotesqueMaximilianHelmetConfig with maxs=true frames=true
[Architectury Transformer DEBUG] Remapping refmap from intermediary to srg: epic-knights-addon-1.20.x-forge-forge-refmap.json
[Architectury Transformer DEBUG] Transformed com/magistuarmory/addon/config/ArmorConfig$DevilishGrotesqueMaximilianHelmetConfig in 1.402 ms
[Architectury Transformer DEBUG] Transforming from com/magistuarmory/addon/config/ArmorConfig$FacialGrotesqueMaximilianHelmetConfig.class to com/magistuarmory/addon/config/ArmorConfig$FacialGrotesqueMaximilianHelmetConfig.class with 8 transformer(s) on dev.architectury.transformer.handler.TinyRemapperPreparedTransformerHandler
[Architectury Transformer DEBUG] Remapping with 1 mapping provider(s):
[Architectury Transformer DEBUG]  - dev.architectury.transformer.transformers.TransformForgeEnvironment$$Lambda$138/0x00007ff94408d838@b0e5507
[Architectury Transformer DEBUG] Remapping Classes:
[Architectury Transformer DEBUG] net/fabricmc/api/EnvType -> net/minecraftforge/api/distmarker/Dist
[Architectury Transformer DEBUG] net/fabricmc/api/Environment -> net/minecraftforge/api/distmarker/OnlyIn
[Architectury Transformer DEBUG] Found class transformer
[Architectury Transformer DEBUG] Writing com/magistuarmory/addon/config/ArmorConfig$FacialGrotesqueMaximilianHelmetConfig with maxs=true frames=true
[Architectury Transformer DEBUG] Remapping refmap from intermediary to srg: epic-knights-addon-1.20.x-forge-forge-refmap.json
[Architectury Transformer DEBUG] Transformed com/magistuarmory/addon/config/ArmorConfig$FacialGrotesqueMaximilianHelmetConfig in 1.482 ms
[Architectury Transformer DEBUG] Transforming from com/magistuarmory/addon/config/ArmorConfig$DarkGildedGreenwichArmetConfig.class to com/magistuarmory/addon/config/ArmorConfig$DarkGildedGreenwichArmetConfig.class with 8 transformer(s) on dev.architectury.transformer.handler.TinyRemapperPreparedTransformerHandler
[Architectury Transformer DEBUG] Remapping with 1 mapping provider(s):
[Architectury Transformer DEBUG]  - dev.architectury.transformer.transformers.TransformForgeEnvironment$$Lambda$138/0x00007ff94408d838@b0e5507
[Architectury Transformer DEBUG] Remapping Classes:
[Architectury Transformer DEBUG] net/fabricmc/api/EnvType -> net/minecraftforge/api/distmarker/Dist
[Architectury Transformer DEBUG] net/fabricmc/api/Environment -> net/minecraftforge/api/distmarker/OnlyIn
[Architectury Transformer DEBUG] Found class transformer
[Architectury Transformer DEBUG] Writing com/magistuarmory/addon/config/ArmorConfig$DarkGildedGreenwichArmetConfig with maxs=true frames=true
[Architectury Transformer DEBUG] Remapping refmap from intermediary to srg: epic-knights-addon-1.20.x-forge-forge-refmap.json
[Architectury Transformer DEBUG] Transformed com/magistuarmory/addon/config/ArmorConfig$DarkGildedGreenwichArmetConfig in 1.427 ms
[Architectury Transformer DEBUG] Transforming from com/magistuarmory/addon/config/ArmorConfig$DarkGildedGreenwichConfig.class to com/magistuarmory/addon/config/ArmorConfig$DarkGildedGreenwichConfig.class with 8 transformer(s) on dev.architectury.transformer.handler.TinyRemapperPreparedTransformerHandler
[Architectury Transformer DEBUG] Remapping with 1 mapping provider(s):
[Architectury Transformer DEBUG]  - dev.architectury.transformer.transformers.TransformForgeEnvironment$$Lambda$138/0x00007ff94408d838@b0e5507
[Architectury Transformer DEBUG] Remapping Classes:
[Architectury Transformer DEBUG] net/fabricmc/api/EnvType -> net/minecraftforge/api/distmarker/Dist
[Architectury Transformer DEBUG] net/fabricmc/api/Environment -> net/minecraftforge/api/distmarker/OnlyIn
[Architectury Transformer DEBUG] Found class transformer
[Architectury Transformer DEBUG] Writing com/magistuarmory/addon/config/ArmorConfig$DarkGildedGreenwichConfig with maxs=true frames=true
[Architectury Transformer DEBUG] Remapping refmap from intermediary to srg: epic-knights-addon-1.20.x-forge-forge-refmap.json
[Architectury Transformer DEBUG] Transformed com/magistuarmory/addon/config/ArmorConfig$DarkGildedGreenwichConfig in 1.471 ms
[Architectury Transformer DEBUG] Transforming from com/magistuarmory/addon/config/ArmorConfig$DarkGreenwichArmetConfig.class to com/magistuarmory/addon/config/ArmorConfig$DarkGreenwichArmetConfig.class with 8 transformer(s) on dev.architectury.transformer.handler.TinyRemapperPreparedTransformerHandler
[Architectury Transformer DEBUG] Remapping with 1 mapping provider(s):
[Architectury Transformer DEBUG]  - dev.architectury.transformer.transformers.TransformForgeEnvironment$$Lambda$138/0x00007ff94408d838@b0e5507
[Architectury Transformer DEBUG] Remapping Classes:
[Architectury Transformer DEBUG] net/fabricmc/api/EnvType -> net/minecraftforge/api/distmarker/Dist
[Architectury Transformer DEBUG] net/fabricmc/api/Environment -> net/minecraftforge/api/distmarker/OnlyIn
[Architectury Transformer DEBUG] Found class transformer
[Architectury Transformer DEBUG] Writing com/magistuarmory/addon/config/ArmorConfig$DarkGreenwichArmetConfig with maxs=true frames=true
[Architectury Transformer DEBUG] Remapping refmap from intermediary to srg: epic-knights-addon-1.20.x-forge-forge-refmap.json
[Architectury Transformer DEBUG] Transformed com/magistuarmory/addon/config/ArmorConfig$DarkGreenwichArmetConfig in 2.036 ms
[Architectury Transformer DEBUG] Transforming from com/magistuarmory/addon/config/ArmorConfig$DarkGreenwichConfig.class to com/magistuarmory/addon/config/ArmorConfig$DarkGreenwichConfig.class with 8 transformer(s) on dev.architectury.transformer.handler.TinyRemapperPreparedTransformerHandler
[Architectury Transformer DEBUG] Remapping with 1 mapping provider(s):
[Architectury Transformer DEBUG]  - dev.architectury.transformer.transformers.TransformForgeEnvironment$$Lambda$138/0x00007ff94408d838@b0e5507
[Architectury Transformer DEBUG] Remapping Classes:
[Architectury Transformer DEBUG] net/fabricmc/api/EnvType -> net/minecraftforge/api/distmarker/Dist
[Architectury Transformer DEBUG] net/fabricmc/api/Environment -> net/minecraftforge/api/distmarker/OnlyIn
[Architectury Transformer DEBUG] Found class transformer
[Architectury Transformer DEBUG] Writing com/magistuarmory/addon/config/ArmorConfig$DarkGreenwichConfig with maxs=true frames=true
[Architectury Transformer DEBUG] Remapping refmap from intermediary to srg: epic-knights-addon-1.20.x-forge-forge-refmap.json
[Architectury Transformer DEBUG] Transformed com/magistuarmory/addon/config/ArmorConfig$DarkGreenwichConfig in 1.530 ms
[Architectury Transformer DEBUG] Transforming from com/magistuarmory/addon/config/ArmorConfig$LateSalletConfig.class to com/magistuarmory/addon/config/ArmorConfig$LateSalletConfig.class with 8 transformer(s) on dev.architectury.transformer.handler.TinyRemapperPreparedTransformerHandler
[Architectury Transformer DEBUG] Remapping with 1 mapping provider(s):
[Architectury Transformer DEBUG]  - dev.architectury.transformer.transformers.TransformForgeEnvironment$$Lambda$138/0x00007ff94408d838@b0e5507
[Architectury Transformer DEBUG] Remapping Classes:
[Architectury Transformer DEBUG] net/fabricmc/api/EnvType -> net/minecraftforge/api/distmarker/Dist
[Architectury Transformer DEBUG] net/fabricmc/api/Environment -> net/minecraftforge/api/distmarker/OnlyIn
[Architectury Transformer DEBUG] Found class transformer
[Architectury Transformer DEBUG] Writing com/magistuarmory/addon/config/ArmorConfig$LateSalletConfig with maxs=true frames=true
[Architectury Transformer DEBUG] Remapping refmap from intermediary to srg: epic-knights-addon-1.20.x-forge-forge-refmap.json
[Architectury Transformer DEBUG] Transformed com/magistuarmory/addon/config/ArmorConfig$LateSalletConfig in 1.456 ms
[Architectury Transformer DEBUG] Transforming from com/magistuarmory/addon/config/ArmorConfig$DarkLateSalletConfig.class to com/magistuarmory/addon/config/ArmorConfig$DarkLateSalletConfig.class with 8 transformer(s) on dev.architectury.transformer.handler.TinyRemapperPreparedTransformerHandler
[Architectury Transformer DEBUG] Remapping with 1 mapping provider(s):
[Architectury Transformer DEBUG]  - dev.architectury.transformer.transformers.TransformForgeEnvironment$$Lambda$138/0x00007ff94408d838@b0e5507
[Architectury Transformer DEBUG] Remapping Classes:
[Architectury Transformer DEBUG] net/fabricmc/api/EnvType -> net/minecraftforge/api/distmarker/Dist
[Architectury Transformer DEBUG] net/fabricmc/api/Environment -> net/minecraftforge/api/distmarker/OnlyIn
[Architectury Transformer DEBUG] Found class transformer
[Architectury Transformer DEBUG] Writing com/magistuarmory/addon/config/ArmorConfig$DarkLateSalletConfig with maxs=true frames=true
[Architectury Transformer DEBUG] Remapping refmap from intermediary to srg: epic-knights-addon-1.20.x-forge-forge-refmap.json
[Architectury Transformer DEBUG] Transformed com/magistuarmory/addon/config/ArmorConfig$DarkLateSalletConfig in 1.439 ms
[Architectury Transformer DEBUG] Transforming from com/magistuarmory/addon/config/ArmorConfig$SteelPuffAndSlashConfig.class to com/magistuarmory/addon/config/ArmorConfig$SteelPuffAndSlashConfig.class with 8 transformer(s) on dev.architectury.transformer.handler.TinyRemapperPreparedTransformerHandler
[Architectury Transformer DEBUG] Remapping with 1 mapping provider(s):
[Architectury Transformer DEBUG]  - dev.architectury.transformer.transformers.TransformForgeEnvironment$$Lambda$138/0x00007ff94408d838@b0e5507
[Architectury Transformer DEBUG] Remapping Classes:
[Architectury Transformer DEBUG] net/fabricmc/api/EnvType -> net/minecraftforge/api/distmarker/Dist
[Architectury Transformer DEBUG] net/fabricmc/api/Environment -> net/minecraftforge/api/distmarker/OnlyIn
[Architectury Transformer DEBUG] Found class transformer
[Architectury Transformer DEBUG] Writing com/magistuarmory/addon/config/ArmorConfig$SteelPuffAndSlashConfig with maxs=true frames=true
[Architectury Transformer DEBUG] Remapping refmap from intermediary to srg: epic-knights-addon-1.20.x-forge-forge-refmap.json
[Architectury Transformer DEBUG] Transformed com/magistuarmory/addon/config/ArmorConfig$SteelPuffAndSlashConfig in 1.533 ms
[Architectury Transformer DEBUG] Transforming from com/magistuarmory/addon/config/ArmorConfig$GildedSteelPuffAndSlashConfig.class to com/magistuarmory/addon/config/ArmorConfig$GildedSteelPuffAndSlashConfig.class with 8 transformer(s) on dev.architectury.transformer.handler.TinyRemapperPreparedTransformerHandler
[Architectury Transformer DEBUG] Remapping with 1 mapping provider(s):
[Architectury Transformer DEBUG]  - dev.architectury.transformer.transformers.TransformForgeEnvironment$$Lambda$138/0x00007ff94408d838@b0e5507
[Architectury Transformer DEBUG] Remapping Classes:
[Architectury Transformer DEBUG] net/fabricmc/api/EnvType -> net/minecraftforge/api/distmarker/Dist
[Architectury Transformer DEBUG] net/fabricmc/api/Environment -> net/minecraftforge/api/distmarker/OnlyIn
[Architectury Transformer DEBUG] Found class transformer
[Architectury Transformer DEBUG] Writing com/magistuarmory/addon/config/ArmorConfig$GildedSteelPuffAndSlashConfig with maxs=true frames=true
[Architectury Transformer DEBUG] Remapping refmap from intermediary to srg: epic-knights-addon-1.20.x-forge-forge-refmap.json
[Architectury Transformer DEBUG] Transformed com/magistuarmory/addon/config/ArmorConfig$GildedSteelPuffAndSlashConfig in 1.498 ms
[Architectury Transformer DEBUG] Transforming from com/magistuarmory/addon/config/ArmorConfig$SturmhaubeConfig.class to com/magistuarmory/addon/config/ArmorConfig$SturmhaubeConfig.class with 8 transformer(s) on dev.architectury.transformer.handler.TinyRemapperPreparedTransformerHandler
[Architectury Transformer DEBUG] Remapping with 1 mapping provider(s):
[Architectury Transformer DEBUG]  - dev.architectury.transformer.transformers.TransformForgeEnvironment$$Lambda$138/0x00007ff94408d838@b0e5507
[Architectury Transformer DEBUG] Remapping Classes:
[Architectury Transformer DEBUG] net/fabricmc/api/EnvType -> net/minecraftforge/api/distmarker/Dist
[Architectury Transformer DEBUG] net/fabricmc/api/Environment -> net/minecraftforge/api/distmarker/OnlyIn
[Architectury Transformer DEBUG] Found class transformer
[Architectury Transformer DEBUG] Writing com/magistuarmory/addon/config/ArmorConfig$SturmhaubeConfig with maxs=true frames=true
[Architectury Transformer DEBUG] Remapping refmap from intermediary to srg: epic-knights-addon-1.20.x-forge-forge-refmap.json
[Architectury Transformer DEBUG] Transformed com/magistuarmory/addon/config/ArmorConfig$SturmhaubeConfig in 1.521 ms
[Architectury Transformer DEBUG] Transforming from com/magistuarmory/addon/config/ArmorConfig$SilveredDarkBellowsMaximilianHelmetConfig.class to com/magistuarmory/addon/config/ArmorConfig$SilveredDarkBellowsMaximilianHelmetConfig.class with 8 transformer(s) on dev.architectury.transformer.handler.TinyRemapperPreparedTransformerHandler
[Architectury Transformer DEBUG] Remapping with 1 mapping provider(s):
[Architectury Transformer DEBUG]  - dev.architectury.transformer.transformers.TransformForgeEnvironment$$Lambda$138/0x00007ff94408d838@b0e5507
[Architectury Transformer DEBUG] Remapping Classes:
[Architectury Transformer DEBUG] net/fabricmc/api/EnvType -> net/minecraftforge/api/distmarker/Dist
[Architectury Transformer DEBUG] net/fabricmc/api/Environment -> net/minecraftforge/api/distmarker/OnlyIn
[Architectury Transformer DEBUG] Found class transformer
[Architectury Transformer DEBUG] Writing com/magistuarmory/addon/config/ArmorConfig$SilveredDarkBellowsMaximilianHelmetConfig with maxs=true frames=true
[Architectury Transformer DEBUG] Remapping refmap from intermediary to srg: epic-knights-addon-1.20.x-forge-forge-refmap.json
[Architectury Transformer DEBUG] Transformed com/magistuarmory/addon/config/ArmorConfig$SilveredDarkBellowsMaximilianHelmetConfig in 1.444 ms
[Architectury Transformer DEBUG] Transforming from com/magistuarmory/addon/config/ArmorConfig$SilveredDarkMaximilianHelmetConfig.class to com/magistuarmory/addon/config/ArmorConfig$SilveredDarkMaximilianHelmetConfig.class with 8 transformer(s) on dev.architectury.transformer.handler.TinyRemapperPreparedTransformerHandler
[Architectury Transformer DEBUG] Remapping with 1 mapping provider(s):
[Architectury Transformer DEBUG]  - dev.architectury.transformer.transformers.TransformForgeEnvironment$$Lambda$138/0x00007ff94408d838@b0e5507
[Architectury Transformer DEBUG] Remapping Classes:
[Architectury Transformer DEBUG] net/fabricmc/api/EnvType -> net/minecraftforge/api/distmarker/Dist
[Architectury Transformer DEBUG] net/fabricmc/api/Environment -> net/minecraftforge/api/distmarker/OnlyIn
[Architectury Transformer DEBUG] Found class transformer
[Architectury Transformer DEBUG] Writing com/magistuarmory/addon/config/ArmorConfig$SilveredDarkMaximilianHelmetConfig with maxs=true frames=true
[Architectury Transformer DEBUG] Remapping refmap from intermediary to srg: epic-knights-addon-1.20.x-forge-forge-refmap.json
[Architectury Transformer DEBUG] Transformed com/magistuarmory/addon/config/ArmorConfig$SilveredDarkMaximilianHelmetConfig in 1.346 ms
[Architectury Transformer DEBUG] Transforming from com/magistuarmory/addon/config/ArmorConfig$SilveredDarkMaximilianConfig.class to com/magistuarmory/addon/config/ArmorConfig$SilveredDarkMaximilianConfig.class with 8 transformer(s) on dev.architectury.transformer.handler.TinyRemapperPreparedTransformerHandler
[Architectury Transformer DEBUG] Remapping with 1 mapping provider(s):
[Architectury Transformer DEBUG]  - dev.architectury.transformer.transformers.TransformForgeEnvironment$$Lambda$138/0x00007ff94408d838@b0e5507
[Architectury Transformer DEBUG] Remapping Classes:
[Architectury Transformer DEBUG] net/fabricmc/api/EnvType -> net/minecraftforge/api/distmarker/Dist
[Architectury Transformer DEBUG] net/fabricmc/api/Environment -> net/minecraftforge/api/distmarker/OnlyIn
[Architectury Transformer DEBUG] Found class transformer
[Architectury Transformer DEBUG] Writing com/magistuarmory/addon/config/ArmorConfig$SilveredDarkMaximilianConfig with maxs=true frames=true
[Architectury Transformer DEBUG] Remapping refmap from intermediary to srg: epic-knights-addon-1.20.x-forge-forge-refmap.json
[Architectury Transformer DEBUG] Transformed com/magistuarmory/addon/config/ArmorConfig$SilveredDarkMaximilianConfig in 1.392 ms
[Architectury Transformer DEBUG] Transforming from com/magistuarmory/addon/config/ArmorConfig$GildedGrandBascinetConfig.class to com/magistuarmory/addon/config/ArmorConfig$GildedGrandBascinetConfig.class with 8 transformer(s) on dev.architectury.transformer.handler.TinyRemapperPreparedTransformerHandler
[Architectury Transformer DEBUG] Remapping with 1 mapping provider(s):
[Architectury Transformer DEBUG]  - dev.architectury.transformer.transformers.TransformForgeEnvironment$$Lambda$138/0x00007ff94408d838@b0e5507
[Architectury Transformer DEBUG] Remapping Classes:
[Architectury Transformer DEBUG] net/fabricmc/api/EnvType -> net/minecraftforge/api/distmarker/Dist
[Architectury Transformer DEBUG] net/fabricmc/api/Environment -> net/minecraftforge/api/distmarker/OnlyIn
[Architectury Transformer DEBUG] Found class transformer
[Architectury Transformer DEBUG] Writing com/magistuarmory/addon/config/ArmorConfig$GildedGrandBascinetConfig with maxs=true frames=true
[Architectury Transformer DEBUG] Remapping refmap from intermediary to srg: epic-knights-addon-1.20.x-forge-forge-refmap.json
[Architectury Transformer DEBUG] Transformed com/magistuarmory/addon/config/ArmorConfig$GildedGrandBascinetConfig in 1.323 ms
[Architectury Transformer DEBUG] Transforming from com/magistuarmory/addon/config/ArmorConfig$CeremonialKastenbrustConfig.class to com/magistuarmory/addon/config/ArmorConfig$CeremonialKastenbrustConfig.class with 8 transformer(s) on dev.architectury.transformer.handler.TinyRemapperPreparedTransformerHandler
[Architectury Transformer DEBUG] Remapping with 1 mapping provider(s):
[Architectury Transformer DEBUG]  - dev.architectury.transformer.transformers.TransformForgeEnvironment$$Lambda$138/0x00007ff94408d838@b0e5507
[Architectury Transformer DEBUG] Remapping Classes:
[Architectury Transformer DEBUG] net/fabricmc/api/EnvType -> net/minecraftforge/api/distmarker/Dist
[Architectury Transformer DEBUG] net/fabricmc/api/Environment -> net/minecraftforge/api/distmarker/OnlyIn
[Architectury Transformer DEBUG] Found class transformer
[Architectury Transformer DEBUG] Writing com/magistuarmory/addon/config/ArmorConfig$CeremonialKastenbrustConfig with maxs=true frames=true
[Architectury Transformer DEBUG] Remapping refmap from intermediary to srg: epic-knights-addon-1.20.x-forge-forge-refmap.json
[Architectury Transformer DEBUG] Transformed com/magistuarmory/addon/config/ArmorConfig$CeremonialKastenbrustConfig in 1.314 ms
[Architectury Transformer DEBUG] Transforming from com/magistuarmory/addon/config/ArmorConfig$GildedXivCenturyKnightConfig.class to com/magistuarmory/addon/config/ArmorConfig$GildedXivCenturyKnightConfig.class with 8 transformer(s) on dev.architectury.transformer.handler.TinyRemapperPreparedTransformerHandler
[Architectury Transformer DEBUG] Remapping with 1 mapping provider(s):
[Architectury Transformer DEBUG]  - dev.architectury.transformer.transformers.TransformForgeEnvironment$$Lambda$138/0x00007ff94408d838@b0e5507
[Architectury Transformer DEBUG] Remapping Classes:
[Architectury Transformer DEBUG] net/fabricmc/api/EnvType -> net/minecraftforge/api/distmarker/Dist
[Architectury Transformer DEBUG] net/fabricmc/api/Environment -> net/minecraftforge/api/distmarker/OnlyIn
[Architectury Transformer DEBUG] Found class transformer
[Architectury Transformer DEBUG] Writing com/magistuarmory/addon/config/ArmorConfig$GildedXivCenturyKnightConfig with maxs=true frames=true
[Architectury Transformer DEBUG] Remapping refmap from intermediary to srg: epic-knights-addon-1.20.x-forge-forge-refmap.json
[Architectury Transformer DEBUG] Transformed com/magistuarmory/addon/config/ArmorConfig$GildedXivCenturyKnightConfig in 1.403 ms
[Architectury Transformer DEBUG] Transforming from com/magistuarmory/addon/config/ArmorConfig$GallowglassConfig.class to com/magistuarmory/addon/config/ArmorConfig$GallowglassConfig.class with 8 transformer(s) on dev.architectury.transformer.handler.TinyRemapperPreparedTransformerHandler
[Architectury Transformer DEBUG] Remapping with 1 mapping provider(s):
[Architectury Transformer DEBUG]  - dev.architectury.transformer.transformers.TransformForgeEnvironment$$Lambda$138/0x00007ff94408d838@b0e5507
[Architectury Transformer DEBUG] Remapping Classes:
[Architectury Transformer DEBUG] net/fabricmc/api/EnvType -> net/minecraftforge/api/distmarker/Dist
[Architectury Transformer DEBUG] net/fabricmc/api/Environment -> net/minecraftforge/api/distmarker/OnlyIn
[Architectury Transformer DEBUG] Found class transformer
[Architectury Transformer DEBUG] Writing com/magistuarmory/addon/config/ArmorConfig$GallowglassConfig with maxs=true frames=true
[Architectury Transformer DEBUG] Remapping refmap from intermediary to srg: epic-knights-addon-1.20.x-forge-forge-refmap.json
[Architectury Transformer DEBUG] Transformed com/magistuarmory/addon/config/ArmorConfig$GallowglassConfig in 1.398 ms
[Architectury Transformer DEBUG] Transforming from com/magistuarmory/addon/config/ArmorConfig$EnglishKnightConfig.class to com/magistuarmory/addon/config/ArmorConfig$EnglishKnightConfig.class with 8 transformer(s) on dev.architectury.transformer.handler.TinyRemapperPreparedTransformerHandler
[Architectury Transformer DEBUG] Remapping with 1 mapping provider(s):
[Architectury Transformer DEBUG]  - dev.architectury.transformer.transformers.TransformForgeEnvironment$$Lambda$138/0x00007ff94408d838@b0e5507
[Architectury Transformer DEBUG] Remapping Classes:
[Architectury Transformer DEBUG] net/fabricmc/api/EnvType -> net/minecraftforge/api/distmarker/Dist
[Architectury Transformer DEBUG] net/fabricmc/api/Environment -> net/minecraftforge/api/distmarker/OnlyIn
[Architectury Transformer DEBUG] Found class transformer
[Architectury Transformer DEBUG] Writing com/magistuarmory/addon/config/ArmorConfig$EnglishKnightConfig with maxs=true frames=true
[Architectury Transformer DEBUG] Remapping refmap from intermediary to srg: epic-knights-addon-1.20.x-forge-forge-refmap.json
[Architectury Transformer DEBUG] Transformed com/magistuarmory/addon/config/ArmorConfig$EnglishKnightConfig in 2.501 ms
[Architectury Transformer DEBUG] Transforming from com/magistuarmory/addon/config/ArmorConfig$GildedHalfArmorConfig.class to com/magistuarmory/addon/config/ArmorConfig$GildedHalfArmorConfig.class with 8 transformer(s) on dev.architectury.transformer.handler.TinyRemapperPreparedTransformerHandler
[Architectury Transformer DEBUG] Remapping with 1 mapping provider(s):
[Architectury Transformer DEBUG]  - dev.architectury.transformer.transformers.TransformForgeEnvironment$$Lambda$138/0x00007ff94408d838@b0e5507
[Architectury Transformer DEBUG] Remapping Classes:
[Architectury Transformer DEBUG] net/fabricmc/api/EnvType -> net/minecraftforge/api/distmarker/Dist
[Architectury Transformer DEBUG] net/fabricmc/api/Environment -> net/minecraftforge/api/distmarker/OnlyIn
[Architectury Transformer DEBUG] Found class transformer
[Architectury Transformer DEBUG] Writing com/magistuarmory/addon/config/ArmorConfig$GildedHalfArmorConfig with maxs=true frames=true
[Architectury Transformer DEBUG] Remapping refmap from intermediary to srg: epic-knights-addon-1.20.x-forge-forge-refmap.json
[Architectury Transformer DEBUG] Transformed com/magistuarmory/addon/config/ArmorConfig$GildedHalfArmorConfig in 1.656 ms
[Architectury Transformer DEBUG] Transforming from com/magistuarmory/addon/config/ArmorConfig$GildedExquisiteMaximilianHelmetConfig.class to com/magistuarmory/addon/config/ArmorConfig$GildedExquisiteMaximilianHelmetConfig.class with 8 transformer(s) on dev.architectury.transformer.handler.TinyRemapperPreparedTransformerHandler
[Architectury Transformer DEBUG] Remapping with 1 mapping provider(s):
[Architectury Transformer DEBUG]  - dev.architectury.transformer.transformers.TransformForgeEnvironment$$Lambda$138/0x00007ff94408d838@b0e5507
[Architectury Transformer DEBUG] Remapping Classes:
[Architectury Transformer DEBUG] net/fabricmc/api/EnvType -> net/minecraftforge/api/distmarker/Dist
[Architectury Transformer DEBUG] net/fabricmc/api/Environment -> net/minecraftforge/api/distmarker/OnlyIn
[Architectury Transformer DEBUG] Found class transformer
[Architectury Transformer DEBUG] Writing com/magistuarmory/addon/config/ArmorConfig$GildedExquisiteMaximilianHelmetConfig with maxs=true frames=true
[Architectury Transformer DEBUG] Remapping refmap from intermediary to srg: epic-knights-addon-1.20.x-forge-forge-refmap.json
[Architectury Transformer DEBUG] Transformed com/magistuarmory/addon/config/ArmorConfig$GildedExquisiteMaximilianHelmetConfig in 1.436 ms
[Architectury Transformer DEBUG] Transforming from com/magistuarmory/addon/config/ArmorConfig$GildedMaximilianHelmetConfig.class to com/magistuarmory/addon/config/ArmorConfig$GildedMaximilianHelmetConfig.class with 8 transformer(s) on dev.architectury.transformer.handler.TinyRemapperPreparedTransformerHandler
[Architectury Transformer DEBUG] Remapping with 1 mapping provider(s):
[Architectury Transformer DEBUG]  - dev.architectury.transformer.transformers.TransformForgeEnvironment$$Lambda$138/0x00007ff94408d838@b0e5507
[Architectury Transformer DEBUG] Remapping Classes:
[Architectury Transformer DEBUG] net/fabricmc/api/EnvType -> net/minecraftforge/api/distmarker/Dist
[Architectury Transformer DEBUG] net/fabricmc/api/Environment -> net/minecraftforge/api/distmarker/OnlyIn
[Architectury Transformer DEBUG] Found class transformer
[Architectury Transformer DEBUG] Writing com/magistuarmory/addon/config/ArmorConfig$GildedMaximilianHelmetConfig with maxs=true frames=true
[Architectury Transformer DEBUG] Remapping refmap from intermediary to srg: epic-knights-addon-1.20.x-forge-forge-refmap.json
[Architectury Transformer DEBUG] Transformed com/magistuarmory/addon/config/ArmorConfig$GildedMaximilianHelmetConfig in 1.344 ms
[Architectury Transformer DEBUG] Transforming from com/magistuarmory/addon/config/ArmorConfig$GildedMaximilianConfig.class to com/magistuarmory/addon/config/ArmorConfig$GildedMaximilianConfig.class with 8 transformer(s) on dev.architectury.transformer.handler.TinyRemapperPreparedTransformerHandler
[Architectury Transformer DEBUG] Remapping with 1 mapping provider(s):
[Architectury Transformer DEBUG]  - dev.architectury.transformer.transformers.TransformForgeEnvironment$$Lambda$138/0x00007ff94408d838@b0e5507
[Architectury Transformer DEBUG] Remapping Classes:
[Architectury Transformer DEBUG] net/fabricmc/api/EnvType -> net/minecraftforge/api/distmarker/Dist
[Architectury Transformer DEBUG] net/fabricmc/api/Environment -> net/minecraftforge/api/distmarker/OnlyIn
[Architectury Transformer DEBUG] Found class transformer
[Architectury Transformer DEBUG] Writing com/magistuarmory/addon/config/ArmorConfig$GildedMaximilianConfig with maxs=true frames=true
[Architectury Transformer DEBUG] Remapping refmap from intermediary to srg: epic-knights-addon-1.20.x-forge-forge-refmap.json
[Architectury Transformer DEBUG] Transformed com/magistuarmory/addon/config/ArmorConfig$GildedMaximilianConfig in 1.372 ms
[Architectury Transformer DEBUG] Transforming from com/magistuarmory/addon/config/ArmorConfig$CoatOfPlatesConfig.class to com/magistuarmory/addon/config/ArmorConfig$CoatOfPlatesConfig.class with 8 transformer(s) on dev.architectury.transformer.handler.TinyRemapperPreparedTransformerHandler
[Architectury Transformer DEBUG] Remapping with 1 mapping provider(s):
[Architectury Transformer DEBUG]  - dev.architectury.transformer.transformers.TransformForgeEnvironment$$Lambda$138/0x00007ff94408d838@b0e5507
[Architectury Transformer DEBUG] Remapping Classes:
[Architectury Transformer DEBUG] net/fabricmc/api/EnvType -> net/minecraftforge/api/distmarker/Dist
[Architectury Transformer DEBUG] net/fabricmc/api/Environment -> net/minecraftforge/api/distmarker/OnlyIn
[Architectury Transformer DEBUG] Found class transformer
[Architectury Transformer DEBUG] Writing com/magistuarmory/addon/config/ArmorConfig$CoatOfPlatesConfig with maxs=true frames=true
[Architectury Transformer DEBUG] Remapping refmap from intermediary to srg: epic-knights-addon-1.20.x-forge-forge-refmap.json
[Architectury Transformer DEBUG] Transformed com/magistuarmory/addon/config/ArmorConfig$CoatOfPlatesConfig in 1.374 ms
[Architectury Transformer DEBUG] Transforming from com/magistuarmory/addon/config/ArmorConfig$SilveredDarkHalfArmorConfig.class to com/magistuarmory/addon/config/ArmorConfig$SilveredDarkHalfArmorConfig.class with 8 transformer(s) on dev.architectury.transformer.handler.TinyRemapperPreparedTransformerHandler
[Architectury Transformer DEBUG] Remapping with 1 mapping provider(s):
[Architectury Transformer DEBUG]  - dev.architectury.transformer.transformers.TransformForgeEnvironment$$Lambda$138/0x00007ff94408d838@b0e5507
[Architectury Transformer DEBUG] Remapping Classes:
[Architectury Transformer DEBUG] net/fabricmc/api/EnvType -> net/minecraftforge/api/distmarker/Dist
[Architectury Transformer DEBUG] net/fabricmc/api/Environment -> net/minecraftforge/api/distmarker/OnlyIn
[Architectury Transformer DEBUG] Found class transformer
[Architectury Transformer DEBUG] Writing com/magistuarmory/addon/config/ArmorConfig$SilveredDarkHalfArmorConfig with maxs=true frames=true
[Architectury Transformer DEBUG] Remapping refmap from intermediary to srg: epic-knights-addon-1.20.x-forge-forge-refmap.json
[Architectury Transformer DEBUG] Transformed com/magistuarmory/addon/config/ArmorConfig$SilveredDarkHalfArmorConfig in 1.373 ms
[Architectury Transformer DEBUG] Transforming from com/magistuarmory/addon/config/ArmorConfig$GildedDarkSalletConfig.class to com/magistuarmory/addon/config/ArmorConfig$GildedDarkSalletConfig.class with 8 transformer(s) on dev.architectury.transformer.handler.TinyRemapperPreparedTransformerHandler
[Architectury Transformer DEBUG] Remapping with 1 mapping provider(s):
[Architectury Transformer DEBUG]  - dev.architectury.transformer.transformers.TransformForgeEnvironment$$Lambda$138/0x00007ff94408d838@b0e5507
[Architectury Transformer DEBUG] Remapping Classes:
[Architectury Transformer DEBUG] net/fabricmc/api/EnvType -> net/minecraftforge/api/distmarker/Dist
[Architectury Transformer DEBUG] net/fabricmc/api/Environment -> net/minecraftforge/api/distmarker/OnlyIn
[Architectury Transformer DEBUG] Found class transformer
[Architectury Transformer DEBUG] Writing com/magistuarmory/addon/config/ArmorConfig$GildedDarkSalletConfig with maxs=true frames=true
[Architectury Transformer DEBUG] Remapping refmap from intermediary to srg: epic-knights-addon-1.20.x-forge-forge-refmap.json
[Architectury Transformer DEBUG] Transformed com/magistuarmory/addon/config/ArmorConfig$GildedDarkSalletConfig in 1.364 ms
[Architectury Transformer DEBUG] Transforming from com/magistuarmory/addon/config/ArmorConfig$GildedDarkGothicConfig.class to com/magistuarmory/addon/config/ArmorConfig$GildedDarkGothicConfig.class with 8 transformer(s) on dev.architectury.transformer.handler.TinyRemapperPreparedTransformerHandler
[Architectury Transformer DEBUG] Remapping with 1 mapping provider(s):
[Architectury Transformer DEBUG]  - dev.architectury.transformer.transformers.TransformForgeEnvironment$$Lambda$138/0x00007ff94408d838@b0e5507
[Architectury Transformer DEBUG] Remapping Classes:
[Architectury Transformer DEBUG] net/fabricmc/api/EnvType -> net/minecraftforge/api/distmarker/Dist
[Architectury Transformer DEBUG] net/fabricmc/api/Environment -> net/minecraftforge/api/distmarker/OnlyIn
[Architectury Transformer DEBUG] Found class transformer
[Architectury Transformer DEBUG] Writing com/magistuarmory/addon/config/ArmorConfig$GildedDarkGothicConfig with maxs=true frames=true
[Architectury Transformer DEBUG] Remapping refmap from intermediary to srg: epic-knights-addon-1.20.x-forge-forge-refmap.json
[Architectury Transformer DEBUG] Transformed com/magistuarmory/addon/config/ArmorConfig$GildedDarkGothicConfig in 1.368 ms
[Architectury Transformer DEBUG] Transforming from com/magistuarmory/addon/config/ArmorConfig$GildedSalletConfig.class to com/magistuarmory/addon/config/ArmorConfig$GildedSalletConfig.class with 8 transformer(s) on dev.architectury.transformer.handler.TinyRemapperPreparedTransformerHandler
[Architectury Transformer DEBUG] Remapping with 1 mapping provider(s):
[Architectury Transformer DEBUG]  - dev.architectury.transformer.transformers.TransformForgeEnvironment$$Lambda$138/0x00007ff94408d838@b0e5507
[Architectury Transformer DEBUG] Remapping Classes:
[Architectury Transformer DEBUG] net/fabricmc/api/EnvType -> net/minecraftforge/api/distmarker/Dist
[Architectury Transformer DEBUG] net/fabricmc/api/Environment -> net/minecraftforge/api/distmarker/OnlyIn
[Architectury Transformer DEBUG] Found class transformer
[Architectury Transformer DEBUG] Writing com/magistuarmory/addon/config/ArmorConfig$GildedSalletConfig with maxs=true frames=true
[Architectury Transformer DEBUG] Remapping refmap from intermediary to srg: epic-knights-addon-1.20.x-forge-forge-refmap.json
[Architectury Transformer DEBUG] Transformed com/magistuarmory/addon/config/ArmorConfig$GildedSalletConfig in 1.384 ms
[Architectury Transformer DEBUG] Transforming from com/magistuarmory/addon/config/ArmorConfig$GildedGothicConfig.class to com/magistuarmory/addon/config/ArmorConfig$GildedGothicConfig.class with 8 transformer(s) on dev.architectury.transformer.handler.TinyRemapperPreparedTransformerHandler
[Architectury Transformer DEBUG] Remapping with 1 mapping provider(s):
[Architectury Transformer DEBUG]  - dev.architectury.transformer.transformers.TransformForgeEnvironment$$Lambda$138/0x00007ff94408d838@b0e5507
[Architectury Transformer DEBUG] Remapping Classes:
[Architectury Transformer DEBUG] net/fabricmc/api/EnvType -> net/minecraftforge/api/distmarker/Dist
[Architectury Transformer DEBUG] net/fabricmc/api/Environment -> net/minecraftforge/api/distmarker/OnlyIn
[Architectury Transformer DEBUG] Found class transformer
[Architectury Transformer DEBUG] Writing com/magistuarmory/addon/config/ArmorConfig$GildedGothicConfig with maxs=true frames=true
[Architectury Transformer DEBUG] Remapping refmap from intermediary to srg: epic-knights-addon-1.20.x-forge-forge-refmap.json
[Architectury Transformer DEBUG] Transformed com/magistuarmory/addon/config/ArmorConfig$GildedGothicConfig in 1.492 ms
[Architectury Transformer DEBUG] Transforming from com/magistuarmory/addon/config/ArmorConfig$GildedGreenwichArmetConfig.class to com/magistuarmory/addon/config/ArmorConfig$GildedGreenwichArmetConfig.class with 8 transformer(s) on dev.architectury.transformer.handler.TinyRemapperPreparedTransformerHandler
[Architectury Transformer DEBUG] Remapping with 1 mapping provider(s):
[Architectury Transformer DEBUG]  - dev.architectury.transformer.transformers.TransformForgeEnvironment$$Lambda$138/0x00007ff94408d838@b0e5507
[Architectury Transformer DEBUG] Remapping Classes:
[Architectury Transformer DEBUG] net/fabricmc/api/EnvType -> net/minecraftforge/api/distmarker/Dist
[Architectury Transformer DEBUG] net/fabricmc/api/Environment -> net/minecraftforge/api/distmarker/OnlyIn
[Architectury Transformer DEBUG] Found class transformer
[Architectury Transformer DEBUG] Writing com/magistuarmory/addon/config/ArmorConfig$GildedGreenwichArmetConfig with maxs=true frames=true
[Architectury Transformer DEBUG] Remapping refmap from intermediary to srg: epic-knights-addon-1.20.x-forge-forge-refmap.json
[Architectury Transformer DEBUG] Transformed com/magistuarmory/addon/config/ArmorConfig$GildedGreenwichArmetConfig in 1.409 ms
[Architectury Transformer DEBUG] Transforming from com/magistuarmory/addon/config/ArmorConfig$GildedGreenwichConfig.class to com/magistuarmory/addon/config/ArmorConfig$GildedGreenwichConfig.class with 8 transformer(s) on dev.architectury.transformer.handler.TinyRemapperPreparedTransformerHandler
[Architectury Transformer DEBUG] Remapping with 1 mapping provider(s):
[Architectury Transformer DEBUG]  - dev.architectury.transformer.transformers.TransformForgeEnvironment$$Lambda$138/0x00007ff94408d838@b0e5507
[Architectury Transformer DEBUG] Remapping Classes:
[Architectury Transformer DEBUG] net/fabricmc/api/EnvType -> net/minecraftforge/api/distmarker/Dist
[Architectury Transformer DEBUG] net/fabricmc/api/Environment -> net/minecraftforge/api/distmarker/OnlyIn
[Architectury Transformer DEBUG] Found class transformer
[Architectury Transformer DEBUG] Writing com/magistuarmory/addon/config/ArmorConfig$GildedGreenwichConfig with maxs=true frames=true
[Architectury Transformer DEBUG] Remapping refmap from intermediary to srg: epic-knights-addon-1.20.x-forge-forge-refmap.json
[Architectury Transformer DEBUG] Transformed com/magistuarmory/addon/config/ArmorConfig$GildedGreenwichConfig in 1.497 ms
[Architectury Transformer DEBUG] Transforming from com/magistuarmory/addon/config/ArmorConfig$GreenwichArmetConfig.class to com/magistuarmory/addon/config/ArmorConfig$GreenwichArmetConfig.class with 8 transformer(s) on dev.architectury.transformer.handler.TinyRemapperPreparedTransformerHandler
[Architectury Transformer DEBUG] Remapping with 1 mapping provider(s):
[Architectury Transformer DEBUG]  - dev.architectury.transformer.transformers.TransformForgeEnvironment$$Lambda$138/0x00007ff94408d838@b0e5507
[Architectury Transformer DEBUG] Remapping Classes:
[Architectury Transformer DEBUG] net/fabricmc/api/EnvType -> net/minecraftforge/api/distmarker/Dist
[Architectury Transformer DEBUG] net/fabricmc/api/Environment -> net/minecraftforge/api/distmarker/OnlyIn
[Architectury Transformer DEBUG] Found class transformer
[Architectury Transformer DEBUG] Writing com/magistuarmory/addon/config/ArmorConfig$GreenwichArmetConfig with maxs=true frames=true
[Architectury Transformer DEBUG] Remapping refmap from intermediary to srg: epic-knights-addon-1.20.x-forge-forge-refmap.json
[Architectury Transformer DEBUG] Transformed com/magistuarmory/addon/config/ArmorConfig$GreenwichArmetConfig in 1.555 ms
[Architectury Transformer DEBUG] Transforming from com/magistuarmory/addon/config/ArmorConfig$GreenwichConfig.class to com/magistuarmory/addon/config/ArmorConfig$GreenwichConfig.class with 8 transformer(s) on dev.architectury.transformer.handler.TinyRemapperPreparedTransformerHandler
[Architectury Transformer DEBUG] Remapping with 1 mapping provider(s):
[Architectury Transformer DEBUG]  - dev.architectury.transformer.transformers.TransformForgeEnvironment$$Lambda$138/0x00007ff94408d838@b0e5507
[Architectury Transformer DEBUG] Remapping Classes:
[Architectury Transformer DEBUG] net/fabricmc/api/EnvType -> net/minecraftforge/api/distmarker/Dist
[Architectury Transformer DEBUG] net/fabricmc/api/Environment -> net/minecraftforge/api/distmarker/OnlyIn
[Architectury Transformer DEBUG] Found class transformer
[Architectury Transformer DEBUG] Writing com/magistuarmory/addon/config/ArmorConfig$GreenwichConfig with maxs=true frames=true
[Architectury Transformer DEBUG] Remapping refmap from intermediary to srg: epic-knights-addon-1.20.x-forge-forge-refmap.json
[Architectury Transformer DEBUG] Transformed com/magistuarmory/addon/config/ArmorConfig$GreenwichConfig in 2.040 ms
[Architectury Transformer DEBUG] Transforming from com/magistuarmory/addon/config/ArmorConfig$LandsknechtOrangeHatConfig.class to com/magistuarmory/addon/config/ArmorConfig$LandsknechtOrangeHatConfig.class with 8 transformer(s) on dev.architectury.transformer.handler.TinyRemapperPreparedTransformerHandler
[Architectury Transformer DEBUG] Remapping with 1 mapping provider(s):
[Architectury Transformer DEBUG]  - dev.architectury.transformer.transformers.TransformForgeEnvironment$$Lambda$138/0x00007ff94408d838@b0e5507
[Architectury Transformer DEBUG] Remapping Classes:
[Architectury Transformer DEBUG] net/fabricmc/api/EnvType -> net/minecraftforge/api/distmarker/Dist
[Architectury Transformer DEBUG] net/fabricmc/api/Environment -> net/minecraftforge/api/distmarker/OnlyIn
[Architectury Transformer DEBUG] Found class transformer
[Architectury Transformer DEBUG] Writing com/magistuarmory/addon/config/ArmorConfig$LandsknechtOrangeHatConfig with maxs=true frames=true
[Architectury Transformer DEBUG] Remapping refmap from intermediary to srg: epic-knights-addon-1.20.x-forge-forge-refmap.json
[Architectury Transformer DEBUG] Transformed com/magistuarmory/addon/config/ArmorConfig$LandsknechtOrangeHatConfig in 2.252 ms
[Architectury Transformer DEBUG] Transforming from com/magistuarmory/addon/config/ArmorConfig$LandsknechtMagentaHatConfig.class to com/magistuarmory/addon/config/ArmorConfig$LandsknechtMagentaHatConfig.class with 8 transformer(s) on dev.architectury.transformer.handler.TinyRemapperPreparedTransformerHandler
[Architectury Transformer DEBUG] Remapping with 1 mapping provider(s):
[Architectury Transformer DEBUG]  - dev.architectury.transformer.transformers.TransformForgeEnvironment$$Lambda$138/0x00007ff94408d838@b0e5507
[Architectury Transformer DEBUG] Remapping Classes:
[Architectury Transformer DEBUG] net/fabricmc/api/EnvType -> net/minecraftforge/api/distmarker/Dist
[Architectury Transformer DEBUG] net/fabricmc/api/Environment -> net/minecraftforge/api/distmarker/OnlyIn
[Architectury Transformer DEBUG] Found class transformer
[Architectury Transformer DEBUG] Writing com/magistuarmory/addon/config/ArmorConfig$LandsknechtMagentaHatConfig with maxs=true frames=true
[Architectury Transformer DEBUG] Remapping refmap from intermediary to srg: epic-knights-addon-1.20.x-forge-forge-refmap.json
[Architectury Transformer DEBUG] Transformed com/magistuarmory/addon/config/ArmorConfig$LandsknechtMagentaHatConfig in 1.570 ms
[Architectury Transformer DEBUG] Transforming from com/magistuarmory/addon/config/ArmorConfig$LandsknechtLightBlueHatConfig.class to com/magistuarmory/addon/config/ArmorConfig$LandsknechtLightBlueHatConfig.class with 8 transformer(s) on dev.architectury.transformer.handler.TinyRemapperPreparedTransformerHandler
[Architectury Transformer DEBUG] Remapping with 1 mapping provider(s):
[Architectury Transformer DEBUG]  - dev.architectury.transformer.transformers.TransformForgeEnvironment$$Lambda$138/0x00007ff94408d838@b0e5507
[Architectury Transformer DEBUG] Remapping Classes:
[Architectury Transformer DEBUG] net/fabricmc/api/EnvType -> net/minecraftforge/api/distmarker/Dist
[Architectury Transformer DEBUG] net/fabricmc/api/Environment -> net/minecraftforge/api/distmarker/OnlyIn
[Architectury Transformer DEBUG] Found class transformer
[Architectury Transformer DEBUG] Writing com/magistuarmory/addon/config/ArmorConfig$LandsknechtLightBlueHatConfig with maxs=true frames=true
[Architectury Transformer DEBUG] Remapping refmap from intermediary to srg: epic-knights-addon-1.20.x-forge-forge-refmap.json
[Architectury Transformer DEBUG] Transformed com/magistuarmory/addon/config/ArmorConfig$LandsknechtLightBlueHatConfig in 1.553 ms
[Architectury Transformer DEBUG] Transforming from com/magistuarmory/addon/config/ArmorConfig$LandsknechtYellowHatConfig.class to com/magistuarmory/addon/config/ArmorConfig$LandsknechtYellowHatConfig.class with 8 transformer(s) on dev.architectury.transformer.handler.TinyRemapperPreparedTransformerHandler
[Architectury Transformer DEBUG] Remapping with 1 mapping provider(s):
[Architectury Transformer DEBUG]  - dev.architectury.transformer.transformers.TransformForgeEnvironment$$Lambda$138/0x00007ff94408d838@b0e5507
[Architectury Transformer DEBUG] Remapping Classes:
[Architectury Transformer DEBUG] net/fabricmc/api/EnvType -> net/minecraftforge/api/distmarker/Dist
[Architectury Transformer DEBUG] net/fabricmc/api/Environment -> net/minecraftforge/api/distmarker/OnlyIn
[Architectury Transformer DEBUG] Found class transformer
[Architectury Transformer DEBUG] Writing com/magistuarmory/addon/config/ArmorConfig$LandsknechtYellowHatConfig with maxs=true frames=true
[Architectury Transformer DEBUG] Remapping refmap from intermediary to srg: epic-knights-addon-1.20.x-forge-forge-refmap.json
[Architectury Transformer DEBUG] Transformed com/magistuarmory/addon/config/ArmorConfig$LandsknechtYellowHatConfig in 1.695 ms
[Architectury Transformer DEBUG] Transforming from com/magistuarmory/addon/config/ArmorConfig$LandsknechtLimeHatConfig.class to com/magistuarmory/addon/config/ArmorConfig$LandsknechtLimeHatConfig.class with 8 transformer(s) on dev.architectury.transformer.handler.TinyRemapperPreparedTransformerHandler
[Architectury Transformer DEBUG] Remapping with 1 mapping provider(s):
[Architectury Transformer DEBUG]  - dev.architectury.transformer.transformers.TransformForgeEnvironment$$Lambda$138/0x00007ff94408d838@b0e5507
[Architectury Transformer DEBUG] Remapping Classes:
[Architectury Transformer DEBUG] net/fabricmc/api/EnvType -> net/minecraftforge/api/distmarker/Dist
[Architectury Transformer DEBUG] net/fabricmc/api/Environment -> net/minecraftforge/api/distmarker/OnlyIn
[Architectury Transformer DEBUG] Found class transformer
[Architectury Transformer DEBUG] Writing com/magistuarmory/addon/config/ArmorConfig$LandsknechtLimeHatConfig with maxs=true frames=true
[Architectury Transformer DEBUG] Remapping refmap from intermediary to srg: epic-knights-addon-1.20.x-forge-forge-refmap.json
[Architectury Transformer DEBUG] Transformed com/magistuarmory/addon/config/ArmorConfig$LandsknechtLimeHatConfig in 1.420 ms
[Architectury Transformer DEBUG] Transforming from com/magistuarmory/addon/config/ArmorConfig$LandsknechtPinkHatConfig.class to com/magistuarmory/addon/config/ArmorConfig$LandsknechtPinkHatConfig.class with 8 transformer(s) on dev.architectury.transformer.handler.TinyRemapperPreparedTransformerHandler
[Architectury Transformer DEBUG] Remapping with 1 mapping provider(s):
[Architectury Transformer DEBUG]  - dev.architectury.transformer.transformers.TransformForgeEnvironment$$Lambda$138/0x00007ff94408d838@b0e5507
[Architectury Transformer DEBUG] Remapping Classes:
[Architectury Transformer DEBUG] net/fabricmc/api/EnvType -> net/minecraftforge/api/distmarker/Dist
[Architectury Transformer DEBUG] net/fabricmc/api/Environment -> net/minecraftforge/api/distmarker/OnlyIn
[Architectury Transformer DEBUG] Found class transformer
[Architectury Transformer DEBUG] Writing com/magistuarmory/addon/config/ArmorConfig$LandsknechtPinkHatConfig with maxs=true frames=true
[Architectury Transformer DEBUG] Remapping refmap from intermediary to srg: epic-knights-addon-1.20.x-forge-forge-refmap.json
[Architectury Transformer DEBUG] Transformed com/magistuarmory/addon/config/ArmorConfig$LandsknechtPinkHatConfig in 1.495 ms
[Architectury Transformer DEBUG] Transforming from com/magistuarmory/addon/config/ArmorConfig$LandsknechtGrayHatConfig.class to com/magistuarmory/addon/config/ArmorConfig$LandsknechtGrayHatConfig.class with 8 transformer(s) on dev.architectury.transformer.handler.TinyRemapperPreparedTransformerHandler
[Architectury Transformer DEBUG] Remapping with 1 mapping provider(s):
[Architectury Transformer DEBUG]  - dev.architectury.transformer.transformers.TransformForgeEnvironment$$Lambda$138/0x00007ff94408d838@b0e5507
[Architectury Transformer DEBUG] Remapping Classes:
[Architectury Transformer DEBUG] net/fabricmc/api/EnvType -> net/minecraftforge/api/distmarker/Dist
[Architectury Transformer DEBUG] net/fabricmc/api/Environment -> net/minecraftforge/api/distmarker/OnlyIn
[Architectury Transformer DEBUG] Found class transformer
[Architectury Transformer DEBUG] Writing com/magistuarmory/addon/config/ArmorConfig$LandsknechtGrayHatConfig with maxs=true frames=true
[Architectury Transformer DEBUG] Remapping refmap from intermediary to srg: epic-knights-addon-1.20.x-forge-forge-refmap.json
[Architectury Transformer DEBUG] Transformed com/magistuarmory/addon/config/ArmorConfig$LandsknechtGrayHatConfig in 1.399 ms
[Architectury Transformer DEBUG] Transforming from com/magistuarmory/addon/config/ArmorConfig$LandsknechtLightGrayHatConfig.class to com/magistuarmory/addon/config/ArmorConfig$LandsknechtLightGrayHatConfig.class with 8 transformer(s) on dev.architectury.transformer.handler.TinyRemapperPreparedTransformerHandler
[Architectury Transformer DEBUG] Remapping with 1 mapping provider(s):
[Architectury Transformer DEBUG]  - dev.architectury.transformer.transformers.TransformForgeEnvironment$$Lambda$138/0x00007ff94408d838@b0e5507
[Architectury Transformer DEBUG] Remapping Classes:
[Architectury Transformer DEBUG] net/fabricmc/api/EnvType -> net/minecraftforge/api/distmarker/Dist
[Architectury Transformer DEBUG] net/fabricmc/api/Environment -> net/minecraftforge/api/distmarker/OnlyIn
[Architectury Transformer DEBUG] Found class transformer
[Architectury Transformer DEBUG] Writing com/magistuarmory/addon/config/ArmorConfig$LandsknechtLightGrayHatConfig with maxs=true frames=true
[Architectury Transformer DEBUG] Remapping refmap from intermediary to srg: epic-knights-addon-1.20.x-forge-forge-refmap.json
[Architectury Transformer DEBUG] Transformed com/magistuarmory/addon/config/ArmorConfig$LandsknechtLightGrayHatConfig in 1.407 ms
[Architectury Transformer DEBUG] Transforming from com/magistuarmory/addon/config/ArmorConfig$LandsknechtCyanHatConfig.class to com/magistuarmory/addon/config/ArmorConfig$LandsknechtCyanHatConfig.class with 8 transformer(s) on dev.architectury.transformer.handler.TinyRemapperPreparedTransformerHandler
[Architectury Transformer DEBUG] Remapping with 1 mapping provider(s):
[Architectury Transformer DEBUG]  - dev.architectury.transformer.transformers.TransformForgeEnvironment$$Lambda$138/0x00007ff94408d838@b0e5507
[Architectury Transformer DEBUG] Remapping Classes:
[Architectury Transformer DEBUG] net/fabricmc/api/EnvType -> net/minecraftforge/api/distmarker/Dist
[Architectury Transformer DEBUG] net/fabricmc/api/Environment -> net/minecraftforge/api/distmarker/OnlyIn
[Architectury Transformer DEBUG] Found class transformer
[Architectury Transformer DEBUG] Writing com/magistuarmory/addon/config/ArmorConfig$LandsknechtCyanHatConfig with maxs=true frames=true
[Architectury Transformer DEBUG] Remapping refmap from intermediary to srg: epic-knights-addon-1.20.x-forge-forge-refmap.json
[Architectury Transformer DEBUG] Transformed com/magistuarmory/addon/config/ArmorConfig$LandsknechtCyanHatConfig in 1.498 ms
[Architectury Transformer DEBUG] Transforming from com/magistuarmory/addon/config/ArmorConfig$LandsknechtPurpleHatConfig.class to com/magistuarmory/addon/config/ArmorConfig$LandsknechtPurpleHatConfig.class with 8 transformer(s) on dev.architectury.transformer.handler.TinyRemapperPreparedTransformerHandler
[Architectury Transformer DEBUG] Remapping with 1 mapping provider(s):
[Architectury Transformer DEBUG]  - dev.architectury.transformer.transformers.TransformForgeEnvironment$$Lambda$138/0x00007ff94408d838@b0e5507
[Architectury Transformer DEBUG] Remapping Classes:
[Architectury Transformer DEBUG] net/fabricmc/api/EnvType -> net/minecraftforge/api/distmarker/Dist
[Architectury Transformer DEBUG] net/fabricmc/api/Environment -> net/minecraftforge/api/distmarker/OnlyIn
[Architectury Transformer DEBUG] Found class transformer
[Architectury Transformer DEBUG] Writing com/magistuarmory/addon/config/ArmorConfig$LandsknechtPurpleHatConfig with maxs=true frames=true
[Architectury Transformer DEBUG] Remapping refmap from intermediary to srg: epic-knights-addon-1.20.x-forge-forge-refmap.json
[Architectury Transformer DEBUG] Transformed com/magistuarmory/addon/config/ArmorConfig$LandsknechtPurpleHatConfig in 1.421 ms
[Architectury Transformer DEBUG] Transforming from com/magistuarmory/addon/config/ArmorConfig$LandsknechtBlueHatConfig.class to com/magistuarmory/addon/config/ArmorConfig$LandsknechtBlueHatConfig.class with 8 transformer(s) on dev.architectury.transformer.handler.TinyRemapperPreparedTransformerHandler
[Architectury Transformer DEBUG] Remapping with 1 mapping provider(s):
[Architectury Transformer DEBUG]  - dev.architectury.transformer.transformers.TransformForgeEnvironment$$Lambda$138/0x00007ff94408d838@b0e5507
[Architectury Transformer DEBUG] Remapping Classes:
[Architectury Transformer DEBUG] net/fabricmc/api/EnvType -> net/minecraftforge/api/distmarker/Dist
[Architectury Transformer DEBUG] net/fabricmc/api/Environment -> net/minecraftforge/api/distmarker/OnlyIn
[Architectury Transformer DEBUG] Found class transformer
[Architectury Transformer DEBUG] Writing com/magistuarmory/addon/config/ArmorConfig$LandsknechtBlueHatConfig with maxs=true frames=true
[Architectury Transformer DEBUG] Remapping refmap from intermediary to srg: epic-knights-addon-1.20.x-forge-forge-refmap.json
[Architectury Transformer DEBUG] Transformed com/magistuarmory/addon/config/ArmorConfig$LandsknechtBlueHatConfig in 1.586 ms
[Architectury Transformer DEBUG] Transforming from com/magistuarmory/addon/config/ArmorConfig$LandsknechtBrownHatConfig.class to com/magistuarmory/addon/config/ArmorConfig$LandsknechtBrownHatConfig.class with 8 transformer(s) on dev.architectury.transformer.handler.TinyRemapperPreparedTransformerHandler
[Architectury Transformer DEBUG] Remapping with 1 mapping provider(s):
[Architectury Transformer DEBUG]  - dev.architectury.transformer.transformers.TransformForgeEnvironment$$Lambda$138/0x00007ff94408d838@b0e5507
[Architectury Transformer DEBUG] Remapping Classes:
[Architectury Transformer DEBUG] net/fabricmc/api/EnvType -> net/minecraftforge/api/distmarker/Dist
[Architectury Transformer DEBUG] net/fabricmc/api/Environment -> net/minecraftforge/api/distmarker/OnlyIn
[Architectury Transformer DEBUG] Found class transformer
[Architectury Transformer DEBUG] Writing com/magistuarmory/addon/config/ArmorConfig$LandsknechtBrownHatConfig with maxs=true frames=true
[Architectury Transformer DEBUG] Remapping refmap from intermediary to srg: epic-knights-addon-1.20.x-forge-forge-refmap.json
[Architectury Transformer DEBUG] Transformed com/magistuarmory/addon/config/ArmorConfig$LandsknechtBrownHatConfig in 2.011 ms
[Architectury Transformer DEBUG] Transforming from com/magistuarmory/addon/config/ArmorConfig$LandsknechtGreenHatConfig.class to com/magistuarmory/addon/config/ArmorConfig$LandsknechtGreenHatConfig.class with 8 transformer(s) on dev.architectury.transformer.handler.TinyRemapperPreparedTransformerHandler
[Architectury Transformer DEBUG] Remapping with 1 mapping provider(s):
[Architectury Transformer DEBUG]  - dev.architectury.transformer.transformers.TransformForgeEnvironment$$Lambda$138/0x00007ff94408d838@b0e5507
[Architectury Transformer DEBUG] Remapping Classes:
[Architectury Transformer DEBUG] net/fabricmc/api/EnvType -> net/minecraftforge/api/distmarker/Dist
[Architectury Transformer DEBUG] net/fabricmc/api/Environment -> net/minecraftforge/api/distmarker/OnlyIn
[Architectury Transformer DEBUG] Found class transformer
[Architectury Transformer DEBUG] Writing com/magistuarmory/addon/config/ArmorConfig$LandsknechtGreenHatConfig with maxs=true frames=true
[Architectury Transformer DEBUG] Remapping refmap from intermediary to srg: epic-knights-addon-1.20.x-forge-forge-refmap.json
[Architectury Transformer DEBUG] Transformed com/magistuarmory/addon/config/ArmorConfig$LandsknechtGreenHatConfig in 1.511 ms
[Architectury Transformer DEBUG] Transforming from com/magistuarmory/addon/config/ArmorConfig$LandsknechtRedHatConfig.class to com/magistuarmory/addon/config/ArmorConfig$LandsknechtRedHatConfig.class with 8 transformer(s) on dev.architectury.transformer.handler.TinyRemapperPreparedTransformerHandler
[Architectury Transformer DEBUG] Remapping with 1 mapping provider(s):
[Architectury Transformer DEBUG]  - dev.architectury.transformer.transformers.TransformForgeEnvironment$$Lambda$138/0x00007ff94408d838@b0e5507
[Architectury Transformer DEBUG] Remapping Classes:
[Architectury Transformer DEBUG] net/fabricmc/api/EnvType -> net/minecraftforge/api/distmarker/Dist
[Architectury Transformer DEBUG] net/fabricmc/api/Environment -> net/minecraftforge/api/distmarker/OnlyIn
[Architectury Transformer DEBUG] Found class transformer
[Architectury Transformer DEBUG] Writing com/magistuarmory/addon/config/ArmorConfig$LandsknechtRedHatConfig with maxs=true frames=true
[Architectury Transformer DEBUG] Remapping refmap from intermediary to srg: epic-knights-addon-1.20.x-forge-forge-refmap.json
[Architectury Transformer DEBUG] Transformed com/magistuarmory/addon/config/ArmorConfig$LandsknechtRedHatConfig in 1.514 ms
[Architectury Transformer DEBUG] Transforming from com/magistuarmory/addon/config/ArmorConfig$LandsknechtBlackHatConfig.class to com/magistuarmory/addon/config/ArmorConfig$LandsknechtBlackHatConfig.class with 8 transformer(s) on dev.architectury.transformer.handler.TinyRemapperPreparedTransformerHandler
[Architectury Transformer DEBUG] Remapping with 1 mapping provider(s):
[Architectury Transformer DEBUG]  - dev.architectury.transformer.transformers.TransformForgeEnvironment$$Lambda$138/0x00007ff94408d838@b0e5507
[Architectury Transformer DEBUG] Remapping Classes:
[Architectury Transformer DEBUG] net/fabricmc/api/EnvType -> net/minecraftforge/api/distmarker/Dist
[Architectury Transformer DEBUG] net/fabricmc/api/Environment -> net/minecraftforge/api/distmarker/OnlyIn
[Architectury Transformer DEBUG] Found class transformer
[Architectury Transformer DEBUG] Writing com/magistuarmory/addon/config/ArmorConfig$LandsknechtBlackHatConfig with maxs=true frames=true
[Architectury Transformer DEBUG] Remapping refmap from intermediary to srg: epic-knights-addon-1.20.x-forge-forge-refmap.json
[Architectury Transformer DEBUG] Transformed com/magistuarmory/addon/config/ArmorConfig$LandsknechtBlackHatConfig in 1.472 ms
[Architectury Transformer DEBUG] Transforming from com/magistuarmory/addon/config/ArmorConfig$LandsknechtWhiteHatConfig.class to com/magistuarmory/addon/config/ArmorConfig$LandsknechtWhiteHatConfig.class with 8 transformer(s) on dev.architectury.transformer.handler.TinyRemapperPreparedTransformerHandler
[Architectury Transformer DEBUG] Remapping with 1 mapping provider(s):
[Architectury Transformer DEBUG]  - dev.architectury.transformer.transformers.TransformForgeEnvironment$$Lambda$138/0x00007ff94408d838@b0e5507
[Architectury Transformer DEBUG] Remapping Classes:
[Architectury Transformer DEBUG] net/fabricmc/api/EnvType -> net/minecraftforge/api/distmarker/Dist
[Architectury Transformer DEBUG] net/fabricmc/api/Environment -> net/minecraftforge/api/distmarker/OnlyIn
[Architectury Transformer DEBUG] Found class transformer
[Architectury Transformer DEBUG] Writing com/magistuarmory/addon/config/ArmorConfig$LandsknechtWhiteHatConfig with maxs=true frames=true
[Architectury Transformer DEBUG] Remapping refmap from intermediary to srg: epic-knights-addon-1.20.x-forge-forge-refmap.json
[Architectury Transformer DEBUG] Transformed com/magistuarmory/addon/config/ArmorConfig$LandsknechtWhiteHatConfig in 1.458 ms
[Architectury Transformer DEBUG] Transforming from com/magistuarmory/addon/config/ArmorConfig$OrangePuffAndSlashConfig.class to com/magistuarmory/addon/config/ArmorConfig$OrangePuffAndSlashConfig.class with 8 transformer(s) on dev.architectury.transformer.handler.TinyRemapperPreparedTransformerHandler
[Architectury Transformer DEBUG] Remapping with 1 mapping provider(s):
[Architectury Transformer DEBUG]  - dev.architectury.transformer.transformers.TransformForgeEnvironment$$Lambda$138/0x00007ff94408d838@b0e5507
[Architectury Transformer DEBUG] Remapping Classes:
[Architectury Transformer DEBUG] net/fabricmc/api/EnvType -> net/minecraftforge/api/distmarker/Dist
[Architectury Transformer DEBUG] net/fabricmc/api/Environment -> net/minecraftforge/api/distmarker/OnlyIn
[Architectury Transformer DEBUG] Found class transformer
[Architectury Transformer DEBUG] Writing com/magistuarmory/addon/config/ArmorConfig$OrangePuffAndSlashConfig with maxs=true frames=true
[Architectury Transformer DEBUG] Remapping refmap from intermediary to srg: epic-knights-addon-1.20.x-forge-forge-refmap.json
[Architectury Transformer DEBUG] Transformed com/magistuarmory/addon/config/ArmorConfig$OrangePuffAndSlashConfig in 1.970 ms
[Architectury Transformer DEBUG] Transforming from com/magistuarmory/addon/config/ArmorConfig$MagentaPuffAndSlashConfig.class to com/magistuarmory/addon/config/ArmorConfig$MagentaPuffAndSlashConfig.class with 8 transformer(s) on dev.architectury.transformer.handler.TinyRemapperPreparedTransformerHandler
[Architectury Transformer DEBUG] Remapping with 1 mapping provider(s):
[Architectury Transformer DEBUG]  - dev.architectury.transformer.transformers.TransformForgeEnvironment$$Lambda$138/0x00007ff94408d838@b0e5507
[Architectury Transformer DEBUG] Remapping Classes:
[Architectury Transformer DEBUG] net/fabricmc/api/EnvType -> net/minecraftforge/api/distmarker/Dist
[Architectury Transformer DEBUG] net/fabricmc/api/Environment -> net/minecraftforge/api/distmarker/OnlyIn
[Architectury Transformer DEBUG] Found class transformer
[Architectury Transformer DEBUG] Writing com/magistuarmory/addon/config/ArmorConfig$MagentaPuffAndSlashConfig with maxs=true frames=true
[Architectury Transformer DEBUG] Remapping refmap from intermediary to srg: epic-knights-addon-1.20.x-forge-forge-refmap.json
[Architectury Transformer DEBUG] Transformed com/magistuarmory/addon/config/ArmorConfig$MagentaPuffAndSlashConfig in 1.779 ms
[Architectury Transformer DEBUG] Transforming from com/magistuarmory/addon/config/ArmorConfig$LightBluePuffAndSlashConfig.class to com/magistuarmory/addon/config/ArmorConfig$LightBluePuffAndSlashConfig.class with 8 transformer(s) on dev.architectury.transformer.handler.TinyRemapperPreparedTransformerHandler
[Architectury Transformer DEBUG] Remapping with 1 mapping provider(s):
[Architectury Transformer DEBUG]  - dev.architectury.transformer.transformers.TransformForgeEnvironment$$Lambda$138/0x00007ff94408d838@b0e5507
[Architectury Transformer DEBUG] Remapping Classes:
[Architectury Transformer DEBUG] net/fabricmc/api/EnvType -> net/minecraftforge/api/distmarker/Dist
[Architectury Transformer DEBUG] net/fabricmc/api/Environment -> net/minecraftforge/api/distmarker/OnlyIn
[Architectury Transformer DEBUG] Found class transformer
[Architectury Transformer DEBUG] Writing com/magistuarmory/addon/config/ArmorConfig$LightBluePuffAndSlashConfig with maxs=true frames=true
[Architectury Transformer DEBUG] Remapping refmap from intermediary to srg: epic-knights-addon-1.20.x-forge-forge-refmap.json
[Architectury Transformer DEBUG] Transformed com/magistuarmory/addon/config/ArmorConfig$LightBluePuffAndSlashConfig in 1.607 ms
[Architectury Transformer DEBUG] Transforming from com/magistuarmory/addon/config/ArmorConfig$YellowPuffAndSlashConfig.class to com/magistuarmory/addon/config/ArmorConfig$YellowPuffAndSlashConfig.class with 8 transformer(s) on dev.architectury.transformer.handler.TinyRemapperPreparedTransformerHandler
[Architectury Transformer DEBUG] Remapping with 1 mapping provider(s):
[Architectury Transformer DEBUG]  - dev.architectury.transformer.transformers.TransformForgeEnvironment$$Lambda$138/0x00007ff94408d838@b0e5507
[Architectury Transformer DEBUG] Remapping Classes:
[Architectury Transformer DEBUG] net/fabricmc/api/EnvType -> net/minecraftforge/api/distmarker/Dist
[Architectury Transformer DEBUG] net/fabricmc/api/Environment -> net/minecraftforge/api/distmarker/OnlyIn
[Architectury Transformer DEBUG] Found class transformer
[Architectury Transformer DEBUG] Writing com/magistuarmory/addon/config/ArmorConfig$YellowPuffAndSlashConfig with maxs=true frames=true
[Architectury Transformer DEBUG] Remapping refmap from intermediary to srg: epic-knights-addon-1.20.x-forge-forge-refmap.json
[Architectury Transformer DEBUG] Transformed com/magistuarmory/addon/config/ArmorConfig$YellowPuffAndSlashConfig in 1.423 ms
[Architectury Transformer DEBUG] Transforming from com/magistuarmory/addon/config/ArmorConfig$LimePuffAndSlashConfig.class to com/magistuarmory/addon/config/ArmorConfig$LimePuffAndSlashConfig.class with 8 transformer(s) on dev.architectury.transformer.handler.TinyRemapperPreparedTransformerHandler
[Architectury Transformer DEBUG] Remapping with 1 mapping provider(s):
[Architectury Transformer DEBUG]  - dev.architectury.transformer.transformers.TransformForgeEnvironment$$Lambda$138/0x00007ff94408d838@b0e5507
[Architectury Transformer DEBUG] Remapping Classes:
[Architectury Transformer DEBUG] net/fabricmc/api/EnvType -> net/minecraftforge/api/distmarker/Dist
[Architectury Transformer DEBUG] net/fabricmc/api/Environment -> net/minecraftforge/api/distmarker/OnlyIn
[Architectury Transformer DEBUG] Found class transformer
[Architectury Transformer DEBUG] Writing com/magistuarmory/addon/config/ArmorConfig$LimePuffAndSlashConfig with maxs=true frames=true
[Architectury Transformer DEBUG] Remapping refmap from intermediary to srg: epic-knights-addon-1.20.x-forge-forge-refmap.json
[Architectury Transformer DEBUG] Transformed com/magistuarmory/addon/config/ArmorConfig$LimePuffAndSlashConfig in 1.413 ms
[Architectury Transformer DEBUG] Transforming from com/magistuarmory/addon/config/ArmorConfig$PinkPuffAndSlashConfig.class to com/magistuarmory/addon/config/ArmorConfig$PinkPuffAndSlashConfig.class with 8 transformer(s) on dev.architectury.transformer.handler.TinyRemapperPreparedTransformerHandler
[Architectury Transformer DEBUG] Remapping with 1 mapping provider(s):
[Architectury Transformer DEBUG]  - dev.architectury.transformer.transformers.TransformForgeEnvironment$$Lambda$138/0x00007ff94408d838@b0e5507
[Architectury Transformer DEBUG] Remapping Classes:
[Architectury Transformer DEBUG] net/fabricmc/api/EnvType -> net/minecraftforge/api/distmarker/Dist
[Architectury Transformer DEBUG] net/fabricmc/api/Environment -> net/minecraftforge/api/distmarker/OnlyIn
[Architectury Transformer DEBUG] Found class transformer
[Architectury Transformer DEBUG] Writing com/magistuarmory/addon/config/ArmorConfig$PinkPuffAndSlashConfig with maxs=true frames=true
[Architectury Transformer DEBUG] Remapping refmap from intermediary to srg: epic-knights-addon-1.20.x-forge-forge-refmap.json
[Architectury Transformer DEBUG] Transformed com/magistuarmory/addon/config/ArmorConfig$PinkPuffAndSlashConfig in 1.451 ms
[Architectury Transformer DEBUG] Transforming from com/magistuarmory/addon/config/ArmorConfig$GrayPuffAndSlashConfig.class to com/magistuarmory/addon/config/ArmorConfig$GrayPuffAndSlashConfig.class with 8 transformer(s) on dev.architectury.transformer.handler.TinyRemapperPreparedTransformerHandler
[Architectury Transformer DEBUG] Remapping with 1 mapping provider(s):
[Architectury Transformer DEBUG]  - dev.architectury.transformer.transformers.TransformForgeEnvironment$$Lambda$138/0x00007ff94408d838@b0e5507
[Architectury Transformer DEBUG] Remapping Classes:
[Architectury Transformer DEBUG] net/fabricmc/api/EnvType -> net/minecraftforge/api/distmarker/Dist
[Architectury Transformer DEBUG] net/fabricmc/api/Environment -> net/minecraftforge/api/distmarker/OnlyIn
[Architectury Transformer DEBUG] Found class transformer
[Architectury Transformer DEBUG] Writing com/magistuarmory/addon/config/ArmorConfig$GrayPuffAndSlashConfig with maxs=true frames=true
[Architectury Transformer DEBUG] Remapping refmap from intermediary to srg: epic-knights-addon-1.20.x-forge-forge-refmap.json
[Architectury Transformer DEBUG] Transformed com/magistuarmory/addon/config/ArmorConfig$GrayPuffAndSlashConfig in 1.429 ms
[Architectury Transformer DEBUG] Transforming from com/magistuarmory/addon/config/ArmorConfig$LightGrayPuffAndSlashConfig.class to com/magistuarmory/addon/config/ArmorConfig$LightGrayPuffAndSlashConfig.class with 8 transformer(s) on dev.architectury.transformer.handler.TinyRemapperPreparedTransformerHandler
[Architectury Transformer DEBUG] Remapping with 1 mapping provider(s):
[Architectury Transformer DEBUG]  - dev.architectury.transformer.transformers.TransformForgeEnvironment$$Lambda$138/0x00007ff94408d838@b0e5507
[Architectury Transformer DEBUG] Remapping Classes:
[Architectury Transformer DEBUG] net/fabricmc/api/EnvType -> net/minecraftforge/api/distmarker/Dist
[Architectury Transformer DEBUG] net/fabricmc/api/Environment -> net/minecraftforge/api/distmarker/OnlyIn
[Architectury Transformer DEBUG] Found class transformer
[Architectury Transformer DEBUG] Writing com/magistuarmory/addon/config/ArmorConfig$LightGrayPuffAndSlashConfig with maxs=true frames=true
[Architectury Transformer DEBUG] Remapping refmap from intermediary to srg: epic-knights-addon-1.20.x-forge-forge-refmap.json
[Architectury Transformer DEBUG] Transformed com/magistuarmory/addon/config/ArmorConfig$LightGrayPuffAndSlashConfig in 1.864 ms
[Architectury Transformer DEBUG] Transforming from com/magistuarmory/addon/config/ArmorConfig$CyanPuffAndSlashConfig.class to com/magistuarmory/addon/config/ArmorConfig$CyanPuffAndSlashConfig.class with 8 transformer(s) on dev.architectury.transformer.handler.TinyRemapperPreparedTransformerHandler
[Architectury Transformer DEBUG] Remapping with 1 mapping provider(s):
[Architectury Transformer DEBUG]  - dev.architectury.transformer.transformers.TransformForgeEnvironment$$Lambda$138/0x00007ff94408d838@b0e5507
[Architectury Transformer DEBUG] Remapping Classes:
[Architectury Transformer DEBUG] net/fabricmc/api/EnvType -> net/minecraftforge/api/distmarker/Dist
[Architectury Transformer DEBUG] net/fabricmc/api/Environment -> net/minecraftforge/api/distmarker/OnlyIn
[Architectury Transformer DEBUG] Found class transformer
[Architectury Transformer DEBUG] Writing com/magistuarmory/addon/config/ArmorConfig$CyanPuffAndSlashConfig with maxs=true frames=true
[Architectury Transformer DEBUG] Remapping refmap from intermediary to srg: epic-knights-addon-1.20.x-forge-forge-refmap.json
[Architectury Transformer DEBUG] Transformed com/magistuarmory/addon/config/ArmorConfig$CyanPuffAndSlashConfig in 1.820 ms
[Architectury Transformer DEBUG] Transforming from com/magistuarmory/addon/config/ArmorConfig$PurplePuffAndSlashConfig.class to com/magistuarmory/addon/config/ArmorConfig$PurplePuffAndSlashConfig.class with 8 transformer(s) on dev.architectury.transformer.handler.TinyRemapperPreparedTransformerHandler
[Architectury Transformer DEBUG] Remapping with 1 mapping provider(s):
[Architectury Transformer DEBUG]  - dev.architectury.transformer.transformers.TransformForgeEnvironment$$Lambda$138/0x00007ff94408d838@b0e5507
[Architectury Transformer DEBUG] Remapping Classes:
[Architectury Transformer DEBUG] net/fabricmc/api/EnvType -> net/minecraftforge/api/distmarker/Dist
[Architectury Transformer DEBUG] net/fabricmc/api/Environment -> net/minecraftforge/api/distmarker/OnlyIn
[Architectury Transformer DEBUG] Found class transformer
[Architectury Transformer DEBUG] Writing com/magistuarmory/addon/config/ArmorConfig$PurplePuffAndSlashConfig with maxs=true frames=true
[Architectury Transformer DEBUG] Remapping refmap from intermediary to srg: epic-knights-addon-1.20.x-forge-forge-refmap.json
[Architectury Transformer DEBUG] Transformed com/magistuarmory/addon/config/ArmorConfig$PurplePuffAndSlashConfig in 4.994 ms
[Architectury Transformer DEBUG] Transforming from com/magistuarmory/addon/config/ArmorConfig$BluePuffAndSlashConfig.class to com/magistuarmory/addon/config/ArmorConfig$BluePuffAndSlashConfig.class with 8 transformer(s) on dev.architectury.transformer.handler.TinyRemapperPreparedTransformerHandler
[Architectury Transformer DEBUG] Remapping with 1 mapping provider(s):
[Architectury Transformer DEBUG]  - dev.architectury.transformer.transformers.TransformForgeEnvironment$$Lambda$138/0x00007ff94408d838@b0e5507
[Architectury Transformer DEBUG] Remapping Classes:
[Architectury Transformer DEBUG] net/fabricmc/api/EnvType -> net/minecraftforge/api/distmarker/Dist
[Architectury Transformer DEBUG] net/fabricmc/api/Environment -> net/minecraftforge/api/distmarker/OnlyIn
[Architectury Transformer DEBUG] Found class transformer
[Architectury Transformer DEBUG] Writing com/magistuarmory/addon/config/ArmorConfig$BluePuffAndSlashConfig with maxs=true frames=true
[Architectury Transformer DEBUG] Remapping refmap from intermediary to srg: epic-knights-addon-1.20.x-forge-forge-refmap.json
[Architectury Transformer DEBUG] Transformed com/magistuarmory/addon/config/ArmorConfig$BluePuffAndSlashConfig in 1.925 ms
[Architectury Transformer DEBUG] Transforming from com/magistuarmory/addon/config/ArmorConfig$BrownPuffAndSlashConfig.class to com/magistuarmory/addon/config/ArmorConfig$BrownPuffAndSlashConfig.class with 8 transformer(s) on dev.architectury.transformer.handler.TinyRemapperPreparedTransformerHandler
[Architectury Transformer DEBUG] Remapping with 1 mapping provider(s):
[Architectury Transformer DEBUG]  - dev.architectury.transformer.transformers.TransformForgeEnvironment$$Lambda$138/0x00007ff94408d838@b0e5507
[Architectury Transformer DEBUG] Remapping Classes:
[Architectury Transformer DEBUG] net/fabricmc/api/EnvType -> net/minecraftforge/api/distmarker/Dist
[Architectury Transformer DEBUG] net/fabricmc/api/Environment -> net/minecraftforge/api/distmarker/OnlyIn
[Architectury Transformer DEBUG] Found class transformer
[Architectury Transformer DEBUG] Writing com/magistuarmory/addon/config/ArmorConfig$BrownPuffAndSlashConfig with maxs=true frames=true
[Architectury Transformer DEBUG] Remapping refmap from intermediary to srg: epic-knights-addon-1.20.x-forge-forge-refmap.json
[Architectury Transformer DEBUG] Transformed com/magistuarmory/addon/config/ArmorConfig$BrownPuffAndSlashConfig in 2.693 ms
[Architectury Transformer DEBUG] Transforming from com/magistuarmory/addon/config/ArmorConfig$GreenPuffAndSlashConfig.class to com/magistuarmory/addon/config/ArmorConfig$GreenPuffAndSlashConfig.class with 8 transformer(s) on dev.architectury.transformer.handler.TinyRemapperPreparedTransformerHandler
[Architectury Transformer DEBUG] Remapping with 1 mapping provider(s):
[Architectury Transformer DEBUG]  - dev.architectury.transformer.transformers.TransformForgeEnvironment$$Lambda$138/0x00007ff94408d838@b0e5507
[Architectury Transformer DEBUG] Remapping Classes:
[Architectury Transformer DEBUG] net/fabricmc/api/EnvType -> net/minecraftforge/api/distmarker/Dist
[Architectury Transformer DEBUG] net/fabricmc/api/Environment -> net/minecraftforge/api/distmarker/OnlyIn
[Architectury Transformer DEBUG] Found class transformer
[Architectury Transformer DEBUG] Writing com/magistuarmory/addon/config/ArmorConfig$GreenPuffAndSlashConfig with maxs=true frames=true
[Architectury Transformer DEBUG] Remapping refmap from intermediary to srg: epic-knights-addon-1.20.x-forge-forge-refmap.json
[Architectury Transformer DEBUG] Transformed com/magistuarmory/addon/config/ArmorConfig$GreenPuffAndSlashConfig in 1.776 ms
[Architectury Transformer DEBUG] Transforming from com/magistuarmory/addon/config/ArmorConfig$RedPuffAndSlashConfig.class to com/magistuarmory/addon/config/ArmorConfig$RedPuffAndSlashConfig.class with 8 transformer(s) on dev.architectury.transformer.handler.TinyRemapperPreparedTransformerHandler
[Architectury Transformer DEBUG] Remapping with 1 mapping provider(s):
[Architectury Transformer DEBUG]  - dev.architectury.transformer.transformers.TransformForgeEnvironment$$Lambda$138/0x00007ff94408d838@b0e5507
[Architectury Transformer DEBUG] Remapping Classes:
[Architectury Transformer DEBUG] net/fabricmc/api/EnvType -> net/minecraftforge/api/distmarker/Dist
[Architectury Transformer DEBUG] net/fabricmc/api/Environment -> net/minecraftforge/api/distmarker/OnlyIn
[Architectury Transformer DEBUG] Found class transformer
[Architectury Transformer DEBUG] Writing com/magistuarmory/addon/config/ArmorConfig$RedPuffAndSlashConfig with maxs=true frames=true
[Architectury Transformer DEBUG] Remapping refmap from intermediary to srg: epic-knights-addon-1.20.x-forge-forge-refmap.json
[Architectury Transformer DEBUG] Transformed com/magistuarmory/addon/config/ArmorConfig$RedPuffAndSlashConfig in 1.654 ms
[Architectury Transformer DEBUG] Transforming from com/magistuarmory/addon/config/ArmorConfig$BlackPuffAndSlashConfig.class to com/magistuarmory/addon/config/ArmorConfig$BlackPuffAndSlashConfig.class with 8 transformer(s) on dev.architectury.transformer.handler.TinyRemapperPreparedTransformerHandler
[Architectury Transformer DEBUG] Remapping with 1 mapping provider(s):
[Architectury Transformer DEBUG]  - dev.architectury.transformer.transformers.TransformForgeEnvironment$$Lambda$138/0x00007ff94408d838@b0e5507
[Architectury Transformer DEBUG] Remapping Classes:
[Architectury Transformer DEBUG] net/fabricmc/api/EnvType -> net/minecraftforge/api/distmarker/Dist
[Architectury Transformer DEBUG] net/fabricmc/api/Environment -> net/minecraftforge/api/distmarker/OnlyIn
[Architectury Transformer DEBUG] Found class transformer
[Architectury Transformer DEBUG] Writing com/magistuarmory/addon/config/ArmorConfig$BlackPuffAndSlashConfig with maxs=true frames=true
[Architectury Transformer DEBUG] Remapping refmap from intermediary to srg: epic-knights-addon-1.20.x-forge-forge-refmap.json
[Architectury Transformer DEBUG] Transformed com/magistuarmory/addon/config/ArmorConfig$BlackPuffAndSlashConfig in 1.549 ms
[Architectury Transformer DEBUG] Transforming from com/magistuarmory/addon/config/ArmorConfig$WhitePuffAndSlashConfig.class to com/magistuarmory/addon/config/ArmorConfig$WhitePuffAndSlashConfig.class with 8 transformer(s) on dev.architectury.transformer.handler.TinyRemapperPreparedTransformerHandler
[Architectury Transformer DEBUG] Remapping with 1 mapping provider(s):
[Architectury Transformer DEBUG]  - dev.architectury.transformer.transformers.TransformForgeEnvironment$$Lambda$138/0x00007ff94408d838@b0e5507
[Architectury Transformer DEBUG] Remapping Classes:
[Architectury Transformer DEBUG] net/fabricmc/api/EnvType -> net/minecraftforge/api/distmarker/Dist
[Architectury Transformer DEBUG] net/fabricmc/api/Environment -> net/minecraftforge/api/distmarker/OnlyIn
[Architectury Transformer DEBUG] Found class transformer
[Architectury Transformer DEBUG] Writing com/magistuarmory/addon/config/ArmorConfig$WhitePuffAndSlashConfig with maxs=true frames=true
[Architectury Transformer DEBUG] Remapping refmap from intermediary to srg: epic-knights-addon-1.20.x-forge-forge-refmap.json
[Architectury Transformer DEBUG] Transformed com/magistuarmory/addon/config/ArmorConfig$WhitePuffAndSlashConfig in 1.653 ms
[Architectury Transformer DEBUG] Transforming from com/magistuarmory/addon/config/ArmorConfig$PuffAndSlashConfig.class to com/magistuarmory/addon/config/ArmorConfig$PuffAndSlashConfig.class with 8 transformer(s) on dev.architectury.transformer.handler.TinyRemapperPreparedTransformerHandler
[Architectury Transformer DEBUG] Remapping with 1 mapping provider(s):
[Architectury Transformer DEBUG]  - dev.architectury.transformer.transformers.TransformForgeEnvironment$$Lambda$138/0x00007ff94408d838@b0e5507
[Architectury Transformer DEBUG] Remapping Classes:
[Architectury Transformer DEBUG] net/fabricmc/api/EnvType -> net/minecraftforge/api/distmarker/Dist
[Architectury Transformer DEBUG] net/fabricmc/api/Environment -> net/minecraftforge/api/distmarker/OnlyIn
[Architectury Transformer DEBUG] Found class transformer
[Architectury Transformer DEBUG] Writing com/magistuarmory/addon/config/ArmorConfig$PuffAndSlashConfig with maxs=true frames=true
[Architectury Transformer DEBUG] Remapping refmap from intermediary to srg: epic-knights-addon-1.20.x-forge-forge-refmap.json
[Architectury Transformer DEBUG] Transformed com/magistuarmory/addon/config/ArmorConfig$PuffAndSlashConfig in 1.942 ms
[Architectury Transformer DEBUG] Transforming from com/magistuarmory/addon/config/ArmorConfig$ScaleHelmetConfig.class to com/magistuarmory/addon/config/ArmorConfig$ScaleHelmetConfig.class with 8 transformer(s) on dev.architectury.transformer.handler.TinyRemapperPreparedTransformerHandler
[Architectury Transformer DEBUG] Remapping with 1 mapping provider(s):
[Architectury Transformer DEBUG]  - dev.architectury.transformer.transformers.TransformForgeEnvironment$$Lambda$138/0x00007ff94408d838@b0e5507
[Architectury Transformer DEBUG] Remapping Classes:
[Architectury Transformer DEBUG] net/fabricmc/api/EnvType -> net/minecraftforge/api/distmarker/Dist
[Architectury Transformer DEBUG] net/fabricmc/api/Environment -> net/minecraftforge/api/distmarker/OnlyIn
[Architectury Transformer DEBUG] Found class transformer
[Architectury Transformer DEBUG] Writing com/magistuarmory/addon/config/ArmorConfig$ScaleHelmetConfig with maxs=true frames=true
[Architectury Transformer DEBUG] Remapping refmap from intermediary to srg: epic-knights-addon-1.20.x-forge-forge-refmap.json
[Architectury Transformer DEBUG] Transformed com/magistuarmory/addon/config/ArmorConfig$ScaleHelmetConfig in 1.528 ms
[Architectury Transformer DEBUG] Transforming from com/magistuarmory/addon/config/ArmorConfig$CondottieroCapConfig.class to com/magistuarmory/addon/config/ArmorConfig$CondottieroCapConfig.class with 8 transformer(s) on dev.architectury.transformer.handler.TinyRemapperPreparedTransformerHandler
[Architectury Transformer DEBUG] Remapping with 1 mapping provider(s):
[Architectury Transformer DEBUG]  - dev.architectury.transformer.transformers.TransformForgeEnvironment$$Lambda$138/0x00007ff94408d838@b0e5507
[Architectury Transformer DEBUG] Remapping Classes:
[Architectury Transformer DEBUG] net/fabricmc/api/EnvType -> net/minecraftforge/api/distmarker/Dist
[Architectury Transformer DEBUG] net/fabricmc/api/Environment -> net/minecraftforge/api/distmarker/OnlyIn
[Architectury Transformer DEBUG] Found class transformer
[Architectury Transformer DEBUG] Writing com/magistuarmory/addon/config/ArmorConfig$CondottieroCapConfig with maxs=true frames=true
[Architectury Transformer DEBUG] Remapping refmap from intermediary to srg: epic-knights-addon-1.20.x-forge-forge-refmap.json
[Architectury Transformer DEBUG] Transformed com/magistuarmory/addon/config/ArmorConfig$CondottieroCapConfig in 1.578 ms
[Architectury Transformer DEBUG] Transforming from com/magistuarmory/addon/config/ArmorConfig$SugarloafHelmetConfig.class to com/magistuarmory/addon/config/ArmorConfig$SugarloafHelmetConfig.class with 8 transformer(s) on dev.architectury.transformer.handler.TinyRemapperPreparedTransformerHandler
[Architectury Transformer DEBUG] Remapping with 1 mapping provider(s):
[Architectury Transformer DEBUG]  - dev.architectury.transformer.transformers.TransformForgeEnvironment$$Lambda$138/0x00007ff94408d838@b0e5507
[Architectury Transformer DEBUG] Remapping Classes:
[Architectury Transformer DEBUG] net/fabricmc/api/EnvType -> net/minecraftforge/api/distmarker/Dist
[Architectury Transformer DEBUG] net/fabricmc/api/Environment -> net/minecraftforge/api/distmarker/OnlyIn
[Architectury Transformer DEBUG] Found class transformer
[Architectury Transformer DEBUG] Writing com/magistuarmory/addon/config/ArmorConfig$SugarloafHelmetConfig with maxs=true frames=true
[Architectury Transformer DEBUG] Remapping refmap from intermediary to srg: epic-knights-addon-1.20.x-forge-forge-refmap.json
[Architectury Transformer DEBUG] Transformed com/magistuarmory/addon/config/ArmorConfig$SugarloafHelmetConfig in 1.654 ms
[Architectury Transformer DEBUG] Transforming from com/magistuarmory/addon/config/ArmorConfig$GildedSugarloafHelmetConfig.class to com/magistuarmory/addon/config/ArmorConfig$GildedSugarloafHelmetConfig.class with 8 transformer(s) on dev.architectury.transformer.handler.TinyRemapperPreparedTransformerHandler
[Architectury Transformer DEBUG] Remapping with 1 mapping provider(s):
[Architectury Transformer DEBUG]  - dev.architectury.transformer.transformers.TransformForgeEnvironment$$Lambda$138/0x00007ff94408d838@b0e5507
[Architectury Transformer DEBUG] Remapping Classes:
[Architectury Transformer DEBUG] net/fabricmc/api/EnvType -> net/minecraftforge/api/distmarker/Dist
[Architectury Transformer DEBUG] net/fabricmc/api/Environment -> net/minecraftforge/api/distmarker/OnlyIn
[Architectury Transformer DEBUG] Found class transformer
[Architectury Transformer DEBUG] Writing com/magistuarmory/addon/config/ArmorConfig$GildedSugarloafHelmetConfig with maxs=true frames=true
[Architectury Transformer DEBUG] Remapping refmap from intermediary to srg: epic-knights-addon-1.20.x-forge-forge-refmap.json
[Architectury Transformer DEBUG] Transformed com/magistuarmory/addon/config/ArmorConfig$GildedSugarloafHelmetConfig in 1.554 ms
[Architectury Transformer DEBUG] Transforming from com/magistuarmory/addon/config/ArmorConfig$PatricianTuherHelmetConfig.class to com/magistuarmory/addon/config/ArmorConfig$PatricianTuherHelmetConfig.class with 8 transformer(s) on dev.architectury.transformer.handler.TinyRemapperPreparedTransformerHandler
[Architectury Transformer DEBUG] Remapping with 1 mapping provider(s):
[Architectury Transformer DEBUG]  - dev.architectury.transformer.transformers.TransformForgeEnvironment$$Lambda$138/0x00007ff94408d838@b0e5507
[Architectury Transformer DEBUG] Remapping Classes:
[Architectury Transformer DEBUG] net/fabricmc/api/EnvType -> net/minecraftforge/api/distmarker/Dist
[Architectury Transformer DEBUG] net/fabricmc/api/Environment -> net/minecraftforge/api/distmarker/OnlyIn
[Architectury Transformer DEBUG] Found class transformer
[Architectury Transformer DEBUG] Writing com/magistuarmory/addon/config/ArmorConfig$PatricianTuherHelmetConfig with maxs=true frames=true
[Architectury Transformer DEBUG] Remapping refmap from intermediary to srg: epic-knights-addon-1.20.x-forge-forge-refmap.json
[Architectury Transformer DEBUG] Transformed com/magistuarmory/addon/config/ArmorConfig$PatricianTuherHelmetConfig in 1.894 ms
[Architectury Transformer DEBUG] Transforming from com/magistuarmory/addon/config/ArmorConfig$LateKettlehatConfig.class to com/magistuarmory/addon/config/ArmorConfig$LateKettlehatConfig.class with 8 transformer(s) on dev.architectury.transformer.handler.TinyRemapperPreparedTransformerHandler
[Architectury Transformer DEBUG] Remapping with 1 mapping provider(s):
[Architectury Transformer DEBUG]  - dev.architectury.transformer.transformers.TransformForgeEnvironment$$Lambda$138/0x00007ff94408d838@b0e5507
[Architectury Transformer DEBUG] Remapping Classes:
[Architectury Transformer DEBUG] net/fabricmc/api/EnvType -> net/minecraftforge/api/distmarker/Dist
[Architectury Transformer DEBUG] net/fabricmc/api/Environment -> net/minecraftforge/api/distmarker/OnlyIn
[Architectury Transformer DEBUG] Found class transformer
[Architectury Transformer DEBUG] Writing com/magistuarmory/addon/config/ArmorConfig$LateKettlehatConfig with maxs=true frames=true
[Architectury Transformer DEBUG] Remapping refmap from intermediary to srg: epic-knights-addon-1.20.x-forge-forge-refmap.json
[Architectury Transformer DEBUG] Transformed com/magistuarmory/addon/config/ArmorConfig$LateKettlehatConfig in 1.459 ms
[Architectury Transformer DEBUG] Transforming from com/magistuarmory/addon/config/ArmorConfig$CloseHelmetConfig.class to com/magistuarmory/addon/config/ArmorConfig$CloseHelmetConfig.class with 8 transformer(s) on dev.architectury.transformer.handler.TinyRemapperPreparedTransformerHandler
[Architectury Transformer DEBUG] Remapping with 1 mapping provider(s):
[Architectury Transformer DEBUG]  - dev.architectury.transformer.transformers.TransformForgeEnvironment$$Lambda$138/0x00007ff94408d838@b0e5507
[Architectury Transformer DEBUG] Remapping Classes:
[Architectury Transformer DEBUG] net/fabricmc/api/EnvType -> net/minecraftforge/api/distmarker/Dist
[Architectury Transformer DEBUG] net/fabricmc/api/Environment -> net/minecraftforge/api/distmarker/OnlyIn
[Architectury Transformer DEBUG] Found class transformer
[Architectury Transformer DEBUG] Writing com/magistuarmory/addon/config/ArmorConfig$CloseHelmetConfig with maxs=true frames=true
[Architectury Transformer DEBUG] Remapping refmap from intermediary to srg: epic-knights-addon-1.20.x-forge-forge-refmap.json
[Architectury Transformer DEBUG] Transformed com/magistuarmory/addon/config/ArmorConfig$CloseHelmetConfig in 1.586 ms
[Architectury Transformer DEBUG] Transforming from com/magistuarmory/addon/config/ArmorConfig$ExquisiteMaximilianHelmetConfig.class to com/magistuarmory/addon/config/ArmorConfig$ExquisiteMaximilianHelmetConfig.class with 8 transformer(s) on dev.architectury.transformer.handler.TinyRemapperPreparedTransformerHandler
[Architectury Transformer DEBUG] Remapping with 1 mapping provider(s):
[Architectury Transformer DEBUG]  - dev.architectury.transformer.transformers.TransformForgeEnvironment$$Lambda$138/0x00007ff94408d838@b0e5507
[Architectury Transformer DEBUG] Remapping Classes:
[Architectury Transformer DEBUG] net/fabricmc/api/EnvType -> net/minecraftforge/api/distmarker/Dist
[Architectury Transformer DEBUG] net/fabricmc/api/Environment -> net/minecraftforge/api/distmarker/OnlyIn
[Architectury Transformer DEBUG] Found class transformer
[Architectury Transformer DEBUG] Writing com/magistuarmory/addon/config/ArmorConfig$ExquisiteMaximilianHelmetConfig with maxs=true frames=true
[Architectury Transformer DEBUG] Remapping refmap from intermediary to srg: epic-knights-addon-1.20.x-forge-forge-refmap.json
[Architectury Transformer DEBUG] Transformed com/magistuarmory/addon/config/ArmorConfig$ExquisiteMaximilianHelmetConfig in 1.558 ms
[Architectury Transformer DEBUG] Transforming from com/magistuarmory/addon/config/ArmorConfig$ProtoMaximilianConfig.class to com/magistuarmory/addon/config/ArmorConfig$ProtoMaximilianConfig.class with 8 transformer(s) on dev.architectury.transformer.handler.TinyRemapperPreparedTransformerHandler
[Architectury Transformer DEBUG] Remapping with 1 mapping provider(s):
[Architectury Transformer DEBUG]  - dev.architectury.transformer.transformers.TransformForgeEnvironment$$Lambda$138/0x00007ff94408d838@b0e5507
[Architectury Transformer DEBUG] Remapping Classes:
[Architectury Transformer DEBUG] net/fabricmc/api/EnvType -> net/minecraftforge/api/distmarker/Dist
[Architectury Transformer DEBUG] net/fabricmc/api/Environment -> net/minecraftforge/api/distmarker/OnlyIn
[Architectury Transformer DEBUG] Found class transformer
[Architectury Transformer DEBUG] Writing com/magistuarmory/addon/config/ArmorConfig$ProtoMaximilianConfig with maxs=true frames=true
[Architectury Transformer DEBUG] Remapping refmap from intermediary to srg: epic-knights-addon-1.20.x-forge-forge-refmap.json
[Architectury Transformer DEBUG] Transformed com/magistuarmory/addon/config/ArmorConfig$ProtoMaximilianConfig in 1.627 ms
[Architectury Transformer DEBUG] Transforming from com/magistuarmory/addon/config/ArmorConfig$DarkProtoMaximilianConfig.class to com/magistuarmory/addon/config/ArmorConfig$DarkProtoMaximilianConfig.class with 8 transformer(s) on dev.architectury.transformer.handler.TinyRemapperPreparedTransformerHandler
[Architectury Transformer DEBUG] Remapping with 1 mapping provider(s):
[Architectury Transformer DEBUG]  - dev.architectury.transformer.transformers.TransformForgeEnvironment$$Lambda$138/0x00007ff94408d838@b0e5507
[Architectury Transformer DEBUG] Remapping Classes:
[Architectury Transformer DEBUG] net/fabricmc/api/EnvType -> net/minecraftforge/api/distmarker/Dist
[Architectury Transformer DEBUG] net/fabricmc/api/Environment -> net/minecraftforge/api/distmarker/OnlyIn
[Architectury Transformer DEBUG] Found class transformer
[Architectury Transformer DEBUG] Writing com/magistuarmory/addon/config/ArmorConfig$DarkProtoMaximilianConfig with maxs=true frames=true
[Architectury Transformer DEBUG] Remapping refmap from intermediary to srg: epic-knights-addon-1.20.x-forge-forge-refmap.json
[Architectury Transformer DEBUG] Transformed com/magistuarmory/addon/config/ArmorConfig$DarkProtoMaximilianConfig in 1.500 ms
[Architectury Transformer DEBUG] Transforming from com/magistuarmory/addon/config/ArmorConfig$HeavyBrigandineConfig.class to com/magistuarmory/addon/config/ArmorConfig$HeavyBrigandineConfig.class with 8 transformer(s) on dev.architectury.transformer.handler.TinyRemapperPreparedTransformerHandler
[Architectury Transformer DEBUG] Remapping with 1 mapping provider(s):
[Architectury Transformer DEBUG]  - dev.architectury.transformer.transformers.TransformForgeEnvironment$$Lambda$138/0x00007ff94408d838@b0e5507
[Architectury Transformer DEBUG] Remapping Classes:
[Architectury Transformer DEBUG] net/fabricmc/api/EnvType -> net/minecraftforge/api/distmarker/Dist
[Architectury Transformer DEBUG] net/fabricmc/api/Environment -> net/minecraftforge/api/distmarker/OnlyIn
[Architectury Transformer DEBUG] Found class transformer
[Architectury Transformer DEBUG] Writing com/magistuarmory/addon/config/ArmorConfig$HeavyBrigandineConfig with maxs=true frames=true
[Architectury Transformer DEBUG] Remapping refmap from intermediary to srg: epic-knights-addon-1.20.x-forge-forge-refmap.json
[Architectury Transformer DEBUG] Transformed com/magistuarmory/addon/config/ArmorConfig$HeavyBrigandineConfig in 1.612 ms
[Architectury Transformer DEBUG] Transforming from com/magistuarmory/addon/config/ArmorConfig$GildedHeavyBrigandineConfig.class to com/magistuarmory/addon/config/ArmorConfig$GildedHeavyBrigandineConfig.class with 8 transformer(s) on dev.architectury.transformer.handler.TinyRemapperPreparedTransformerHandler
[Architectury Transformer DEBUG] Remapping with 1 mapping provider(s):
[Architectury Transformer DEBUG]  - dev.architectury.transformer.transformers.TransformForgeEnvironment$$Lambda$138/0x00007ff94408d838@b0e5507
[Architectury Transformer DEBUG] Remapping Classes:
[Architectury Transformer DEBUG] net/fabricmc/api/EnvType -> net/minecraftforge/api/distmarker/Dist
[Architectury Transformer DEBUG] net/fabricmc/api/Environment -> net/minecraftforge/api/distmarker/OnlyIn
[Architectury Transformer DEBUG] Found class transformer
[Architectury Transformer DEBUG] Writing com/magistuarmory/addon/config/ArmorConfig$GildedHeavyBrigandineConfig with maxs=true frames=true
[Architectury Transformer DEBUG] Remapping refmap from intermediary to srg: epic-knights-addon-1.20.x-forge-forge-refmap.json
[Architectury Transformer DEBUG] Transformed com/magistuarmory/addon/config/ArmorConfig$GildedHeavyBrigandineConfig in 1.638 ms
[Architectury Transformer DEBUG] Transforming from com/magistuarmory/addon/config/ArmorConfig$DarkHeavyBrigandineConfig.class to com/magistuarmory/addon/config/ArmorConfig$DarkHeavyBrigandineConfig.class with 8 transformer(s) on dev.architectury.transformer.handler.TinyRemapperPreparedTransformerHandler
[Architectury Transformer DEBUG] Remapping with 1 mapping provider(s):
[Architectury Transformer DEBUG]  - dev.architectury.transformer.transformers.TransformForgeEnvironment$$Lambda$138/0x00007ff94408d838@b0e5507
[Architectury Transformer DEBUG] Remapping Classes:
[Architectury Transformer DEBUG] net/fabricmc/api/EnvType -> net/minecraftforge/api/distmarker/Dist
[Architectury Transformer DEBUG] net/fabricmc/api/Environment -> net/minecraftforge/api/distmarker/OnlyIn
[Architectury Transformer DEBUG] Found class transformer
[Architectury Transformer DEBUG] Writing com/magistuarmory/addon/config/ArmorConfig$DarkHeavyBrigandineConfig with maxs=true frames=true
[Architectury Transformer DEBUG] Remapping refmap from intermediary to srg: epic-knights-addon-1.20.x-forge-forge-refmap.json
[Architectury Transformer DEBUG] Transformed com/magistuarmory/addon/config/ArmorConfig$DarkHeavyBrigandineConfig in 1.513 ms
[Architectury Transformer DEBUG] Transforming from com/magistuarmory/addon/config/ArmorConfig$CabassetConfig.class to com/magistuarmory/addon/config/ArmorConfig$CabassetConfig.class with 8 transformer(s) on dev.architectury.transformer.handler.TinyRemapperPreparedTransformerHandler
[Architectury Transformer DEBUG] Remapping with 1 mapping provider(s):
[Architectury Transformer DEBUG]  - dev.architectury.transformer.transformers.TransformForgeEnvironment$$Lambda$138/0x00007ff94408d838@b0e5507
[Architectury Transformer DEBUG] Remapping Classes:
[Architectury Transformer DEBUG] net/fabricmc/api/EnvType -> net/minecraftforge/api/distmarker/Dist
[Architectury Transformer DEBUG] net/fabricmc/api/Environment -> net/minecraftforge/api/distmarker/OnlyIn
[Architectury Transformer DEBUG] Found class transformer
[Architectury Transformer DEBUG] Writing com/magistuarmory/addon/config/ArmorConfig$CabassetConfig with maxs=true frames=true
[Architectury Transformer DEBUG] Remapping refmap from intermediary to srg: epic-knights-addon-1.20.x-forge-forge-refmap.json
[Architectury Transformer DEBUG] Transformed com/magistuarmory/addon/config/ArmorConfig$CabassetConfig in 1.517 ms
[Architectury Transformer DEBUG] Transforming from com/magistuarmory/addon/config/ArmorConfig$GildedCabassetConfig.class to com/magistuarmory/addon/config/ArmorConfig$GildedCabassetConfig.class with 8 transformer(s) on dev.architectury.transformer.handler.TinyRemapperPreparedTransformerHandler
[Architectury Transformer DEBUG] Remapping with 1 mapping provider(s):
[Architectury Transformer DEBUG]  - dev.architectury.transformer.transformers.TransformForgeEnvironment$$Lambda$138/0x00007ff94408d838@b0e5507
[Architectury Transformer DEBUG] Remapping Classes:
[Architectury Transformer DEBUG] net/fabricmc/api/EnvType -> net/minecraftforge/api/distmarker/Dist
[Architectury Transformer DEBUG] net/fabricmc/api/Environment -> net/minecraftforge/api/distmarker/OnlyIn
[Architectury Transformer DEBUG] Found class transformer
[Architectury Transformer DEBUG] Writing com/magistuarmory/addon/config/ArmorConfig$GildedCabassetConfig with maxs=true frames=true
[Architectury Transformer DEBUG] Remapping refmap from intermediary to srg: epic-knights-addon-1.20.x-forge-forge-refmap.json
[Architectury Transformer DEBUG] Transformed com/magistuarmory/addon/config/ArmorConfig$GildedCabassetConfig in 1.621 ms
[Architectury Transformer DEBUG] Transforming from com/magistuarmory/addon/config/ArmorConfig$EarlyCabassetConfig.class to com/magistuarmory/addon/config/ArmorConfig$EarlyCabassetConfig.class with 8 transformer(s) on dev.architectury.transformer.handler.TinyRemapperPreparedTransformerHandler
[Architectury Transformer DEBUG] Remapping with 1 mapping provider(s):
[Architectury Transformer DEBUG]  - dev.architectury.transformer.transformers.TransformForgeEnvironment$$Lambda$138/0x00007ff94408d838@b0e5507
[Architectury Transformer DEBUG] Remapping Classes:
[Architectury Transformer DEBUG] net/fabricmc/api/EnvType -> net/minecraftforge/api/distmarker/Dist
[Architectury Transformer DEBUG] net/fabricmc/api/Environment -> net/minecraftforge/api/distmarker/OnlyIn
[Architectury Transformer DEBUG] Found class transformer
[Architectury Transformer DEBUG] Writing com/magistuarmory/addon/config/ArmorConfig$EarlyCabassetConfig with maxs=true frames=true
[Architectury Transformer DEBUG] Remapping refmap from intermediary to srg: epic-knights-addon-1.20.x-forge-forge-refmap.json
[Architectury Transformer DEBUG] Transformed com/magistuarmory/addon/config/ArmorConfig$EarlyCabassetConfig in 1.842 ms
[Architectury Transformer DEBUG] Transforming from com/magistuarmory/addon/config/ArmorConfig$DarkEarlyCabassetConfig.class to com/magistuarmory/addon/config/ArmorConfig$DarkEarlyCabassetConfig.class with 8 transformer(s) on dev.architectury.transformer.handler.TinyRemapperPreparedTransformerHandler
[Architectury Transformer DEBUG] Remapping with 1 mapping provider(s):
[Architectury Transformer DEBUG]  - dev.architectury.transformer.transformers.TransformForgeEnvironment$$Lambda$138/0x00007ff94408d838@b0e5507
[Architectury Transformer DEBUG] Remapping Classes:
[Architectury Transformer DEBUG] net/fabricmc/api/EnvType -> net/minecraftforge/api/distmarker/Dist
[Architectury Transformer DEBUG] net/fabricmc/api/Environment -> net/minecraftforge/api/distmarker/OnlyIn
[Architectury Transformer DEBUG] Found class transformer
[Architectury Transformer DEBUG] Writing com/magistuarmory/addon/config/ArmorConfig$DarkEarlyCabassetConfig with maxs=true frames=true
[Architectury Transformer DEBUG] Remapping refmap from intermediary to srg: epic-knights-addon-1.20.x-forge-forge-refmap.json
[Architectury Transformer DEBUG] Transformed com/magistuarmory/addon/config/ArmorConfig$DarkEarlyCabassetConfig in 1.670 ms
[Architectury Transformer DEBUG] Transforming from com/magistuarmory/addon/config/ArmorConfig$GildedEarlyCabassetConfig.class to com/magistuarmory/addon/config/ArmorConfig$GildedEarlyCabassetConfig.class with 8 transformer(s) on dev.architectury.transformer.handler.TinyRemapperPreparedTransformerHandler
[Architectury Transformer DEBUG] Remapping with 1 mapping provider(s):
[Architectury Transformer DEBUG]  - dev.architectury.transformer.transformers.TransformForgeEnvironment$$Lambda$138/0x00007ff94408d838@b0e5507
[Architectury Transformer DEBUG] Remapping Classes:
[Architectury Transformer DEBUG] net/fabricmc/api/EnvType -> net/minecraftforge/api/distmarker/Dist
[Architectury Transformer DEBUG] net/fabricmc/api/Environment -> net/minecraftforge/api/distmarker/OnlyIn
[Architectury Transformer DEBUG] Found class transformer
[Architectury Transformer DEBUG] Writing com/magistuarmory/addon/config/ArmorConfig$GildedEarlyCabassetConfig with maxs=true frames=true
[Architectury Transformer DEBUG] Remapping refmap from intermediary to srg: epic-knights-addon-1.20.x-forge-forge-refmap.json
[Architectury Transformer DEBUG] Transformed com/magistuarmory/addon/config/ArmorConfig$GildedEarlyCabassetConfig in 1.641 ms
[Architectury Transformer DEBUG] Transforming from com/magistuarmory/addon/config/ArmorConfig$StrawHatConfig.class to com/magistuarmory/addon/config/ArmorConfig$StrawHatConfig.class with 8 transformer(s) on dev.architectury.transformer.handler.TinyRemapperPreparedTransformerHandler
[Architectury Transformer DEBUG] Remapping with 1 mapping provider(s):
[Architectury Transformer DEBUG]  - dev.architectury.transformer.transformers.TransformForgeEnvironment$$Lambda$138/0x00007ff94408d838@b0e5507
[Architectury Transformer DEBUG] Remapping Classes:
[Architectury Transformer DEBUG] net/fabricmc/api/EnvType -> net/minecraftforge/api/distmarker/Dist
[Architectury Transformer DEBUG] net/fabricmc/api/Environment -> net/minecraftforge/api/distmarker/OnlyIn
[Architectury Transformer DEBUG] Found class transformer
[Architectury Transformer DEBUG] Writing com/magistuarmory/addon/config/ArmorConfig$StrawHatConfig with maxs=true frames=true
[Architectury Transformer DEBUG] Remapping refmap from intermediary to srg: epic-knights-addon-1.20.x-forge-forge-refmap.json
[Architectury Transformer DEBUG] Transformed com/magistuarmory/addon/config/ArmorConfig$StrawHatConfig in 1.597 ms
[Architectury Transformer DEBUG] Transforming from com/magistuarmory/addon/config/ArmorConfig$FancyHatConfig.class to com/magistuarmory/addon/config/ArmorConfig$FancyHatConfig.class with 8 transformer(s) on dev.architectury.transformer.handler.TinyRemapperPreparedTransformerHandler
[Architectury Transformer DEBUG] Remapping with 1 mapping provider(s):
[Architectury Transformer DEBUG]  - dev.architectury.transformer.transformers.TransformForgeEnvironment$$Lambda$138/0x00007ff94408d838@b0e5507
[Architectury Transformer DEBUG] Remapping Classes:
[Architectury Transformer DEBUG] net/fabricmc/api/EnvType -> net/minecraftforge/api/distmarker/Dist
[Architectury Transformer DEBUG] net/fabricmc/api/Environment -> net/minecraftforge/api/distmarker/OnlyIn
[Architectury Transformer DEBUG] Found class transformer
[Architectury Transformer DEBUG] Writing com/magistuarmory/addon/config/ArmorConfig$FancyHatConfig with maxs=true frames=true
[Architectury Transformer DEBUG] Remapping refmap from intermediary to srg: epic-knights-addon-1.20.x-forge-forge-refmap.json
[Architectury Transformer DEBUG] Transformed com/magistuarmory/addon/config/ArmorConfig$FancyHatConfig in 1.616 ms
[Architectury Transformer DEBUG] Transforming from com/magistuarmory/addon/config/ArmorConfig$TunicConfig.class to com/magistuarmory/addon/config/ArmorConfig$TunicConfig.class with 8 transformer(s) on dev.architectury.transformer.handler.TinyRemapperPreparedTransformerHandler
[Architectury Transformer DEBUG] Remapping with 1 mapping provider(s):
[Architectury Transformer DEBUG]  - dev.architectury.transformer.transformers.TransformForgeEnvironment$$Lambda$138/0x00007ff94408d838@b0e5507
[Architectury Transformer DEBUG] Remapping Classes:
[Architectury Transformer DEBUG] net/fabricmc/api/EnvType -> net/minecraftforge/api/distmarker/Dist
[Architectury Transformer DEBUG] net/fabricmc/api/Environment -> net/minecraftforge/api/distmarker/OnlyIn
[Architectury Transformer DEBUG] Found class transformer
[Architectury Transformer DEBUG] Writing com/magistuarmory/addon/config/ArmorConfig$TunicConfig with maxs=true frames=true
[Architectury Transformer DEBUG] Remapping refmap from intermediary to srg: epic-knights-addon-1.20.x-forge-forge-refmap.json
[Architectury Transformer DEBUG] Transformed com/magistuarmory/addon/config/ArmorConfig$TunicConfig in 1.657 ms
[Architectury Transformer DEBUG] Transforming from com/magistuarmory/addon/config/ArmorConfig$EmbosedParadeBurgonetConfig.class to com/magistuarmory/addon/config/ArmorConfig$EmbosedParadeBurgonetConfig.class with 8 transformer(s) on dev.architectury.transformer.handler.TinyRemapperPreparedTransformerHandler
[Architectury Transformer DEBUG] Remapping with 1 mapping provider(s):
[Architectury Transformer DEBUG]  - dev.architectury.transformer.transformers.TransformForgeEnvironment$$Lambda$138/0x00007ff94408d838@b0e5507
[Architectury Transformer DEBUG] Remapping Classes:
[Architectury Transformer DEBUG] net/fabricmc/api/EnvType -> net/minecraftforge/api/distmarker/Dist
[Architectury Transformer DEBUG] net/fabricmc/api/Environment -> net/minecraftforge/api/distmarker/OnlyIn
[Architectury Transformer DEBUG] Found class transformer
[Architectury Transformer DEBUG] Writing com/magistuarmory/addon/config/ArmorConfig$EmbosedParadeBurgonetConfig with maxs=true frames=true
[Architectury Transformer DEBUG] Remapping refmap from intermediary to srg: epic-knights-addon-1.20.x-forge-forge-refmap.json
[Architectury Transformer DEBUG] Transformed com/magistuarmory/addon/config/ArmorConfig$EmbosedParadeBurgonetConfig in 1.872 ms
[Architectury Transformer DEBUG] Transforming from com/magistuarmory/addon/config/ArmorConfig$EmbosedParadeConfig.class to com/magistuarmory/addon/config/ArmorConfig$EmbosedParadeConfig.class with 8 transformer(s) on dev.architectury.transformer.handler.TinyRemapperPreparedTransformerHandler
[Architectury Transformer DEBUG] Remapping with 1 mapping provider(s):
[Architectury Transformer DEBUG]  - dev.architectury.transformer.transformers.TransformForgeEnvironment$$Lambda$138/0x00007ff94408d838@b0e5507
[Architectury Transformer DEBUG] Remapping Classes:
[Architectury Transformer DEBUG] net/fabricmc/api/EnvType -> net/minecraftforge/api/distmarker/Dist
[Architectury Transformer DEBUG] net/fabricmc/api/Environment -> net/minecraftforge/api/distmarker/OnlyIn
[Architectury Transformer DEBUG] Found class transformer
[Architectury Transformer DEBUG] Writing com/magistuarmory/addon/config/ArmorConfig$EmbosedParadeConfig with maxs=true frames=true
[Architectury Transformer DEBUG] Remapping refmap from intermediary to srg: epic-knights-addon-1.20.x-forge-forge-refmap.json
[Architectury Transformer DEBUG] Transformed com/magistuarmory/addon/config/ArmorConfig$EmbosedParadeConfig in 2.882 ms
[Architectury Transformer DEBUG] Transforming from com/magistuarmory/addon/config/ArmorConfig$DarkGildedParadeBurgonetConfig.class to com/magistuarmory/addon/config/ArmorConfig$DarkGildedParadeBurgonetConfig.class with 8 transformer(s) on dev.architectury.transformer.handler.TinyRemapperPreparedTransformerHandler
[Architectury Transformer DEBUG] Remapping with 1 mapping provider(s):
[Architectury Transformer DEBUG]  - dev.architectury.transformer.transformers.TransformForgeEnvironment$$Lambda$138/0x00007ff94408d838@b0e5507
[Architectury Transformer DEBUG] Remapping Classes:
[Architectury Transformer DEBUG] net/fabricmc/api/EnvType -> net/minecraftforge/api/distmarker/Dist
[Architectury Transformer DEBUG] net/fabricmc/api/Environment -> net/minecraftforge/api/distmarker/OnlyIn
[Architectury Transformer DEBUG] Found class transformer
[Architectury Transformer DEBUG] Writing com/magistuarmory/addon/config/ArmorConfig$DarkGildedParadeBurgonetConfig with maxs=true frames=true
[Architectury Transformer DEBUG] Remapping refmap from intermediary to srg: epic-knights-addon-1.20.x-forge-forge-refmap.json
[Architectury Transformer DEBUG] Transformed com/magistuarmory/addon/config/ArmorConfig$DarkGildedParadeBurgonetConfig in 2.533 ms
[Architectury Transformer DEBUG] Transforming from com/magistuarmory/addon/config/ArmorConfig$DarkGildedParadeConfig.class to com/magistuarmory/addon/config/ArmorConfig$DarkGildedParadeConfig.class with 8 transformer(s) on dev.architectury.transformer.handler.TinyRemapperPreparedTransformerHandler
[Architectury Transformer DEBUG] Remapping with 1 mapping provider(s):
[Architectury Transformer DEBUG]  - dev.architectury.transformer.transformers.TransformForgeEnvironment$$Lambda$138/0x00007ff94408d838@b0e5507
[Architectury Transformer DEBUG] Remapping Classes:
[Architectury Transformer DEBUG] net/fabricmc/api/EnvType -> net/minecraftforge/api/distmarker/Dist
[Architectury Transformer DEBUG] net/fabricmc/api/Environment -> net/minecraftforge/api/distmarker/OnlyIn
[Architectury Transformer DEBUG] Found class transformer
[Architectury Transformer DEBUG] Writing com/magistuarmory/addon/config/ArmorConfig$DarkGildedParadeConfig with maxs=true frames=true
[Architectury Transformer DEBUG] Remapping refmap from intermediary to srg: epic-knights-addon-1.20.x-forge-forge-refmap.json
[Architectury Transformer DEBUG] Transformed com/magistuarmory/addon/config/ArmorConfig$DarkGildedParadeConfig in 2.082 ms
[Architectury Transformer DEBUG] Transforming from com/magistuarmory/addon/config/ArmorConfig$DoubletConfig.class to com/magistuarmory/addon/config/ArmorConfig$DoubletConfig.class with 8 transformer(s) on dev.architectury.transformer.handler.TinyRemapperPreparedTransformerHandler
[Architectury Transformer DEBUG] Remapping with 1 mapping provider(s):
[Architectury Transformer DEBUG]  - dev.architectury.transformer.transformers.TransformForgeEnvironment$$Lambda$138/0x00007ff94408d838@b0e5507
[Architectury Transformer DEBUG] Remapping Classes:
[Architectury Transformer DEBUG] net/fabricmc/api/EnvType -> net/minecraftforge/api/distmarker/Dist
[Architectury Transformer DEBUG] net/fabricmc/api/Environment -> net/minecraftforge/api/distmarker/OnlyIn
[Architectury Transformer DEBUG] Found class transformer
[Architectury Transformer DEBUG] Writing com/magistuarmory/addon/config/ArmorConfig$DoubletConfig with maxs=true frames=true
[Architectury Transformer DEBUG] Remapping refmap from intermediary to srg: epic-knights-addon-1.20.x-forge-forge-refmap.json
[Architectury Transformer DEBUG] Transformed com/magistuarmory/addon/config/ArmorConfig$DoubletConfig in 1.609 ms
[Architectury Transformer DEBUG] Transforming from com/magistuarmory/addon/config/ArmorConfig$GoldenNecklaceConfig.class to com/magistuarmory/addon/config/ArmorConfig$GoldenNecklaceConfig.class with 8 transformer(s) on dev.architectury.transformer.handler.TinyRemapperPreparedTransformerHandler
[Architectury Transformer DEBUG] Remapping with 1 mapping provider(s):
[Architectury Transformer DEBUG]  - dev.architectury.transformer.transformers.TransformForgeEnvironment$$Lambda$138/0x00007ff94408d838@b0e5507
[Architectury Transformer DEBUG] Remapping Classes:
[Architectury Transformer DEBUG] net/fabricmc/api/EnvType -> net/minecraftforge/api/distmarker/Dist
[Architectury Transformer DEBUG] net/fabricmc/api/Environment -> net/minecraftforge/api/distmarker/OnlyIn
[Architectury Transformer DEBUG] Found class transformer
[Architectury Transformer DEBUG] Writing com/magistuarmory/addon/config/ArmorConfig$GoldenNecklaceConfig with maxs=true frames=true
[Architectury Transformer DEBUG] Remapping refmap from intermediary to srg: epic-knights-addon-1.20.x-forge-forge-refmap.json
[Architectury Transformer DEBUG] Transformed com/magistuarmory/addon/config/ArmorConfig$GoldenNecklaceConfig in 1.429 ms
[Architectury Transformer DEBUG] Transforming from com/magistuarmory/addon/config/ArmorConfig$SilverNecklaceConfig.class to com/magistuarmory/addon/config/ArmorConfig$SilverNecklaceConfig.class with 8 transformer(s) on dev.architectury.transformer.handler.TinyRemapperPreparedTransformerHandler
[Architectury Transformer DEBUG] Remapping with 1 mapping provider(s):
[Architectury Transformer DEBUG]  - dev.architectury.transformer.transformers.TransformForgeEnvironment$$Lambda$138/0x00007ff94408d838@b0e5507
[Architectury Transformer DEBUG] Remapping Classes:
[Architectury Transformer DEBUG] net/fabricmc/api/EnvType -> net/minecraftforge/api/distmarker/Dist
[Architectury Transformer DEBUG] net/fabricmc/api/Environment -> net/minecraftforge/api/distmarker/OnlyIn
[Architectury Transformer DEBUG] Found class transformer
[Architectury Transformer DEBUG] Writing com/magistuarmory/addon/config/ArmorConfig$SilverNecklaceConfig with maxs=true frames=true
[Architectury Transformer DEBUG] Remapping refmap from intermediary to srg: epic-knights-addon-1.20.x-forge-forge-refmap.json
[Architectury Transformer DEBUG] Transformed com/magistuarmory/addon/config/ArmorConfig$SilverNecklaceConfig in 1.538 ms
[Architectury Transformer DEBUG] Transforming from com/magistuarmory/addon/config/ArmorConfig$SilverCrossNecklaceConfig.class to com/magistuarmory/addon/config/ArmorConfig$SilverCrossNecklaceConfig.class with 8 transformer(s) on dev.architectury.transformer.handler.TinyRemapperPreparedTransformerHandler
[Architectury Transformer DEBUG] Remapping with 1 mapping provider(s):
[Architectury Transformer DEBUG]  - dev.architectury.transformer.transformers.TransformForgeEnvironment$$Lambda$138/0x00007ff94408d838@b0e5507
[Architectury Transformer DEBUG] Remapping Classes:
[Architectury Transformer DEBUG] net/fabricmc/api/EnvType -> net/minecraftforge/api/distmarker/Dist
[Architectury Transformer DEBUG] net/fabricmc/api/Environment -> net/minecraftforge/api/distmarker/OnlyIn
[Architectury Transformer DEBUG] Found class transformer
[Architectury Transformer DEBUG] Writing com/magistuarmory/addon/config/ArmorConfig$SilverCrossNecklaceConfig with maxs=true frames=true
[Architectury Transformer DEBUG] Remapping refmap from intermediary to srg: epic-knights-addon-1.20.x-forge-forge-refmap.json
[Architectury Transformer DEBUG] Transformed com/magistuarmory/addon/config/ArmorConfig$SilverCrossNecklaceConfig in 1.560 ms
[Architectury Transformer DEBUG] Transforming from com/magistuarmory/addon/config/ArmorConfig$GoldenCrossNecklaceConfig.class to com/magistuarmory/addon/config/ArmorConfig$GoldenCrossNecklaceConfig.class with 8 transformer(s) on dev.architectury.transformer.handler.TinyRemapperPreparedTransformerHandler
[Architectury Transformer DEBUG] Remapping with 1 mapping provider(s):
[Architectury Transformer DEBUG]  - dev.architectury.transformer.transformers.TransformForgeEnvironment$$Lambda$138/0x00007ff94408d838@b0e5507
[Architectury Transformer DEBUG] Remapping Classes:
[Architectury Transformer DEBUG] net/fabricmc/api/EnvType -> net/minecraftforge/api/distmarker/Dist
[Architectury Transformer DEBUG] net/fabricmc/api/Environment -> net/minecraftforge/api/distmarker/OnlyIn
[Architectury Transformer DEBUG] Found class transformer
[Architectury Transformer DEBUG] Writing com/magistuarmory/addon/config/ArmorConfig$GoldenCrossNecklaceConfig with maxs=true frames=true
[Architectury Transformer DEBUG] Remapping refmap from intermediary to srg: epic-knights-addon-1.20.x-forge-forge-refmap.json
[Architectury Transformer DEBUG] Transformed com/magistuarmory/addon/config/ArmorConfig$GoldenCrossNecklaceConfig in 1.404 ms
[Architectury Transformer DEBUG] Transforming from com/magistuarmory/addon/config/ArmorConfig$ArticulatedConfig.class to com/magistuarmory/addon/config/ArmorConfig$ArticulatedConfig.class with 8 transformer(s) on dev.architectury.transformer.handler.TinyRemapperPreparedTransformerHandler
[Architectury Transformer DEBUG] Remapping with 1 mapping provider(s):
[Architectury Transformer DEBUG]  - dev.architectury.transformer.transformers.TransformForgeEnvironment$$Lambda$138/0x00007ff94408d838@b0e5507
[Architectury Transformer DEBUG] Remapping Classes:
[Architectury Transformer DEBUG] net/fabricmc/api/EnvType -> net/minecraftforge/api/distmarker/Dist
[Architectury Transformer DEBUG] net/fabricmc/api/Environment -> net/minecraftforge/api/distmarker/OnlyIn
[Architectury Transformer DEBUG] Found class transformer
[Architectury Transformer DEBUG] Writing com/magistuarmory/addon/config/ArmorConfig$ArticulatedConfig with maxs=true frames=true
[Architectury Transformer DEBUG] Remapping refmap from intermediary to srg: epic-knights-addon-1.20.x-forge-forge-refmap.json
[Architectury Transformer DEBUG] Transformed com/magistuarmory/addon/config/ArmorConfig$ArticulatedConfig in 1.562 ms
[Architectury Transformer DEBUG] Transforming from com/magistuarmory/addon/config/ArmorConfig$CumanHelmetConfig.class to com/magistuarmory/addon/config/ArmorConfig$CumanHelmetConfig.class with 8 transformer(s) on dev.architectury.transformer.handler.TinyRemapperPreparedTransformerHandler
[Architectury Transformer DEBUG] Remapping with 1 mapping provider(s):
[Architectury Transformer DEBUG]  - dev.architectury.transformer.transformers.TransformForgeEnvironment$$Lambda$138/0x00007ff94408d838@b0e5507
[Architectury Transformer DEBUG] Remapping Classes:
[Architectury Transformer DEBUG] net/fabricmc/api/EnvType -> net/minecraftforge/api/distmarker/Dist
[Architectury Transformer DEBUG] net/fabricmc/api/Environment -> net/minecraftforge/api/distmarker/OnlyIn
[Architectury Transformer DEBUG] Found class transformer
[Architectury Transformer DEBUG] Writing com/magistuarmory/addon/config/ArmorConfig$CumanHelmetConfig with maxs=true frames=true
[Architectury Transformer DEBUG] Remapping refmap from intermediary to srg: epic-knights-addon-1.20.x-forge-forge-refmap.json
[Architectury Transformer DEBUG] Transformed com/magistuarmory/addon/config/ArmorConfig$CumanHelmetConfig in 1.423 ms
[Architectury Transformer DEBUG] Transforming from com/magistuarmory/addon/config/ArmorConfig$DarkbluedGothicConfig.class to com/magistuarmory/addon/config/ArmorConfig$DarkbluedGothicConfig.class with 8 transformer(s) on dev.architectury.transformer.handler.TinyRemapperPreparedTransformerHandler
[Architectury Transformer DEBUG] Remapping with 1 mapping provider(s):
[Architectury Transformer DEBUG]  - dev.architectury.transformer.transformers.TransformForgeEnvironment$$Lambda$138/0x00007ff94408d838@b0e5507
[Architectury Transformer DEBUG] Remapping Classes:
[Architectury Transformer DEBUG] net/fabricmc/api/EnvType -> net/minecraftforge/api/distmarker/Dist
[Architectury Transformer DEBUG] net/fabricmc/api/Environment -> net/minecraftforge/api/distmarker/OnlyIn
[Architectury Transformer DEBUG] Found class transformer
[Architectury Transformer DEBUG] Writing com/magistuarmory/addon/config/ArmorConfig$DarkbluedGothicConfig with maxs=true frames=true
[Architectury Transformer DEBUG] Remapping refmap from intermediary to srg: epic-knights-addon-1.20.x-forge-forge-refmap.json
[Architectury Transformer DEBUG] Transformed com/magistuarmory/addon/config/ArmorConfig$DarkbluedGothicConfig in 1.397 ms
[Architectury Transformer DEBUG] Transforming from com/magistuarmory/addon/config/ArmorConfig$DarkbluedGreenwichArmetConfig.class to com/magistuarmory/addon/config/ArmorConfig$DarkbluedGreenwichArmetConfig.class with 8 transformer(s) on dev.architectury.transformer.handler.TinyRemapperPreparedTransformerHandler
[Architectury Transformer DEBUG] Remapping with 1 mapping provider(s):
[Architectury Transformer DEBUG]  - dev.architectury.transformer.transformers.TransformForgeEnvironment$$Lambda$138/0x00007ff94408d838@b0e5507
[Architectury Transformer DEBUG] Remapping Classes:
[Architectury Transformer DEBUG] net/fabricmc/api/EnvType -> net/minecraftforge/api/distmarker/Dist
[Architectury Transformer DEBUG] net/fabricmc/api/Environment -> net/minecraftforge/api/distmarker/OnlyIn
[Architectury Transformer DEBUG] Found class transformer
[Architectury Transformer DEBUG] Writing com/magistuarmory/addon/config/ArmorConfig$DarkbluedGreenwichArmetConfig with maxs=true frames=true
[Architectury Transformer DEBUG] Remapping refmap from intermediary to srg: epic-knights-addon-1.20.x-forge-forge-refmap.json
[Architectury Transformer DEBUG] Transformed com/magistuarmory/addon/config/ArmorConfig$DarkbluedGreenwichArmetConfig in 1.426 ms
[Architectury Transformer DEBUG] Transforming from com/magistuarmory/addon/config/ArmorConfig$DarkbluedGreenwichConfig.class to com/magistuarmory/addon/config/ArmorConfig$DarkbluedGreenwichConfig.class with 8 transformer(s) on dev.architectury.transformer.handler.TinyRemapperPreparedTransformerHandler
[Architectury Transformer DEBUG] Remapping with 1 mapping provider(s):
[Architectury Transformer DEBUG]  - dev.architectury.transformer.transformers.TransformForgeEnvironment$$Lambda$138/0x00007ff94408d838@b0e5507
[Architectury Transformer DEBUG] Remapping Classes:
[Architectury Transformer DEBUG] net/fabricmc/api/EnvType -> net/minecraftforge/api/distmarker/Dist
[Architectury Transformer DEBUG] net/fabricmc/api/Environment -> net/minecraftforge/api/distmarker/OnlyIn
[Architectury Transformer DEBUG] Found class transformer
[Architectury Transformer DEBUG] Writing com/magistuarmory/addon/config/ArmorConfig$DarkbluedGreenwichConfig with maxs=true frames=true
[Architectury Transformer DEBUG] Remapping refmap from intermediary to srg: epic-knights-addon-1.20.x-forge-forge-refmap.json
[Architectury Transformer DEBUG] Transformed com/magistuarmory/addon/config/ArmorConfig$DarkbluedGreenwichConfig in 2.133 ms
[Architectury Transformer DEBUG] Transforming from com/magistuarmory/addon/config/ArmorConfig$DarkbluedKastenbrustConfig.class to com/magistuarmory/addon/config/ArmorConfig$DarkbluedKastenbrustConfig.class with 8 transformer(s) on dev.architectury.transformer.handler.TinyRemapperPreparedTransformerHandler
[Architectury Transformer DEBUG] Remapping with 1 mapping provider(s):
[Architectury Transformer DEBUG]  - dev.architectury.transformer.transformers.TransformForgeEnvironment$$Lambda$138/0x00007ff94408d838@b0e5507
[Architectury Transformer DEBUG] Remapping Classes:
[Architectury Transformer DEBUG] net/fabricmc/api/EnvType -> net/minecraftforge/api/distmarker/Dist
[Architectury Transformer DEBUG] net/fabricmc/api/Environment -> net/minecraftforge/api/distmarker/OnlyIn
[Architectury Transformer DEBUG] Found class transformer
[Architectury Transformer DEBUG] Writing com/magistuarmory/addon/config/ArmorConfig$DarkbluedKastenbrustConfig with maxs=true frames=true
[Architectury Transformer DEBUG] Remapping refmap from intermediary to srg: epic-knights-addon-1.20.x-forge-forge-refmap.json
[Architectury Transformer DEBUG] Transformed com/magistuarmory/addon/config/ArmorConfig$DarkbluedKastenbrustConfig in 3.712 ms
[Architectury Transformer DEBUG] Transforming from com/magistuarmory/addon/config/ArmorConfig$DarkbluedArmetConfig.class to com/magistuarmory/addon/config/ArmorConfig$DarkbluedArmetConfig.class with 8 transformer(s) on dev.architectury.transformer.handler.TinyRemapperPreparedTransformerHandler
[Architectury Transformer DEBUG] Remapping with 1 mapping provider(s):
[Architectury Transformer DEBUG]  - dev.architectury.transformer.transformers.TransformForgeEnvironment$$Lambda$138/0x00007ff94408d838@b0e5507
[Architectury Transformer DEBUG] Remapping Classes:
[Architectury Transformer DEBUG] net/fabricmc/api/EnvType -> net/minecraftforge/api/distmarker/Dist
[Architectury Transformer DEBUG] net/fabricmc/api/Environment -> net/minecraftforge/api/distmarker/OnlyIn
[Architectury Transformer DEBUG] Found class transformer
[Architectury Transformer DEBUG] Writing com/magistuarmory/addon/config/ArmorConfig$DarkbluedArmetConfig with maxs=true frames=true
[Architectury Transformer DEBUG] Remapping refmap from intermediary to srg: epic-knights-addon-1.20.x-forge-forge-refmap.json
[Architectury Transformer DEBUG] Transformed com/magistuarmory/addon/config/ArmorConfig$DarkbluedArmetConfig in 2.362 ms
[Architectury Transformer DEBUG] Transforming from com/magistuarmory/addon/config/ArmorConfig$DarkbluedKnightConfig.class to com/magistuarmory/addon/config/ArmorConfig$DarkbluedKnightConfig.class with 8 transformer(s) on dev.architectury.transformer.handler.TinyRemapperPreparedTransformerHandler
[Architectury Transformer DEBUG] Remapping with 1 mapping provider(s):
[Architectury Transformer DEBUG]  - dev.architectury.transformer.transformers.TransformForgeEnvironment$$Lambda$138/0x00007ff94408d838@b0e5507
[Architectury Transformer DEBUG] Remapping Classes:
[Architectury Transformer DEBUG] net/fabricmc/api/EnvType -> net/minecraftforge/api/distmarker/Dist
[Architectury Transformer DEBUG] net/fabricmc/api/Environment -> net/minecraftforge/api/distmarker/OnlyIn
[Architectury Transformer DEBUG] Found class transformer
[Architectury Transformer DEBUG] Writing com/magistuarmory/addon/config/ArmorConfig$DarkbluedKnightConfig with maxs=true frames=true
[Architectury Transformer DEBUG] Remapping refmap from intermediary to srg: epic-knights-addon-1.20.x-forge-forge-refmap.json
[Architectury Transformer DEBUG] Transformed com/magistuarmory/addon/config/ArmorConfig$DarkbluedKnightConfig in 1.483 ms
[Architectury Transformer DEBUG] Transforming from com/magistuarmory/addon/config/ArmorConfig$DarkbluedMaximilianHelmetConfig.class to com/magistuarmory/addon/config/ArmorConfig$DarkbluedMaximilianHelmetConfig.class with 8 transformer(s) on dev.architectury.transformer.handler.TinyRemapperPreparedTransformerHandler
[Architectury Transformer DEBUG] Remapping with 1 mapping provider(s):
[Architectury Transformer DEBUG]  - dev.architectury.transformer.transformers.TransformForgeEnvironment$$Lambda$138/0x00007ff94408d838@b0e5507
[Architectury Transformer DEBUG] Remapping Classes:
[Architectury Transformer DEBUG] net/fabricmc/api/EnvType -> net/minecraftforge/api/distmarker/Dist
[Architectury Transformer DEBUG] net/fabricmc/api/Environment -> net/minecraftforge/api/distmarker/OnlyIn
[Architectury Transformer DEBUG] Found class transformer
[Architectury Transformer DEBUG] Writing com/magistuarmory/addon/config/ArmorConfig$DarkbluedMaximilianHelmetConfig with maxs=true frames=true
[Architectury Transformer DEBUG] Remapping refmap from intermediary to srg: epic-knights-addon-1.20.x-forge-forge-refmap.json
[Architectury Transformer DEBUG] Transformed com/magistuarmory/addon/config/ArmorConfig$DarkbluedMaximilianHelmetConfig in 1.357 ms
[Architectury Transformer DEBUG] Transforming from com/magistuarmory/addon/config/ArmorConfig$DarkbluedMaximilianConfig.class to com/magistuarmory/addon/config/ArmorConfig$DarkbluedMaximilianConfig.class with 8 transformer(s) on dev.architectury.transformer.handler.TinyRemapperPreparedTransformerHandler
[Architectury Transformer DEBUG] Remapping with 1 mapping provider(s):
[Architectury Transformer DEBUG]  - dev.architectury.transformer.transformers.TransformForgeEnvironment$$Lambda$138/0x00007ff94408d838@b0e5507
[Architectury Transformer DEBUG] Remapping Classes:
[Architectury Transformer DEBUG] net/fabricmc/api/EnvType -> net/minecraftforge/api/distmarker/Dist
[Architectury Transformer DEBUG] net/fabricmc/api/Environment -> net/minecraftforge/api/distmarker/OnlyIn
[Architectury Transformer DEBUG] Found class transformer
[Architectury Transformer DEBUG] Writing com/magistuarmory/addon/config/ArmorConfig$DarkbluedMaximilianConfig with maxs=true frames=true
[Architectury Transformer DEBUG] Remapping refmap from intermediary to srg: epic-knights-addon-1.20.x-forge-forge-refmap.json
[Architectury Transformer DEBUG] Transformed com/magistuarmory/addon/config/ArmorConfig$DarkbluedMaximilianConfig in 1.352 ms
[Architectury Transformer DEBUG] Transforming from com/magistuarmory/addon/config/ArmorConfig$DarkbluedSalletConfig.class to com/magistuarmory/addon/config/ArmorConfig$DarkbluedSalletConfig.class with 8 transformer(s) on dev.architectury.transformer.handler.TinyRemapperPreparedTransformerHandler
[Architectury Transformer DEBUG] Remapping with 1 mapping provider(s):
[Architectury Transformer DEBUG]  - dev.architectury.transformer.transformers.TransformForgeEnvironment$$Lambda$138/0x00007ff94408d838@b0e5507
[Architectury Transformer DEBUG] Remapping Classes:
[Architectury Transformer DEBUG] net/fabricmc/api/EnvType -> net/minecraftforge/api/distmarker/Dist
[Architectury Transformer DEBUG] net/fabricmc/api/Environment -> net/minecraftforge/api/distmarker/OnlyIn
[Architectury Transformer DEBUG] Found class transformer
[Architectury Transformer DEBUG] Writing com/magistuarmory/addon/config/ArmorConfig$DarkbluedSalletConfig with maxs=true frames=true
[Architectury Transformer DEBUG] Remapping refmap from intermediary to srg: epic-knights-addon-1.20.x-forge-forge-refmap.json
[Architectury Transformer DEBUG] Transformed com/magistuarmory/addon/config/ArmorConfig$DarkbluedSalletConfig in 1.379 ms
[Architectury Transformer DEBUG] Transforming from com/magistuarmory/addon/config/ArmorConfig$EngravedCloseHelmetConfig.class to com/magistuarmory/addon/config/ArmorConfig$EngravedCloseHelmetConfig.class with 8 transformer(s) on dev.architectury.transformer.handler.TinyRemapperPreparedTransformerHandler
[Architectury Transformer DEBUG] Remapping with 1 mapping provider(s):
[Architectury Transformer DEBUG]  - dev.architectury.transformer.transformers.TransformForgeEnvironment$$Lambda$138/0x00007ff94408d838@b0e5507
[Architectury Transformer DEBUG] Remapping Classes:
[Architectury Transformer DEBUG] net/fabricmc/api/EnvType -> net/minecraftforge/api/distmarker/Dist
[Architectury Transformer DEBUG] net/fabricmc/api/Environment -> net/minecraftforge/api/distmarker/OnlyIn
[Architectury Transformer DEBUG] Found class transformer
[Architectury Transformer DEBUG] Writing com/magistuarmory/addon/config/ArmorConfig$EngravedCloseHelmetConfig with maxs=true frames=true
[Architectury Transformer DEBUG] Remapping refmap from intermediary to srg: epic-knights-addon-1.20.x-forge-forge-refmap.json
[Architectury Transformer DEBUG] Transformed com/magistuarmory/addon/config/ArmorConfig$EngravedCloseHelmetConfig in 1.637 ms
[Architectury Transformer DEBUG] Transforming from com/magistuarmory/addon/config/ArmorConfig$EngravedConfig.class to com/magistuarmory/addon/config/ArmorConfig$EngravedConfig.class with 8 transformer(s) on dev.architectury.transformer.handler.TinyRemapperPreparedTransformerHandler
[Architectury Transformer DEBUG] Remapping with 1 mapping provider(s):
[Architectury Transformer DEBUG]  - dev.architectury.transformer.transformers.TransformForgeEnvironment$$Lambda$138/0x00007ff94408d838@b0e5507
[Architectury Transformer DEBUG] Remapping Classes:
[Architectury Transformer DEBUG] net/fabricmc/api/EnvType -> net/minecraftforge/api/distmarker/Dist
[Architectury Transformer DEBUG] net/fabricmc/api/Environment -> net/minecraftforge/api/distmarker/OnlyIn
[Architectury Transformer DEBUG] Found class transformer
[Architectury Transformer DEBUG] Writing com/magistuarmory/addon/config/ArmorConfig$EngravedConfig with maxs=true frames=true
[Architectury Transformer DEBUG] Remapping refmap from intermediary to srg: epic-knights-addon-1.20.x-forge-forge-refmap.json
[Architectury Transformer DEBUG] Transformed com/magistuarmory/addon/config/ArmorConfig$EngravedConfig in 1.567 ms
[Architectury Transformer DEBUG] Transforming from com/magistuarmory/addon/config/ArmorConfig$FoxGrotesqueMaximilianHelmetConfig.class to com/magistuarmory/addon/config/ArmorConfig$FoxGrotesqueMaximilianHelmetConfig.class with 8 transformer(s) on dev.architectury.transformer.handler.TinyRemapperPreparedTransformerHandler
[Architectury Transformer DEBUG] Remapping with 1 mapping provider(s):
[Architectury Transformer DEBUG]  - dev.architectury.transformer.transformers.TransformForgeEnvironment$$Lambda$138/0x00007ff94408d838@b0e5507
[Architectury Transformer DEBUG] Remapping Classes:
[Architectury Transformer DEBUG] net/fabricmc/api/EnvType -> net/minecraftforge/api/distmarker/Dist
[Architectury Transformer DEBUG] net/fabricmc/api/Environment -> net/minecraftforge/api/distmarker/OnlyIn
[Architectury Transformer DEBUG] Found class transformer
[Architectury Transformer DEBUG] Writing com/magistuarmory/addon/config/ArmorConfig$FoxGrotesqueMaximilianHelmetConfig with maxs=true frames=true
[Architectury Transformer DEBUG] Remapping refmap from intermediary to srg: epic-knights-addon-1.20.x-forge-forge-refmap.json
[Architectury Transformer DEBUG] Transformed com/magistuarmory/addon/config/ArmorConfig$FoxGrotesqueMaximilianHelmetConfig in 1.563 ms
[Architectury Transformer DEBUG] Transforming from com/magistuarmory/addon/config/ArmorConfig$FullyGildedArmetConfig.class to com/magistuarmory/addon/config/ArmorConfig$FullyGildedArmetConfig.class with 8 transformer(s) on dev.architectury.transformer.handler.TinyRemapperPreparedTransformerHandler
[Architectury Transformer DEBUG] Remapping with 1 mapping provider(s):
[Architectury Transformer DEBUG]  - dev.architectury.transformer.transformers.TransformForgeEnvironment$$Lambda$138/0x00007ff94408d838@b0e5507
[Architectury Transformer DEBUG] Remapping Classes:
[Architectury Transformer DEBUG] net/fabricmc/api/EnvType -> net/minecraftforge/api/distmarker/Dist
[Architectury Transformer DEBUG] net/fabricmc/api/Environment -> net/minecraftforge/api/distmarker/OnlyIn
[Architectury Transformer DEBUG] Found class transformer
[Architectury Transformer DEBUG] Writing com/magistuarmory/addon/config/ArmorConfig$FullyGildedArmetConfig with maxs=true frames=true
[Architectury Transformer DEBUG] Remapping refmap from intermediary to srg: epic-knights-addon-1.20.x-forge-forge-refmap.json
[Architectury Transformer DEBUG] Transformed com/magistuarmory/addon/config/ArmorConfig$FullyGildedArmetConfig in 1.486 ms
[Architectury Transformer DEBUG] Transforming from com/magistuarmory/addon/config/ArmorConfig$FullyGildedArticulatedConfig.class to com/magistuarmory/addon/config/ArmorConfig$FullyGildedArticulatedConfig.class with 8 transformer(s) on dev.architectury.transformer.handler.TinyRemapperPreparedTransformerHandler
[Architectury Transformer DEBUG] Remapping with 1 mapping provider(s):
[Architectury Transformer DEBUG]  - dev.architectury.transformer.transformers.TransformForgeEnvironment$$Lambda$138/0x00007ff94408d838@b0e5507
[Architectury Transformer DEBUG] Remapping Classes:
[Architectury Transformer DEBUG] net/fabricmc/api/EnvType -> net/minecraftforge/api/distmarker/Dist
[Architectury Transformer DEBUG] net/fabricmc/api/Environment -> net/minecraftforge/api/distmarker/OnlyIn
[Architectury Transformer DEBUG] Found class transformer
[Architectury Transformer DEBUG] Writing com/magistuarmory/addon/config/ArmorConfig$FullyGildedArticulatedConfig with maxs=true frames=true
[Architectury Transformer DEBUG] Remapping refmap from intermediary to srg: epic-knights-addon-1.20.x-forge-forge-refmap.json
[Architectury Transformer DEBUG] Transformed com/magistuarmory/addon/config/ArmorConfig$FullyGildedArticulatedConfig in 1.496 ms
[Architectury Transformer DEBUG] Transforming from com/magistuarmory/addon/config/ArmorConfig$FullyGildedGothicConfig.class to com/magistuarmory/addon/config/ArmorConfig$FullyGildedGothicConfig.class with 8 transformer(s) on dev.architectury.transformer.handler.TinyRemapperPreparedTransformerHandler
[Architectury Transformer DEBUG] Remapping with 1 mapping provider(s):
[Architectury Transformer DEBUG]  - dev.architectury.transformer.transformers.TransformForgeEnvironment$$Lambda$138/0x00007ff94408d838@b0e5507
[Architectury Transformer DEBUG] Remapping Classes:
[Architectury Transformer DEBUG] net/fabricmc/api/EnvType -> net/minecraftforge/api/distmarker/Dist
[Architectury Transformer DEBUG] net/fabricmc/api/Environment -> net/minecraftforge/api/distmarker/OnlyIn
[Architectury Transformer DEBUG] Found class transformer
[Architectury Transformer DEBUG] Writing com/magistuarmory/addon/config/ArmorConfig$FullyGildedGothicConfig with maxs=true frames=true
[Architectury Transformer DEBUG] Remapping refmap from intermediary to srg: epic-knights-addon-1.20.x-forge-forge-refmap.json
[Architectury Transformer DEBUG] Transformed com/magistuarmory/addon/config/ArmorConfig$FullyGildedGothicConfig in 1.653 ms
[Architectury Transformer DEBUG] Transforming from com/magistuarmory/addon/config/ArmorConfig$FullyGildedGrandBascinetConfig.class to com/magistuarmory/addon/config/ArmorConfig$FullyGildedGrandBascinetConfig.class with 8 transformer(s) on dev.architectury.transformer.handler.TinyRemapperPreparedTransformerHandler
[Architectury Transformer DEBUG] Remapping with 1 mapping provider(s):
[Architectury Transformer DEBUG]  - dev.architectury.transformer.transformers.TransformForgeEnvironment$$Lambda$138/0x00007ff94408d838@b0e5507
[Architectury Transformer DEBUG] Remapping Classes:
[Architectury Transformer DEBUG] net/fabricmc/api/EnvType -> net/minecraftforge/api/distmarker/Dist
[Architectury Transformer DEBUG] net/fabricmc/api/Environment -> net/minecraftforge/api/distmarker/OnlyIn
[Architectury Transformer DEBUG] Found class transformer
[Architectury Transformer DEBUG] Writing com/magistuarmory/addon/config/ArmorConfig$FullyGildedGrandBascinetConfig with maxs=true frames=true
[Architectury Transformer DEBUG] Remapping refmap from intermediary to srg: epic-knights-addon-1.20.x-forge-forge-refmap.json
[Architectury Transformer DEBUG] Transformed com/magistuarmory/addon/config/ArmorConfig$FullyGildedGrandBascinetConfig in 1.584 ms
[Architectury Transformer DEBUG] Transforming from com/magistuarmory/addon/config/ArmorConfig$FullyGildedGreenwichArmetConfig.class to com/magistuarmory/addon/config/ArmorConfig$FullyGildedGreenwichArmetConfig.class with 8 transformer(s) on dev.architectury.transformer.handler.TinyRemapperPreparedTransformerHandler
[Architectury Transformer DEBUG] Remapping with 1 mapping provider(s):
[Architectury Transformer DEBUG]  - dev.architectury.transformer.transformers.TransformForgeEnvironment$$Lambda$138/0x00007ff94408d838@b0e5507
[Architectury Transformer DEBUG] Remapping Classes:
[Architectury Transformer DEBUG] net/fabricmc/api/EnvType -> net/minecraftforge/api/distmarker/Dist
[Architectury Transformer DEBUG] net/fabricmc/api/Environment -> net/minecraftforge/api/distmarker/OnlyIn
[Architectury Transformer DEBUG] Found class transformer
[Architectury Transformer DEBUG] Writing com/magistuarmory/addon/config/ArmorConfig$FullyGildedGreenwichArmetConfig with maxs=true frames=true
[Architectury Transformer DEBUG] Remapping refmap from intermediary to srg: epic-knights-addon-1.20.x-forge-forge-refmap.json
[Architectury Transformer DEBUG] Transformed com/magistuarmory/addon/config/ArmorConfig$FullyGildedGreenwichArmetConfig in 2.059 ms
[Architectury Transformer DEBUG] Transforming from com/magistuarmory/addon/config/ArmorConfig$FullyGildedGreenwichConfig.class to com/magistuarmory/addon/config/ArmorConfig$FullyGildedGreenwichConfig.class with 8 transformer(s) on dev.architectury.transformer.handler.TinyRemapperPreparedTransformerHandler
[Architectury Transformer DEBUG] Remapping with 1 mapping provider(s):
[Architectury Transformer DEBUG]  - dev.architectury.transformer.transformers.TransformForgeEnvironment$$Lambda$138/0x00007ff94408d838@b0e5507
[Architectury Transformer DEBUG] Remapping Classes:
[Architectury Transformer DEBUG] net/fabricmc/api/EnvType -> net/minecraftforge/api/distmarker/Dist
[Architectury Transformer DEBUG] net/fabricmc/api/Environment -> net/minecraftforge/api/distmarker/OnlyIn
[Architectury Transformer DEBUG] Found class transformer
[Architectury Transformer DEBUG] Writing com/magistuarmory/addon/config/ArmorConfig$FullyGildedGreenwichConfig with maxs=true frames=true
[Architectury Transformer DEBUG] Remapping refmap from intermediary to srg: epic-knights-addon-1.20.x-forge-forge-refmap.json
[Architectury Transformer DEBUG] Transformed com/magistuarmory/addon/config/ArmorConfig$FullyGildedGreenwichConfig in 1.581 ms
[Architectury Transformer DEBUG] Transforming from com/magistuarmory/addon/config/ArmorConfig$FullyGildedGrilledHelmetConfig.class to com/magistuarmory/addon/config/ArmorConfig$FullyGildedGrilledHelmetConfig.class with 8 transformer(s) on dev.architectury.transformer.handler.TinyRemapperPreparedTransformerHandler
[Architectury Transformer DEBUG] Remapping with 1 mapping provider(s):
[Architectury Transformer DEBUG]  - dev.architectury.transformer.transformers.TransformForgeEnvironment$$Lambda$138/0x00007ff94408d838@b0e5507
[Architectury Transformer DEBUG] Remapping Classes:
[Architectury Transformer DEBUG] net/fabricmc/api/EnvType -> net/minecraftforge/api/distmarker/Dist
[Architectury Transformer DEBUG] net/fabricmc/api/Environment -> net/minecraftforge/api/distmarker/OnlyIn
[Architectury Transformer DEBUG] Found class transformer
[Architectury Transformer DEBUG] Writing com/magistuarmory/addon/config/ArmorConfig$FullyGildedGrilledHelmetConfig with maxs=true frames=true
[Architectury Transformer DEBUG] Remapping refmap from intermediary to srg: epic-knights-addon-1.20.x-forge-forge-refmap.json
[Architectury Transformer DEBUG] Transformed com/magistuarmory/addon/config/ArmorConfig$FullyGildedGrilledHelmetConfig in 1.728 ms
[Architectury Transformer DEBUG] Transforming from com/magistuarmory/addon/config/ArmorConfig$FullyGildedJoustingHelmetConfig.class to com/magistuarmory/addon/config/ArmorConfig$FullyGildedJoustingHelmetConfig.class with 8 transformer(s) on dev.architectury.transformer.handler.TinyRemapperPreparedTransformerHandler
[Architectury Transformer DEBUG] Remapping with 1 mapping provider(s):
[Architectury Transformer DEBUG]  - dev.architectury.transformer.transformers.TransformForgeEnvironment$$Lambda$138/0x00007ff94408d838@b0e5507
[Architectury Transformer DEBUG] Remapping Classes:
[Architectury Transformer DEBUG] net/fabricmc/api/EnvType -> net/minecraftforge/api/distmarker/Dist
[Architectury Transformer DEBUG] net/fabricmc/api/Environment -> net/minecraftforge/api/distmarker/OnlyIn
[Architectury Transformer DEBUG] Found class transformer
[Architectury Transformer DEBUG] Writing com/magistuarmory/addon/config/ArmorConfig$FullyGildedJoustingHelmetConfig with maxs=true frames=true
[Architectury Transformer DEBUG] Remapping refmap from intermediary to srg: epic-knights-addon-1.20.x-forge-forge-refmap.json
[Architectury Transformer DEBUG] Transformed com/magistuarmory/addon/config/ArmorConfig$FullyGildedJoustingHelmetConfig in 1.512 ms
[Architectury Transformer DEBUG] Transforming from com/magistuarmory/addon/config/ArmorConfig$FullyGildedJoustingConfig.class to com/magistuarmory/addon/config/ArmorConfig$FullyGildedJoustingConfig.class with 8 transformer(s) on dev.architectury.transformer.handler.TinyRemapperPreparedTransformerHandler
[Architectury Transformer DEBUG] Remapping with 1 mapping provider(s):
[Architectury Transformer DEBUG]  - dev.architectury.transformer.transformers.TransformForgeEnvironment$$Lambda$138/0x00007ff94408d838@b0e5507
[Architectury Transformer DEBUG] Remapping Classes:
[Architectury Transformer DEBUG] net/fabricmc/api/EnvType -> net/minecraftforge/api/distmarker/Dist
[Architectury Transformer DEBUG] net/fabricmc/api/Environment -> net/minecraftforge/api/distmarker/OnlyIn
[Architectury Transformer DEBUG] Found class transformer
[Architectury Transformer DEBUG] Writing com/magistuarmory/addon/config/ArmorConfig$FullyGildedJoustingConfig with maxs=true frames=true
[Architectury Transformer DEBUG] Remapping refmap from intermediary to srg: epic-knights-addon-1.20.x-forge-forge-refmap.json
[Architectury Transformer DEBUG] Transformed com/magistuarmory/addon/config/ArmorConfig$FullyGildedJoustingConfig in 1.595 ms
[Architectury Transformer DEBUG] Transforming from com/magistuarmory/addon/config/ArmorConfig$FullyGildedKastenbrustConfig.class to com/magistuarmory/addon/config/ArmorConfig$FullyGildedKastenbrustConfig.class with 8 transformer(s) on dev.architectury.transformer.handler.TinyRemapperPreparedTransformerHandler
[Architectury Transformer DEBUG] Remapping with 1 mapping provider(s):
[Architectury Transformer DEBUG]  - dev.architectury.transformer.transformers.TransformForgeEnvironment$$Lambda$138/0x00007ff94408d838@b0e5507
[Architectury Transformer DEBUG] Remapping Classes:
[Architectury Transformer DEBUG] net/fabricmc/api/EnvType -> net/minecraftforge/api/distmarker/Dist
[Architectury Transformer DEBUG] net/fabricmc/api/Environment -> net/minecraftforge/api/distmarker/OnlyIn
[Architectury Transformer DEBUG] Found class transformer
[Architectury Transformer DEBUG] Writing com/magistuarmory/addon/config/ArmorConfig$FullyGildedKastenbrustConfig with maxs=true frames=true
[Architectury Transformer DEBUG] Remapping refmap from intermediary to srg: epic-knights-addon-1.20.x-forge-forge-refmap.json
[Architectury Transformer DEBUG] Transformed com/magistuarmory/addon/config/ArmorConfig$FullyGildedKastenbrustConfig in 1.592 ms
[Architectury Transformer DEBUG] Transforming from com/magistuarmory/addon/config/ArmorConfig$FullyGildedKnightConfig.class to com/magistuarmory/addon/config/ArmorConfig$FullyGildedKnightConfig.class with 8 transformer(s) on dev.architectury.transformer.handler.TinyRemapperPreparedTransformerHandler
[Architectury Transformer DEBUG] Remapping with 1 mapping provider(s):
[Architectury Transformer DEBUG]  - dev.architectury.transformer.transformers.TransformForgeEnvironment$$Lambda$138/0x00007ff94408d838@b0e5507
[Architectury Transformer DEBUG] Remapping Classes:
[Architectury Transformer DEBUG] net/fabricmc/api/EnvType -> net/minecraftforge/api/distmarker/Dist
[Architectury Transformer DEBUG] net/fabricmc/api/Environment -> net/minecraftforge/api/distmarker/OnlyIn
[Architectury Transformer DEBUG] Found class transformer
[Architectury Transformer DEBUG] Writing com/magistuarmory/addon/config/ArmorConfig$FullyGildedKnightConfig with maxs=true frames=true
[Architectury Transformer DEBUG] Remapping refmap from intermediary to srg: epic-knights-addon-1.20.x-forge-forge-refmap.json
[Architectury Transformer DEBUG] Transformed com/magistuarmory/addon/config/ArmorConfig$FullyGildedKnightConfig in 1.632 ms
[Architectury Transformer DEBUG] Transforming from com/magistuarmory/addon/config/ArmorConfig$FullyGildedMaximilianHelmetConfig.class to com/magistuarmory/addon/config/ArmorConfig$FullyGildedMaximilianHelmetConfig.class with 8 transformer(s) on dev.architectury.transformer.handler.TinyRemapperPreparedTransformerHandler
[Architectury Transformer DEBUG] Remapping with 1 mapping provider(s):
[Architectury Transformer DEBUG]  - dev.architectury.transformer.transformers.TransformForgeEnvironment$$Lambda$138/0x00007ff94408d838@b0e5507
[Architectury Transformer DEBUG] Remapping Classes:
[Architectury Transformer DEBUG] net/fabricmc/api/EnvType -> net/minecraftforge/api/distmarker/Dist
[Architectury Transformer DEBUG] net/fabricmc/api/Environment -> net/minecraftforge/api/distmarker/OnlyIn
[Architectury Transformer DEBUG] Found class transformer
[Architectury Transformer DEBUG] Writing com/magistuarmory/addon/config/ArmorConfig$FullyGildedMaximilianHelmetConfig with maxs=true frames=true
[Architectury Transformer DEBUG] Remapping refmap from intermediary to srg: epic-knights-addon-1.20.x-forge-forge-refmap.json
[Architectury Transformer DEBUG] Transformed com/magistuarmory/addon/config/ArmorConfig$FullyGildedMaximilianHelmetConfig in 1.495 ms
[Architectury Transformer DEBUG] Transforming from com/magistuarmory/addon/config/ArmorConfig$FullyGildedMaximilianConfig.class to com/magistuarmory/addon/config/ArmorConfig$FullyGildedMaximilianConfig.class with 8 transformer(s) on dev.architectury.transformer.handler.TinyRemapperPreparedTransformerHandler
[Architectury Transformer DEBUG] Remapping with 1 mapping provider(s):
[Architectury Transformer DEBUG]  - dev.architectury.transformer.transformers.TransformForgeEnvironment$$Lambda$138/0x00007ff94408d838@b0e5507
[Architectury Transformer DEBUG] Remapping Classes:
[Architectury Transformer DEBUG] net/fabricmc/api/EnvType -> net/minecraftforge/api/distmarker/Dist
[Architectury Transformer DEBUG] net/fabricmc/api/Environment -> net/minecraftforge/api/distmarker/OnlyIn
[Architectury Transformer DEBUG] Found class transformer
[Architectury Transformer DEBUG] Writing com/magistuarmory/addon/config/ArmorConfig$FullyGildedMaximilianConfig with maxs=true frames=true
[Architectury Transformer DEBUG] Remapping refmap from intermediary to srg: epic-knights-addon-1.20.x-forge-forge-refmap.json
[Architectury Transformer DEBUG] Transformed com/magistuarmory/addon/config/ArmorConfig$FullyGildedMaximilianConfig in 1.420 ms
[Architectury Transformer DEBUG] Transforming from com/magistuarmory/addon/config/ArmorConfig$FullyGildedMilaneseArmetConfig.class to com/magistuarmory/addon/config/ArmorConfig$FullyGildedMilaneseArmetConfig.class with 8 transformer(s) on dev.architectury.transformer.handler.TinyRemapperPreparedTransformerHandler
[Architectury Transformer DEBUG] Remapping with 1 mapping provider(s):
[Architectury Transformer DEBUG]  - dev.architectury.transformer.transformers.TransformForgeEnvironment$$Lambda$138/0x00007ff94408d838@b0e5507
[Architectury Transformer DEBUG] Remapping Classes:
[Architectury Transformer DEBUG] net/fabricmc/api/EnvType -> net/minecraftforge/api/distmarker/Dist
[Architectury Transformer DEBUG] net/fabricmc/api/Environment -> net/minecraftforge/api/distmarker/OnlyIn
[Architectury Transformer DEBUG] Found class transformer
[Architectury Transformer DEBUG] Writing com/magistuarmory/addon/config/ArmorConfig$FullyGildedMilaneseArmetConfig with maxs=true frames=true
[Architectury Transformer DEBUG] Remapping refmap from intermediary to srg: epic-knights-addon-1.20.x-forge-forge-refmap.json
[Architectury Transformer DEBUG] Transformed com/magistuarmory/addon/config/ArmorConfig$FullyGildedMilaneseArmetConfig in 1.445 ms
[Architectury Transformer DEBUG] Transforming from com/magistuarmory/addon/config/ArmorConfig$FullyGildedSalletConfig.class to com/magistuarmory/addon/config/ArmorConfig$FullyGildedSalletConfig.class with 8 transformer(s) on dev.architectury.transformer.handler.TinyRemapperPreparedTransformerHandler
[Architectury Transformer DEBUG] Remapping with 1 mapping provider(s):
[Architectury Transformer DEBUG]  - dev.architectury.transformer.transformers.TransformForgeEnvironment$$Lambda$138/0x00007ff94408d838@b0e5507
[Architectury Transformer DEBUG] Remapping Classes:
[Architectury Transformer DEBUG] net/fabricmc/api/EnvType -> net/minecraftforge/api/distmarker/Dist
[Architectury Transformer DEBUG] net/fabricmc/api/Environment -> net/minecraftforge/api/distmarker/OnlyIn
[Architectury Transformer DEBUG] Found class transformer
[Architectury Transformer DEBUG] Writing com/magistuarmory/addon/config/ArmorConfig$FullyGildedSalletConfig with maxs=true frames=true
[Architectury Transformer DEBUG] Remapping refmap from intermediary to srg: epic-knights-addon-1.20.x-forge-forge-refmap.json
[Architectury Transformer DEBUG] Transformed com/magistuarmory/addon/config/ArmorConfig$FullyGildedSalletConfig in 1.474 ms
[Architectury Transformer DEBUG] Transforming from com/magistuarmory/addon/config/ArmorConfig$GildedChainmailConfig.class to com/magistuarmory/addon/config/ArmorConfig$GildedChainmailConfig.class with 8 transformer(s) on dev.architectury.transformer.handler.TinyRemapperPreparedTransformerHandler
[Architectury Transformer DEBUG] Remapping with 1 mapping provider(s):
[Architectury Transformer DEBUG]  - dev.architectury.transformer.transformers.TransformForgeEnvironment$$Lambda$138/0x00007ff94408d838@b0e5507
[Architectury Transformer DEBUG] Remapping Classes:
[Architectury Transformer DEBUG] net/fabricmc/api/EnvType -> net/minecraftforge/api/distmarker/Dist
[Architectury Transformer DEBUG] net/fabricmc/api/Environment -> net/minecraftforge/api/distmarker/OnlyIn
[Architectury Transformer DEBUG] Found class transformer
[Architectury Transformer DEBUG] Writing com/magistuarmory/addon/config/ArmorConfig$GildedChainmailConfig with maxs=true frames=true
[Architectury Transformer DEBUG] Remapping refmap from intermediary to srg: epic-knights-addon-1.20.x-forge-forge-refmap.json
[Architectury Transformer DEBUG] Transformed com/magistuarmory/addon/config/ArmorConfig$GildedChainmailConfig in 1.486 ms
[Architectury Transformer DEBUG] Transforming from com/magistuarmory/addon/config/ArmorConfig$GildedCloseHelmetConfig.class to com/magistuarmory/addon/config/ArmorConfig$GildedCloseHelmetConfig.class with 8 transformer(s) on dev.architectury.transformer.handler.TinyRemapperPreparedTransformerHandler
[Architectury Transformer DEBUG] Remapping with 1 mapping provider(s):
[Architectury Transformer DEBUG]  - dev.architectury.transformer.transformers.TransformForgeEnvironment$$Lambda$138/0x00007ff94408d838@b0e5507
[Architectury Transformer DEBUG] Remapping Classes:
[Architectury Transformer DEBUG] net/fabricmc/api/EnvType -> net/minecraftforge/api/distmarker/Dist
[Architectury Transformer DEBUG] net/fabricmc/api/Environment -> net/minecraftforge/api/distmarker/OnlyIn
[Architectury Transformer DEBUG] Found class transformer
[Architectury Transformer DEBUG] Writing com/magistuarmory/addon/config/ArmorConfig$GildedCloseHelmetConfig with maxs=true frames=true
[Architectury Transformer DEBUG] Remapping refmap from intermediary to srg: epic-knights-addon-1.20.x-forge-forge-refmap.json
[Architectury Transformer DEBUG] Transformed com/magistuarmory/addon/config/ArmorConfig$GildedCloseHelmetConfig in 1.861 ms
[Architectury Transformer DEBUG] Transforming from com/magistuarmory/addon/config/ArmorConfig$GildedDarkbluedGreenwichArmetConfig.class to com/magistuarmory/addon/config/ArmorConfig$GildedDarkbluedGreenwichArmetConfig.class with 8 transformer(s) on dev.architectury.transformer.handler.TinyRemapperPreparedTransformerHandler
[Architectury Transformer DEBUG] Remapping with 1 mapping provider(s):
[Architectury Transformer DEBUG]  - dev.architectury.transformer.transformers.TransformForgeEnvironment$$Lambda$138/0x00007ff94408d838@b0e5507
[Architectury Transformer DEBUG] Remapping Classes:
[Architectury Transformer DEBUG] net/fabricmc/api/EnvType -> net/minecraftforge/api/distmarker/Dist
[Architectury Transformer DEBUG] net/fabricmc/api/Environment -> net/minecraftforge/api/distmarker/OnlyIn
[Architectury Transformer DEBUG] Found class transformer
[Architectury Transformer DEBUG] Writing com/magistuarmory/addon/config/ArmorConfig$GildedDarkbluedGreenwichArmetConfig with maxs=true frames=true
[Architectury Transformer DEBUG] Remapping refmap from intermediary to srg: epic-knights-addon-1.20.x-forge-forge-refmap.json
[Architectury Transformer DEBUG] Transformed com/magistuarmory/addon/config/ArmorConfig$GildedDarkbluedGreenwichArmetConfig in 2.353 ms
[Architectury Transformer DEBUG] Transforming from com/magistuarmory/addon/config/ArmorConfig$GildedDarkbluedGreenwichArmorConfig.class to com/magistuarmory/addon/config/ArmorConfig$GildedDarkbluedGreenwichArmorConfig.class with 8 transformer(s) on dev.architectury.transformer.handler.TinyRemapperPreparedTransformerHandler
[Architectury Transformer DEBUG] Remapping with 1 mapping provider(s):
[Architectury Transformer DEBUG]  - dev.architectury.transformer.transformers.TransformForgeEnvironment$$Lambda$138/0x00007ff94408d838@b0e5507
[Architectury Transformer DEBUG] Remapping Classes:
[Architectury Transformer DEBUG] net/fabricmc/api/EnvType -> net/minecraftforge/api/distmarker/Dist
[Architectury Transformer DEBUG] net/fabricmc/api/Environment -> net/minecraftforge/api/distmarker/OnlyIn
[Architectury Transformer DEBUG] Found class transformer
[Architectury Transformer DEBUG] Writing com/magistuarmory/addon/config/ArmorConfig$GildedDarkbluedGreenwichArmorConfig with maxs=true frames=true
[Architectury Transformer DEBUG] Remapping refmap from intermediary to srg: epic-knights-addon-1.20.x-forge-forge-refmap.json
[Architectury Transformer DEBUG] Transformed com/magistuarmory/addon/config/ArmorConfig$GildedDarkbluedGreenwichArmorConfig in 1.575 ms
[Architectury Transformer DEBUG] Transforming from com/magistuarmory/addon/config/ArmorConfig$GildedDarkCloseHelmetConfig.class to com/magistuarmory/addon/config/ArmorConfig$GildedDarkCloseHelmetConfig.class with 8 transformer(s) on dev.architectury.transformer.handler.TinyRemapperPreparedTransformerHandler
[Architectury Transformer DEBUG] Remapping with 1 mapping provider(s):
[Architectury Transformer DEBUG]  - dev.architectury.transformer.transformers.TransformForgeEnvironment$$Lambda$138/0x00007ff94408d838@b0e5507
[Architectury Transformer DEBUG] Remapping Classes:
[Architectury Transformer DEBUG] net/fabricmc/api/EnvType -> net/minecraftforge/api/distmarker/Dist
[Architectury Transformer DEBUG] net/fabricmc/api/Environment -> net/minecraftforge/api/distmarker/OnlyIn
[Architectury Transformer DEBUG] Found class transformer
[Architectury Transformer DEBUG] Writing com/magistuarmory/addon/config/ArmorConfig$GildedDarkCloseHelmetConfig with maxs=true frames=true
[Architectury Transformer DEBUG] Remapping refmap from intermediary to srg: epic-knights-addon-1.20.x-forge-forge-refmap.json
[Architectury Transformer DEBUG] Transformed com/magistuarmory/addon/config/ArmorConfig$GildedDarkCloseHelmetConfig in 1.434 ms
[Architectury Transformer DEBUG] Transforming from com/magistuarmory/addon/config/ArmorConfig$GildedFoxGrotesqueMaximilianHelmetConfig.class to com/magistuarmory/addon/config/ArmorConfig$GildedFoxGrotesqueMaximilianHelmetConfig.class with 8 transformer(s) on dev.architectury.transformer.handler.TinyRemapperPreparedTransformerHandler
[Architectury Transformer DEBUG] Remapping with 1 mapping provider(s):
[Architectury Transformer DEBUG]  - dev.architectury.transformer.transformers.TransformForgeEnvironment$$Lambda$138/0x00007ff94408d838@b0e5507
[Architectury Transformer DEBUG] Remapping Classes:
[Architectury Transformer DEBUG] net/fabricmc/api/EnvType -> net/minecraftforge/api/distmarker/Dist
[Architectury Transformer DEBUG] net/fabricmc/api/Environment -> net/minecraftforge/api/distmarker/OnlyIn
[Architectury Transformer DEBUG] Found class transformer
[Architectury Transformer DEBUG] Writing com/magistuarmory/addon/config/ArmorConfig$GildedFoxGrotesqueMaximilianHelmetConfig with maxs=true frames=true
[Architectury Transformer DEBUG] Remapping refmap from intermediary to srg: epic-knights-addon-1.20.x-forge-forge-refmap.json
[Architectury Transformer DEBUG] Transformed com/magistuarmory/addon/config/ArmorConfig$GildedFoxGrotesqueMaximilianHelmetConfig in 1.441 ms
[Architectury Transformer DEBUG] Transforming from com/magistuarmory/addon/config/ArmorConfig$GildedGrilledHelmetConfig.class to com/magistuarmory/addon/config/ArmorConfig$GildedGrilledHelmetConfig.class with 8 transformer(s) on dev.architectury.transformer.handler.TinyRemapperPreparedTransformerHandler
[Architectury Transformer DEBUG] Remapping with 1 mapping provider(s):
[Architectury Transformer DEBUG]  - dev.architectury.transformer.transformers.TransformForgeEnvironment$$Lambda$138/0x00007ff94408d838@b0e5507
[Architectury Transformer DEBUG] Remapping Classes:
[Architectury Transformer DEBUG] net/fabricmc/api/EnvType -> net/minecraftforge/api/distmarker/Dist
[Architectury Transformer DEBUG] net/fabricmc/api/Environment -> net/minecraftforge/api/distmarker/OnlyIn
[Architectury Transformer DEBUG] Found class transformer
[Architectury Transformer DEBUG] Writing com/magistuarmory/addon/config/ArmorConfig$GildedGrilledHelmetConfig with maxs=true frames=true
[Architectury Transformer DEBUG] Remapping refmap from intermediary to srg: epic-knights-addon-1.20.x-forge-forge-refmap.json
[Architectury Transformer DEBUG] Transformed com/magistuarmory/addon/config/ArmorConfig$GildedGrilledHelmetConfig in 1.845 ms
[Architectury Transformer DEBUG] Transforming from com/magistuarmory/addon/config/ArmorConfig$GrilledHelmetConfig.class to com/magistuarmory/addon/config/ArmorConfig$GrilledHelmetConfig.class with 8 transformer(s) on dev.architectury.transformer.handler.TinyRemapperPreparedTransformerHandler
[Architectury Transformer DEBUG] Remapping with 1 mapping provider(s):
[Architectury Transformer DEBUG]  - dev.architectury.transformer.transformers.TransformForgeEnvironment$$Lambda$138/0x00007ff94408d838@b0e5507
[Architectury Transformer DEBUG] Remapping Classes:
[Architectury Transformer DEBUG] net/fabricmc/api/EnvType -> net/minecraftforge/api/distmarker/Dist
[Architectury Transformer DEBUG] net/fabricmc/api/Environment -> net/minecraftforge/api/distmarker/OnlyIn
[Architectury Transformer DEBUG] Found class transformer
[Architectury Transformer DEBUG] Writing com/magistuarmory/addon/config/ArmorConfig$GrilledHelmetConfig with maxs=true frames=true
[Architectury Transformer DEBUG] Remapping refmap from intermediary to srg: epic-knights-addon-1.20.x-forge-forge-refmap.json
[Architectury Transformer DEBUG] Transformed com/magistuarmory/addon/config/ArmorConfig$GrilledHelmetConfig in 1.655 ms
[Architectury Transformer DEBUG] Transforming from com/magistuarmory/addon/config/ArmorConfig$LionHelmetConfig.class to com/magistuarmory/addon/config/ArmorConfig$LionHelmetConfig.class with 8 transformer(s) on dev.architectury.transformer.handler.TinyRemapperPreparedTransformerHandler
[Architectury Transformer DEBUG] Remapping with 1 mapping provider(s):
[Architectury Transformer DEBUG]  - dev.architectury.transformer.transformers.TransformForgeEnvironment$$Lambda$138/0x00007ff94408d838@b0e5507
[Architectury Transformer DEBUG] Remapping Classes:
[Architectury Transformer DEBUG] net/fabricmc/api/EnvType -> net/minecraftforge/api/distmarker/Dist
[Architectury Transformer DEBUG] net/fabricmc/api/Environment -> net/minecraftforge/api/distmarker/OnlyIn
[Architectury Transformer DEBUG] Found class transformer
[Architectury Transformer DEBUG] Writing com/magistuarmory/addon/config/ArmorConfig$LionHelmetConfig with maxs=true frames=true
[Architectury Transformer DEBUG] Remapping refmap from intermediary to srg: epic-knights-addon-1.20.x-forge-forge-refmap.json
[Architectury Transformer DEBUG] Transformed com/magistuarmory/addon/config/ArmorConfig$LionHelmetConfig in 1.530 ms
[Architectury Transformer DEBUG] Transforming from com/magistuarmory/addon/config/ArmorConfig$MamlukHelmetConfig.class to com/magistuarmory/addon/config/ArmorConfig$MamlukHelmetConfig.class with 8 transformer(s) on dev.architectury.transformer.handler.TinyRemapperPreparedTransformerHandler
[Architectury Transformer DEBUG] Remapping with 1 mapping provider(s):
[Architectury Transformer DEBUG]  - dev.architectury.transformer.transformers.TransformForgeEnvironment$$Lambda$138/0x00007ff94408d838@b0e5507
[Architectury Transformer DEBUG] Remapping Classes:
[Architectury Transformer DEBUG] net/fabricmc/api/EnvType -> net/minecraftforge/api/distmarker/Dist
[Architectury Transformer DEBUG] net/fabricmc/api/Environment -> net/minecraftforge/api/distmarker/OnlyIn
[Architectury Transformer DEBUG] Found class transformer
[Architectury Transformer DEBUG] Writing com/magistuarmory/addon/config/ArmorConfig$MamlukHelmetConfig with maxs=true frames=true
[Architectury Transformer DEBUG] Remapping refmap from intermediary to srg: epic-knights-addon-1.20.x-forge-forge-refmap.json
[Architectury Transformer DEBUG] Transformed com/magistuarmory/addon/config/ArmorConfig$MamlukHelmetConfig in 1.641 ms
[Architectury Transformer DEBUG] Transforming from com/magistuarmory/addon/config/ArmorConfig$MaximilianBurgonetConfig.class to com/magistuarmory/addon/config/ArmorConfig$MaximilianBurgonetConfig.class with 8 transformer(s) on dev.architectury.transformer.handler.TinyRemapperPreparedTransformerHandler
[Architectury Transformer DEBUG] Remapping with 1 mapping provider(s):
[Architectury Transformer DEBUG]  - dev.architectury.transformer.transformers.TransformForgeEnvironment$$Lambda$138/0x00007ff94408d838@b0e5507
[Architectury Transformer DEBUG] Remapping Classes:
[Architectury Transformer DEBUG] net/fabricmc/api/EnvType -> net/minecraftforge/api/distmarker/Dist
[Architectury Transformer DEBUG] net/fabricmc/api/Environment -> net/minecraftforge/api/distmarker/OnlyIn
[Architectury Transformer DEBUG] Found class transformer
[Architectury Transformer DEBUG] Writing com/magistuarmory/addon/config/ArmorConfig$MaximilianBurgonetConfig with maxs=true frames=true
[Architectury Transformer DEBUG] Remapping refmap from intermediary to srg: epic-knights-addon-1.20.x-forge-forge-refmap.json
[Architectury Transformer DEBUG] Transformed com/magistuarmory/addon/config/ArmorConfig$MaximilianBurgonetConfig in 1.650 ms
[Architectury Transformer DEBUG] Transforming from com/magistuarmory/addon/config/ArmorConfig$OpenedSalletConfig.class to com/magistuarmory/addon/config/ArmorConfig$OpenedSalletConfig.class with 8 transformer(s) on dev.architectury.transformer.handler.TinyRemapperPreparedTransformerHandler
[Architectury Transformer DEBUG] Remapping with 1 mapping provider(s):
[Architectury Transformer DEBUG]  - dev.architectury.transformer.transformers.TransformForgeEnvironment$$Lambda$138/0x00007ff94408d838@b0e5507
[Architectury Transformer DEBUG] Remapping Classes:
[Architectury Transformer DEBUG] net/fabricmc/api/EnvType -> net/minecraftforge/api/distmarker/Dist
[Architectury Transformer DEBUG] net/fabricmc/api/Environment -> net/minecraftforge/api/distmarker/OnlyIn
[Architectury Transformer DEBUG] Found class transformer
[Architectury Transformer DEBUG] Writing com/magistuarmory/addon/config/ArmorConfig$OpenedSalletConfig with maxs=true frames=true
[Architectury Transformer DEBUG] Remapping refmap from intermediary to srg: epic-knights-addon-1.20.x-forge-forge-refmap.json
[Architectury Transformer DEBUG] Transformed com/magistuarmory/addon/config/ArmorConfig$OpenedSalletConfig in 1.522 ms
[Architectury Transformer DEBUG] Transforming from com/magistuarmory/addon/config/ArmorConfig$SplintConfig.class to com/magistuarmory/addon/config/ArmorConfig$SplintConfig.class with 8 transformer(s) on dev.architectury.transformer.handler.TinyRemapperPreparedTransformerHandler
[Architectury Transformer DEBUG] Remapping with 1 mapping provider(s):
[Architectury Transformer DEBUG]  - dev.architectury.transformer.transformers.TransformForgeEnvironment$$Lambda$138/0x00007ff94408d838@b0e5507
[Architectury Transformer DEBUG] Remapping Classes:
[Architectury Transformer DEBUG] net/fabricmc/api/EnvType -> net/minecraftforge/api/distmarker/Dist
[Architectury Transformer DEBUG] net/fabricmc/api/Environment -> net/minecraftforge/api/distmarker/OnlyIn
[Architectury Transformer DEBUG] Found class transformer
[Architectury Transformer DEBUG] Writing com/magistuarmory/addon/config/ArmorConfig$SplintConfig with maxs=true frames=true
[Architectury Transformer DEBUG] Remapping refmap from intermediary to srg: epic-knights-addon-1.20.x-forge-forge-refmap.json
[Architectury Transformer DEBUG] Transformed com/magistuarmory/addon/config/ArmorConfig$SplintConfig in 1.536 ms
[Architectury Transformer DEBUG] Transforming from com/magistuarmory/addon/config/ArmorConfig$TiltedPuffAndSlashHatConfig.class to com/magistuarmory/addon/config/ArmorConfig$TiltedPuffAndSlashHatConfig.class with 8 transformer(s) on dev.architectury.transformer.handler.TinyRemapperPreparedTransformerHandler
[Architectury Transformer DEBUG] Remapping with 1 mapping provider(s):
[Architectury Transformer DEBUG]  - dev.architectury.transformer.transformers.TransformForgeEnvironment$$Lambda$138/0x00007ff94408d838@b0e5507
[Architectury Transformer DEBUG] Remapping Classes:
[Architectury Transformer DEBUG] net/fabricmc/api/EnvType -> net/minecraftforge/api/distmarker/Dist
[Architectury Transformer DEBUG] net/fabricmc/api/Environment -> net/minecraftforge/api/distmarker/OnlyIn
[Architectury Transformer DEBUG] Found class transformer
[Architectury Transformer DEBUG] Writing com/magistuarmory/addon/config/ArmorConfig$TiltedPuffAndSlashHatConfig with maxs=true frames=true
[Architectury Transformer DEBUG] Remapping refmap from intermediary to srg: epic-knights-addon-1.20.x-forge-forge-refmap.json
[Architectury Transformer DEBUG] Transformed com/magistuarmory/addon/config/ArmorConfig$TiltedPuffAndSlashHatConfig in 1.431 ms
[Architectury Transformer DEBUG] Transforming from com/magistuarmory/addon/config/ArmorConfig$AllaTedescaConfig.class to com/magistuarmory/addon/config/ArmorConfig$AllaTedescaConfig.class with 8 transformer(s) on dev.architectury.transformer.handler.TinyRemapperPreparedTransformerHandler
[Architectury Transformer DEBUG] Remapping with 1 mapping provider(s):
[Architectury Transformer DEBUG]  - dev.architectury.transformer.transformers.TransformForgeEnvironment$$Lambda$138/0x00007ff94408d838@b0e5507
[Architectury Transformer DEBUG] Remapping Classes:
[Architectury Transformer DEBUG] net/fabricmc/api/EnvType -> net/minecraftforge/api/distmarker/Dist
[Architectury Transformer DEBUG] net/fabricmc/api/Environment -> net/minecraftforge/api/distmarker/OnlyIn
[Architectury Transformer DEBUG] Found class transformer
[Architectury Transformer DEBUG] Writing com/magistuarmory/addon/config/ArmorConfig$AllaTedescaConfig with maxs=true frames=true
[Architectury Transformer DEBUG] Remapping refmap from intermediary to srg: epic-knights-addon-1.20.x-forge-forge-refmap.json
[Architectury Transformer DEBUG] Transformed com/magistuarmory/addon/config/ArmorConfig$AllaTedescaConfig in 1.349 ms
[Architectury Transformer DEBUG] Transforming from com/magistuarmory/addon/config/ArmorConfig$PeascodConfig.class to com/magistuarmory/addon/config/ArmorConfig$PeascodConfig.class with 8 transformer(s) on dev.architectury.transformer.handler.TinyRemapperPreparedTransformerHandler
[Architectury Transformer DEBUG] Remapping with 1 mapping provider(s):
[Architectury Transformer DEBUG]  - dev.architectury.transformer.transformers.TransformForgeEnvironment$$Lambda$138/0x00007ff94408d838@b0e5507
[Architectury Transformer DEBUG] Remapping Classes:
[Architectury Transformer DEBUG] net/fabricmc/api/EnvType -> net/minecraftforge/api/distmarker/Dist
[Architectury Transformer DEBUG] net/fabricmc/api/Environment -> net/minecraftforge/api/distmarker/OnlyIn
[Architectury Transformer DEBUG] Found class transformer
[Architectury Transformer DEBUG] Writing com/magistuarmory/addon/config/ArmorConfig$PeascodConfig with maxs=true frames=true
[Architectury Transformer DEBUG] Remapping refmap from intermediary to srg: epic-knights-addon-1.20.x-forge-forge-refmap.json
[Architectury Transformer DEBUG] Transformed com/magistuarmory/addon/config/ArmorConfig$PeascodConfig in 1.426 ms
[Architectury Transformer DEBUG] Transforming from com/magistuarmory/addon/config/ArmorConfig$GildedPeascodConfig.class to com/magistuarmory/addon/config/ArmorConfig$GildedPeascodConfig.class with 8 transformer(s) on dev.architectury.transformer.handler.TinyRemapperPreparedTransformerHandler
[Architectury Transformer DEBUG] Remapping with 1 mapping provider(s):
[Architectury Transformer DEBUG]  - dev.architectury.transformer.transformers.TransformForgeEnvironment$$Lambda$138/0x00007ff94408d838@b0e5507
[Architectury Transformer DEBUG] Remapping Classes:
[Architectury Transformer DEBUG] net/fabricmc/api/EnvType -> net/minecraftforge/api/distmarker/Dist
[Architectury Transformer DEBUG] net/fabricmc/api/Environment -> net/minecraftforge/api/distmarker/OnlyIn
[Architectury Transformer DEBUG] Found class transformer
[Architectury Transformer DEBUG] Writing com/magistuarmory/addon/config/ArmorConfig$GildedPeascodConfig with maxs=true frames=true
[Architectury Transformer DEBUG] Remapping refmap from intermediary to srg: epic-knights-addon-1.20.x-forge-forge-refmap.json
[Architectury Transformer DEBUG] Transformed com/magistuarmory/addon/config/ArmorConfig$GildedPeascodConfig in 1.410 ms
[Architectury Transformer DEBUG] Transforming from com/magistuarmory/addon/config/ArmorConfig$DarkPeascodConfig.class to com/magistuarmory/addon/config/ArmorConfig$DarkPeascodConfig.class with 8 transformer(s) on dev.architectury.transformer.handler.TinyRemapperPreparedTransformerHandler
[Architectury Transformer DEBUG] Remapping with 1 mapping provider(s):
[Architectury Transformer DEBUG]  - dev.architectury.transformer.transformers.TransformForgeEnvironment$$Lambda$138/0x00007ff94408d838@b0e5507
[Architectury Transformer DEBUG] Remapping Classes:
[Architectury Transformer DEBUG] net/fabricmc/api/EnvType -> net/minecraftforge/api/distmarker/Dist
[Architectury Transformer DEBUG] net/fabricmc/api/Environment -> net/minecraftforge/api/distmarker/OnlyIn
[Architectury Transformer DEBUG] Found class transformer
[Architectury Transformer DEBUG] Writing com/magistuarmory/addon/config/ArmorConfig$DarkPeascodConfig with maxs=true frames=true
[Architectury Transformer DEBUG] Remapping refmap from intermediary to srg: epic-knights-addon-1.20.x-forge-forge-refmap.json
[Architectury Transformer DEBUG] Transformed com/magistuarmory/addon/config/ArmorConfig$DarkPeascodConfig in 1.687 ms
[Architectury Transformer DEBUG] Transforming from com/magistuarmory/addon/config/ArmorConfig$GildedDarkPeascodConfig.class to com/magistuarmory/addon/config/ArmorConfig$GildedDarkPeascodConfig.class with 8 transformer(s) on dev.architectury.transformer.handler.TinyRemapperPreparedTransformerHandler
[Architectury Transformer DEBUG] Remapping with 1 mapping provider(s):
[Architectury Transformer DEBUG]  - dev.architectury.transformer.transformers.TransformForgeEnvironment$$Lambda$138/0x00007ff94408d838@b0e5507
[Architectury Transformer DEBUG] Remapping Classes:
[Architectury Transformer DEBUG] net/fabricmc/api/EnvType -> net/minecraftforge/api/distmarker/Dist
[Architectury Transformer DEBUG] net/fabricmc/api/Environment -> net/minecraftforge/api/distmarker/OnlyIn
[Architectury Transformer DEBUG] Found class transformer
[Architectury Transformer DEBUG] Writing com/magistuarmory/addon/config/ArmorConfig$GildedDarkPeascodConfig with maxs=true frames=true
[Architectury Transformer DEBUG] Remapping refmap from intermediary to srg: epic-knights-addon-1.20.x-forge-forge-refmap.json
[Architectury Transformer DEBUG] Transformed com/magistuarmory/addon/config/ArmorConfig$GildedDarkPeascodConfig in 1.853 ms
[Architectury Transformer DEBUG] Transforming from com/magistuarmory/addon/config/ArmorConfig$TwoEyeSlitsSalletConfig.class to com/magistuarmory/addon/config/ArmorConfig$TwoEyeSlitsSalletConfig.class with 8 transformer(s) on dev.architectury.transformer.handler.TinyRemapperPreparedTransformerHandler
[Architectury Transformer DEBUG] Remapping with 1 mapping provider(s):
[Architectury Transformer DEBUG]  - dev.architectury.transformer.transformers.TransformForgeEnvironment$$Lambda$138/0x00007ff94408d838@b0e5507
[Architectury Transformer DEBUG] Remapping Classes:
[Architectury Transformer DEBUG] net/fabricmc/api/EnvType -> net/minecraftforge/api/distmarker/Dist
[Architectury Transformer DEBUG] net/fabricmc/api/Environment -> net/minecraftforge/api/distmarker/OnlyIn
[Architectury Transformer DEBUG] Found class transformer
[Architectury Transformer DEBUG] Writing com/magistuarmory/addon/config/ArmorConfig$TwoEyeSlitsSalletConfig with maxs=true frames=true
[Architectury Transformer DEBUG] Remapping refmap from intermediary to srg: epic-knights-addon-1.20.x-forge-forge-refmap.json
[Architectury Transformer DEBUG] Transformed com/magistuarmory/addon/config/ArmorConfig$TwoEyeSlitsSalletConfig in 1.610 ms
[Architectury Transformer DEBUG] Transforming from com/magistuarmory/addon/config/ArmorConfig$SalletWithoutVisorConfig.class to com/magistuarmory/addon/config/ArmorConfig$SalletWithoutVisorConfig.class with 8 transformer(s) on dev.architectury.transformer.handler.TinyRemapperPreparedTransformerHandler
[Architectury Transformer DEBUG] Remapping with 1 mapping provider(s):
[Architectury Transformer DEBUG]  - dev.architectury.transformer.transformers.TransformForgeEnvironment$$Lambda$138/0x00007ff94408d838@b0e5507
[Architectury Transformer DEBUG] Remapping Classes:
[Architectury Transformer DEBUG] net/fabricmc/api/EnvType -> net/minecraftforge/api/distmarker/Dist
[Architectury Transformer DEBUG] net/fabricmc/api/Environment -> net/minecraftforge/api/distmarker/OnlyIn
[Architectury Transformer DEBUG] Found class transformer
[Architectury Transformer DEBUG] Writing com/magistuarmory/addon/config/ArmorConfig$SalletWithoutVisorConfig with maxs=true frames=true
[Architectury Transformer DEBUG] Remapping refmap from intermediary to srg: epic-knights-addon-1.20.x-forge-forge-refmap.json
[Architectury Transformer DEBUG] Transformed com/magistuarmory/addon/config/ArmorConfig$SalletWithoutVisorConfig in 1.503 ms
[Architectury Transformer DEBUG] Transforming from com/magistuarmory/addon/config/ArmorConfig$GermanBascinetConfig.class to com/magistuarmory/addon/config/ArmorConfig$GermanBascinetConfig.class with 8 transformer(s) on dev.architectury.transformer.handler.TinyRemapperPreparedTransformerHandler
[Architectury Transformer DEBUG] Remapping with 1 mapping provider(s):
[Architectury Transformer DEBUG]  - dev.architectury.transformer.transformers.TransformForgeEnvironment$$Lambda$138/0x00007ff94408d838@b0e5507
[Architectury Transformer DEBUG] Remapping Classes:
[Architectury Transformer DEBUG] net/fabricmc/api/EnvType -> net/minecraftforge/api/distmarker/Dist
[Architectury Transformer DEBUG] net/fabricmc/api/Environment -> net/minecraftforge/api/distmarker/OnlyIn
[Architectury Transformer DEBUG] Found class transformer
[Architectury Transformer DEBUG] Writing com/magistuarmory/addon/config/ArmorConfig$GermanBascinetConfig with maxs=true frames=true
[Architectury Transformer DEBUG] Remapping refmap from intermediary to srg: epic-knights-addon-1.20.x-forge-forge-refmap.json
[Architectury Transformer DEBUG] Transformed com/magistuarmory/addon/config/ArmorConfig$GermanBascinetConfig in 1.587 ms
[Architectury Transformer DEBUG] Transforming from com/magistuarmory/addon/config/ArmorConfig$LightCumanHelmetConfig.class to com/magistuarmory/addon/config/ArmorConfig$LightCumanHelmetConfig.class with 8 transformer(s) on dev.architectury.transformer.handler.TinyRemapperPreparedTransformerHandler
[Architectury Transformer DEBUG] Remapping with 1 mapping provider(s):
[Architectury Transformer DEBUG]  - dev.architectury.transformer.transformers.TransformForgeEnvironment$$Lambda$138/0x00007ff94408d838@b0e5507
[Architectury Transformer DEBUG] Remapping Classes:
[Architectury Transformer DEBUG] net/fabricmc/api/EnvType -> net/minecraftforge/api/distmarker/Dist
[Architectury Transformer DEBUG] net/fabricmc/api/Environment -> net/minecraftforge/api/distmarker/OnlyIn
[Architectury Transformer DEBUG] Found class transformer
[Architectury Transformer DEBUG] Writing com/magistuarmory/addon/config/ArmorConfig$LightCumanHelmetConfig with maxs=true frames=true
[Architectury Transformer DEBUG] Remapping refmap from intermediary to srg: epic-knights-addon-1.20.x-forge-forge-refmap.json
[Architectury Transformer DEBUG] Transformed com/magistuarmory/addon/config/ArmorConfig$LightCumanHelmetConfig in 2.107 ms
[Architectury Transformer DEBUG] Transforming from com/magistuarmory/addon/config/ArmorConfig$GildedGreathelmConfig.class to com/magistuarmory/addon/config/ArmorConfig$GildedGreathelmConfig.class with 8 transformer(s) on dev.architectury.transformer.handler.TinyRemapperPreparedTransformerHandler
[Architectury Transformer DEBUG] Remapping with 1 mapping provider(s):
[Architectury Transformer DEBUG]  - dev.architectury.transformer.transformers.TransformForgeEnvironment$$Lambda$138/0x00007ff94408d838@b0e5507
[Architectury Transformer DEBUG] Remapping Classes:
[Architectury Transformer DEBUG] net/fabricmc/api/EnvType -> net/minecraftforge/api/distmarker/Dist
[Architectury Transformer DEBUG] net/fabricmc/api/Environment -> net/minecraftforge/api/distmarker/OnlyIn
[Architectury Transformer DEBUG] Found class transformer
[Architectury Transformer DEBUG] Writing com/magistuarmory/addon/config/ArmorConfig$GildedGreathelmConfig with maxs=true frames=true
[Architectury Transformer DEBUG] Remapping refmap from intermediary to srg: epic-knights-addon-1.20.x-forge-forge-refmap.json
[Architectury Transformer DEBUG] Transformed com/magistuarmory/addon/config/ArmorConfig$GildedGreathelmConfig in 1.726 ms
[Architectury Transformer DEBUG] Transforming from com/magistuarmory/addon/config/ArmorConfig$DarkBellowsMaximilianHelmetConfig.class to com/magistuarmory/addon/config/ArmorConfig$DarkBellowsMaximilianHelmetConfig.class with 8 transformer(s) on dev.architectury.transformer.handler.TinyRemapperPreparedTransformerHandler
[Architectury Transformer DEBUG] Remapping with 1 mapping provider(s):
[Architectury Transformer DEBUG]  - dev.architectury.transformer.transformers.TransformForgeEnvironment$$Lambda$138/0x00007ff94408d838@b0e5507
[Architectury Transformer DEBUG] Remapping Classes:
[Architectury Transformer DEBUG] net/fabricmc/api/EnvType -> net/minecraftforge/api/distmarker/Dist
[Architectury Transformer DEBUG] net/fabricmc/api/Environment -> net/minecraftforge/api/distmarker/OnlyIn
[Architectury Transformer DEBUG] Found class transformer
[Architectury Transformer DEBUG] Writing com/magistuarmory/addon/config/ArmorConfig$DarkBellowsMaximilianHelmetConfig with maxs=true frames=true
[Architectury Transformer DEBUG] Remapping refmap from intermediary to srg: epic-knights-addon-1.20.x-forge-forge-refmap.json
[Architectury Transformer DEBUG] Transformed com/magistuarmory/addon/config/ArmorConfig$DarkBellowsMaximilianHelmetConfig in 2.172 ms
